Date Time,Month,Day,Day of Week,Hour,Minute,Site Outdoor Air Drybulb Temperature,Site Outdoor Air Relative Humidity,HeatingElectricity,HeatingGas,CoolingElectricity,ElectricityFacility,GasFacility,HeatingTotal
01/01/2006 01:00,1,1,0,1,0,2.275,74.6667,0,1.6592e+08,0,9.69795e+07,1.6592e+08,165920000.0
01/01/2006 02:00,1,1,0,2,0,1.49167,65.0833,0,1.58243e+08,0,9.47376e+07,1.58243e+08,158243000.0
01/01/2006 03:00,1,1,0,3,0,0.85,65.3333,0,1.95206e+08,0,9.88396e+07,1.96746e+08,195206000.0
01/01/2006 04:00,1,1,0,4,0,0.425,67,0,1.6838e+08,0,9.47704e+07,1.6838e+08,168380000.0
01/01/2006 05:00,1,1,0,5,0,0.0666667,65.25,0,2.08817e+08,0,9.89163e+07,2.20063e+08,208817000.0
01/01/2006 06:00,1,1,0,6,0,-0.158333,64.5833,0,1.65792e+08,0,9.65857e+07,1.73193e+08,165792000.0
01/01/2006 07:00,1,1,0,7,0,-0.2,63.8333,0,1.62831e+08,0,1.18367e+08,1.72207e+08,162831000.0
01/01/2006 08:00,1,1,0,8,0,-0.141667,64.1667,0,1.36663e+08,0,9.5152e+07,1.44268e+08,136663000.0
01/01/2006 09:00,1,1,0,9,0,-0.0416667,66.1667,0,1.84707e+08,0,7.99082e+07,1.94256e+08,184707000.0
01/01/2006 10:00,1,1,0,10,0,0,68.75,0,1.01197e+08,0,7.43426e+07,1.08842e+08,101197000.0
01/01/2006 11:00,1,1,0,11,0,0.175,71.75,0,1.28169e+08,0,7.80531e+07,1.37786e+08,128169000.0
01/01/2006 12:00,1,1,0,12,0,0.3,71.25,0,1.12999e+08,0,7.37653e+07,1.22757e+08,112999000.0
01/01/2006 13:00,1,1,0,13,0,0.125,71.75,0,1.37644e+08,0,7.77447e+07,1.47535e+08,137644000.0
01/01/2006 14:00,1,1,0,14,0,0,72.4167,0,1.07592e+08,0,7.37823e+07,1.17692e+08,107592000.0
01/01/2006 15:00,1,1,0,15,0,0.0583333,73.75,0,1.39473e+08,0,7.82676e+07,1.49261e+08,139473000.0
01/01/2006 16:00,1,1,0,16,0,0.216667,76.1667,0,1.0638e+08,0,7.50372e+07,1.14038e+08,106380000.0
01/01/2006 17:00,1,1,0,17,0,0.358333,78.1667,0,1.27947e+08,0,8.6309e+07,1.37466e+08,127947000.0
01/01/2006 18:00,1,1,0,18,0,0.575,80.1667,0,1.15608e+08,157025,1.18966e+08,1.23115e+08,115608000.0
01/01/2006 19:00,1,1,0,19,0,0.933333,82.75,0,1.87607e+08,0,1.12273e+08,1.94982e+08,187607000.0
01/01/2006 20:00,1,1,0,20,0,1.275,84,0,1.45299e+08,0,1.08267e+08,1.48666e+08,145299000.0
01/01/2006 21:00,1,1,0,21,0,1.63333,85.1667,0,1.73317e+08,0,1.12548e+08,1.73317e+08,173317000.0
01/01/2006 22:00,1,1,0,22,0,1.975,85.4167,0,1.3255e+08,0,1.08231e+08,1.3255e+08,132550000.0
01/01/2006 23:00,1,1,0,23,0,2.21667,85,0,1.8317e+08,0,1.12643e+08,1.8471e+08,183170000.0
01/02/2006 00:00,1,2,1,0,0,2.59167,84.4167,0,1.3857e+08,0,1.08285e+08,1.3857e+08,138570000.0
01/02/2006 01:00,1,2,1,1,0,2.85833,84,0,1.25125e+09,205454,1.90911e+08,1.26859e+09,1251250000.0
01/02/2006 02:00,1,2,1,2,0,2.95833,85.75,0,6.27324e+08,0,1.58852e+08,6.37843e+08,627324000.0
01/02/2006 03:00,1,2,1,3,0,3.175,82.9167,0,1.39154e+07,0,1.07788e+08,1.5811e+07,13915400.0
01/02/2006 04:00,1,2,1,4,0,3.475,78.25,0,8.37409e+08,169021,1.33032e+08,8.4509e+08,837409000.0
01/02/2006 05:00,1,2,1,5,0,3.83333,79.3333,0,8.05596e+08,0,1.40704e+08,8.14365e+08,805596000.0
01/02/2006 06:00,1,2,1,6,0,3.70833,82.1667,0,4.80009e+07,0,2.31802e+08,6.28949e+07,48000900.0
01/02/2006 07:00,1,2,1,7,0,3.61667,82.4167,0,4.99498e+08,413157,4.05305e+08,5.1972e+08,499498000.0
01/02/2006 08:00,1,2,1,8,0,3.875,80.8333,0,2.64133e+08,1.83325e+06,4.49294e+08,2.87343e+08,264133000.0
01/02/2006 09:00,1,2,1,9,0,4.58333,77.0833,0,1.7989e+08,5.83785e+06,4.43624e+08,2.03675e+08,179890000.0
01/02/2006 10:00,1,2,1,10,0,5.23333,72.6667,0,1.34195e+08,6.9463e+06,4.21594e+08,1.58619e+08,134195000.0
01/02/2006 11:00,1,2,1,11,0,5.98333,66.9167,0,7.44926e+07,7.98792e+06,4.08392e+08,1.00896e+08,74492600.0
01/02/2006 12:00,1,2,1,12,0,7.15833,62.8333,0,2.72061e+07,8.84568e+06,4.02263e+08,5.40724e+07,27206100.0
01/02/2006 13:00,1,2,1,13,0,8.51667,69,0,2.11693e+07,9.68474e+06,4.14269e+08,5.00433e+07,21169300.0
01/02/2006 14:00,1,2,1,14,0,9.33333,79.25,0,3.8787e+07,6.42201e+06,3.89486e+08,6.90832e+07,38787000.0
01/02/2006 15:00,1,2,1,15,0,10.4333,78.3333,0,8.49065e+06,9.98951e+06,4.06168e+08,3.78581e+07,8490650.0
01/02/2006 16:00,1,2,1,16,0,11.3917,73.8333,0,4.42566e+06,1.11373e+07,4.24141e+08,2.72666e+07,4425660.0
01/02/2006 17:00,1,2,1,17,0,10.6667,78.25,0,4.28006e+06,1.13563e+07,4.50002e+08,2.59709e+07,4280060.0
01/02/2006 18:00,1,2,1,18,0,10.0583,82,0,4.00243e+06,1.15246e+07,4.84662e+08,2.69183e+07,4002430.0
01/02/2006 19:00,1,2,1,19,0,10.625,80.25,0,1.52928e+06,1.19122e+07,4.87903e+08,2.60724e+07,1529280.0
01/02/2006 20:00,1,2,1,20,0,10.3583,83.6667,0,250973,1.21583e+07,4.91381e+08,2.67345e+07,250973.0
01/02/2006 21:00,1,2,1,21,0,9.84167,88.1667,0,1.08277e+07,9.40474e+06,4.2543e+08,3.43347e+07,10827700.0
01/02/2006 22:00,1,2,1,22,0,9.45,91.3333,0,6.23713e+07,2.02825e+06,2.66749e+08,7.9557e+07,62371300.0
01/02/2006 23:00,1,2,1,23,0,9.14167,93.5833,0,1.15437e+08,2.18065e+06,2.07979e+08,1.30955e+08,115437000.0
01/03/2006 00:00,1,3,2,0,0,9.33333,93.4167,0,1.62575e+08,0,1.92802e+08,1.7611e+08,162575000.0
01/03/2006 01:00,1,3,2,1,0,10.4333,91.25,0,1.63465e+08,0,1.6117e+08,1.76666e+08,163465000.0
01/03/2006 02:00,1,3,2,2,0,11.3333,89.4167,0,1.34172e+08,0,1.49585e+08,1.44151e+08,134172000.0
01/03/2006 03:00,1,3,2,3,0,11.5,89.5833,0,0,0,9.9572e+07,3.81958e+06,0.0
01/03/2006 04:00,1,3,2,4,0,10.625,91.75,0,1.8484e+08,0,1.08554e+08,1.90518e+08,184840000.0
01/03/2006 05:00,1,3,2,5,0,9.76667,94.75,0,2.30496e+08,0,1.33863e+08,2.40297e+08,230496000.0
01/03/2006 06:00,1,3,2,6,0,9.54167,95.4167,0,0,0,2.15764e+08,1.37276e+07,0.0
01/03/2006 07:00,1,3,2,7,0,10.025,95,0,7.26511e+07,6.14185e+06,4.06429e+08,9.32629e+07,72651100.0
01/03/2006 08:00,1,3,2,8,0,10.6917,93.8333,0,7.33304e+06,1.10628e+07,4.63009e+08,3.08928e+07,7333040.0
01/03/2006 09:00,1,3,2,9,0,11.3083,91.25,0,492539,1.18125e+07,4.32478e+08,2.49642e+07,492539.0
01/03/2006 10:00,1,3,2,10,0,11.075,91.75,0,0,1.21245e+07,4.21662e+08,2.53695e+07,0.0
01/03/2006 11:00,1,3,2,11,0,11.1083,91.25,0,0,1.24258e+07,4.18682e+08,2.50897e+07,0.0
01/03/2006 12:00,1,3,2,12,0,11.5167,89.4167,0,0,1.27858e+07,4.16224e+08,2.69728e+07,0.0
01/03/2006 13:00,1,3,2,13,0,11.95,87.8333,0,0,1.25515e+07,4.14857e+08,2.7688e+07,0.0
01/03/2006 14:00,1,3,2,14,0,13.25,84.0833,0,0,1.01101e+07,4.06276e+08,3.23496e+07,0.0
01/03/2006 15:00,1,3,2,15,0,14.1167,81.4167,0,0,1.50547e+07,4.54021e+08,2.94819e+07,0.0
01/03/2006 16:00,1,3,2,16,0,15.4833,77.5,0,0,2.23797e+07,4.82186e+08,2.25887e+07,0.0
01/03/2006 17:00,1,3,2,17,0,17.45,69.1667,0,0,7.00395e+07,5.57743e+08,2.1775e+07,0.0
01/03/2006 18:00,1,3,2,18,0,18.025,66.1667,0,0,8.82742e+07,6.12933e+08,2.28214e+07,0.0
01/03/2006 19:00,1,3,2,19,0,16.6167,72.25,0,0,5.76432e+07,5.83706e+08,2.39035e+07,0.0
01/03/2006 20:00,1,3,2,20,0,15.4083,76.5833,0,0,2.98791e+07,5.57916e+08,2.56597e+07,0.0
01/03/2006 21:00,1,3,2,21,0,14.2667,79.9167,0,0,1.39866e+07,4.61708e+08,2.41766e+07,0.0
01/03/2006 22:00,1,3,2,22,0,13.8917,82,0,247041,4.80694e+06,2.8464e+08,1.85113e+07,247041.0
01/03/2006 23:00,1,3,2,23,0,13.8083,83.75,0,4.0108e+06,3.49448e+06,2.11227e+08,1.82783e+07,4010800.0
01/04/2006 00:00,1,4,3,0,0,14.475,82.0833,0,8.39429e+06,2.2288e+06,1.9657e+08,2.21386e+07,8394290.0
01/04/2006 01:00,1,4,3,1,0,12.9417,85.8333,0,1.18997e+07,1.26978e+06,1.61471e+08,2.49595e+07,11899700.0
01/04/2006 02:00,1,4,3,2,0,11.6333,91.75,0,1.23916e+07,0,1.41323e+08,2.24007e+07,12391600.0
01/04/2006 03:00,1,4,3,3,0,10.8083,95.3333,0,0,0,1.09725e+08,3.83132e+06,0.0
01/04/2006 04:00,1,4,3,4,0,10.6833,95.8333,0,4.78901e+07,0,1.12868e+08,5.38543e+07,47890100.0
01/04/2006 05:00,1,4,3,5,0,11.2167,95,0,4.42207e+07,0,1.27235e+08,5.40364e+07,44220700.0
01/04/2006 06:00,1,4,3,6,0,11.1833,94.4167,0,0,0,2.15764e+08,1.37267e+07,0.0
01/04/2006 07:00,1,4,3,7,0,11.45,94.5833,0,1.5895e+07,7.34268e+06,4.10817e+08,3.64263e+07,15895000.0
01/04/2006 08:00,1,4,3,8,0,11.8167,94.4167,0,0,1.17771e+07,4.69552e+08,2.35398e+07,0.0
01/04/2006 09:00,1,4,3,9,0,11.2583,94.5833,0,0,1.23628e+07,4.42981e+08,2.44898e+07,0.0
01/04/2006 10:00,1,4,3,10,0,14.0667,84.5,0,0,2.25304e+07,4.56616e+08,2.56731e+07,0.0
01/04/2006 11:00,1,4,3,11,0,16.4,77.5833,0,0,5.91185e+07,5.25694e+08,2.56172e+07,0.0
01/04/2006 12:00,1,4,3,12,0,18.7333,68.0833,0,0,1.29799e+08,6.09138e+08,2.62101e+07,0.0
01/04/2006 13:00,1,4,3,13,0,21.6833,54.5833,0,0,1.56611e+08,6.41421e+08,2.84661e+07,0.0
01/04/2006 14:00,1,4,3,14,0,21.9,50.5833,0,0,1.5343e+08,6.1847e+08,3.23503e+07,0.0
01/04/2006 15:00,1,4,3,15,0,21.05,52.75,0,0,1.56321e+08,6.61972e+08,2.94995e+07,0.0
01/04/2006 16:00,1,4,3,16,0,19.925,56.9167,0,0,1.56683e+08,6.68912e+08,2.26494e+07,0.0
01/04/2006 17:00,1,4,3,17,0,18.6,61.3333,0,0,1.41709e+08,6.62034e+08,2.17901e+07,0.0
01/04/2006 18:00,1,4,3,18,0,17.1083,65.9167,0,0,8.60291e+07,6.31759e+08,2.28293e+07,0.0
01/04/2006 19:00,1,4,3,19,0,15.4083,75,0,0,3.58307e+07,5.77859e+08,2.39127e+07,0.0
01/04/2006 20:00,1,4,3,20,0,13.3583,85.25,0,0,1.52083e+07,5.28318e+08,2.52317e+07,0.0
01/04/2006 21:00,1,4,3,21,0,12.8083,89.5833,0,0,1.19317e+07,4.44849e+08,2.43156e+07,0.0
01/04/2006 22:00,1,4,3,22,0,11.8167,92.3333,0,18441.6,3.94621e+06,2.7444e+08,1.83222e+07,18441.6
01/04/2006 23:00,1,4,3,23,0,10.9,95.75,0,1.12607e+06,2.60375e+06,2.10149e+08,1.54049e+07,1126070.0
01/05/2006 00:00,1,5,4,0,0,10.4917,98.1667,0,3.73768e+06,2.49561e+06,1.9533e+08,1.79044e+07,3737680.0
01/05/2006 01:00,1,5,4,1,0,10.0833,99.5833,0,9.32621e+06,1.6761e+06,1.64573e+08,2.20547e+07,9326210.0
01/05/2006 02:00,1,5,4,2,0,10,100,0,1.18423e+07,0,1.47243e+08,2.22007e+07,11842300.0
01/05/2006 03:00,1,5,4,3,0,10.0583,100,0,0,0,1.11208e+08,3.43952e+06,0.0
01/05/2006 04:00,1,5,4,4,0,9.98333,100,0,3.44095e+07,0,1.07897e+08,4.04247e+07,34409500.0
01/05/2006 05:00,1,5,4,5,0,9.78333,100,0,6.41133e+07,0,1.33882e+08,7.39235e+07,64113300.0
01/05/2006 06:00,1,5,4,6,0,10.3417,100,0,0,0,2.15764e+08,1.37327e+07,0.0
01/05/2006 07:00,1,5,4,7,0,11.9667,100,0,1.0097e+07,7.60676e+06,4.1211e+08,3.07866e+07,10097000.0
01/05/2006 08:00,1,5,4,8,0,12.6833,100,0,0,1.22783e+07,4.70133e+08,2.34031e+07,0.0
01/05/2006 09:00,1,5,4,9,0,14.175,97.6667,0,0,1.67584e+07,4.68064e+08,2.45214e+07,0.0
01/05/2006 10:00,1,5,4,10,0,16.2917,94.8333,0,0,6.79922e+07,5.234e+08,2.56982e+07,0.0
01/05/2006 11:00,1,5,4,11,0,15.6583,95.1667,0,0,4.73419e+07,5.00162e+08,2.577e+07,0.0
01/05/2006 12:00,1,5,4,12,0,15.4583,93.0833,0,0,3.26877e+07,4.86394e+08,2.61482e+07,0.0
01/05/2006 13:00,1,5,4,13,0,17.6917,81.0833,0,0,8.70967e+07,5.42377e+08,2.85606e+07,0.0
01/05/2006 14:00,1,5,4,14,0,20.3583,64.6667,0,0,1.44483e+08,5.98496e+08,3.23624e+07,0.0
01/05/2006 15:00,1,5,4,15,0,21.4583,55.0833,0,0,1.56289e+08,6.31832e+08,2.95145e+07,0.0
01/05/2006 16:00,1,5,4,16,0,20.8,55.3333,0,0,1.56761e+08,6.3931e+08,2.26632e+07,0.0
01/05/2006 17:00,1,5,4,17,0,19.1917,61.6667,0,0,1.41712e+08,6.51531e+08,2.18129e+07,0.0
01/05/2006 18:00,1,5,4,18,0,16.3583,71.4167,0,0,6.12369e+07,5.98914e+08,2.28528e+07,0.0
01/05/2006 19:00,1,5,4,19,0,14.2,78.3333,0,0,1.65963e+07,5.40778e+08,2.39357e+07,0.0
01/05/2006 20:00,1,5,4,20,0,14.4,78.25,0,0,1.75515e+07,5.49582e+08,2.53886e+07,0.0
01/05/2006 21:00,1,5,4,21,0,15.3083,74.6667,0,0,2.47309e+07,4.91012e+08,2.43228e+07,0.0
01/05/2006 22:00,1,5,4,22,0,15.25,72.4167,0,0,1.20788e+07,3.12759e+08,1.83023e+07,0.0
01/05/2006 23:00,1,5,4,23,0,15.2917,55.6667,0,239212,8.61658e+06,2.44368e+08,1.45228e+07,239212.0
01/06/2006 00:00,1,6,5,0,0,13.2833,64.4167,0,1.47804e+06,2.49171e+06,1.94305e+08,1.55434e+07,1478040.0
01/06/2006 01:00,1,6,5,1,0,12.6333,58.5833,0,5.48951e+06,1.67381e+06,1.64758e+08,1.82697e+07,5489510.0
01/06/2006 02:00,1,6,5,2,0,13.0083,43.4167,0,5.41566e+06,0,1.43833e+08,1.57392e+07,5415660.0
01/06/2006 03:00,1,6,5,3,0,12.8,40.6667,0,0,0,1.11832e+08,3.52089e+06,0.0
01/06/2006 04:00,1,6,5,4,0,12.2167,39.5833,0,3.33019e+07,0,1.09553e+08,3.91903e+07,33301900.0
01/06/2006 05:00,1,6,5,5,0,10.75,44.0833,0,6.13875e+07,0,1.32931e+08,7.12044e+07,61387500.0
01/06/2006 06:00,1,6,5,6,0,9.94167,46.4167,0,0,0,2.15764e+08,1.4095e+07,0.0
01/06/2006 07:00,1,6,5,7,0,9.49167,47.1667,0,2.55677e+07,6.24545e+06,4.10647e+08,4.62292e+07,25567700.0
01/06/2006 08:00,1,6,5,8,0,9.2,46.8333,0,231675,9.88624e+06,4.65117e+08,2.3564e+07,231675.0
01/06/2006 09:00,1,6,5,9,0,10.075,42.5,0,0,1.07315e+07,4.30086e+08,2.42524e+07,0.0
01/06/2006 10:00,1,6,5,10,0,10.9917,40.5833,0,0,1.1431e+07,4.33478e+08,2.5708e+07,0.0
01/06/2006 11:00,1,6,5,11,0,11.725,37.5,0,0,1.19714e+07,4.39402e+08,2.61618e+07,0.0
01/06/2006 12:00,1,6,5,12,0,12.9167,28,0,0,1.23532e+07,4.46978e+08,2.58352e+07,0.0
01/06/2006 13:00,1,6,5,13,0,14.3167,23.5833,0,0,1.43882e+07,4.66542e+08,2.8899e+07,0.0
01/06/2006 14:00,1,6,5,14,0,15.075,24,0,0,2.02706e+07,4.73337e+08,3.23757e+07,0.0
01/06/2006 15:00,1,6,5,15,0,15.3167,23.4167,0,0,3.32785e+07,5.12056e+08,2.95303e+07,0.0
01/06/2006 16:00,1,6,5,16,0,15.225,24.1667,0,0,3.31459e+07,5.18503e+08,2.26952e+07,0.0
01/06/2006 17:00,1,6,5,17,0,14.4,24.4167,0,0,1.58373e+07,5.05842e+08,2.18318e+07,0.0
01/06/2006 18:00,1,6,5,18,0,12.15,30.4167,0,0,1.25586e+07,5.12797e+08,2.28692e+07,0.0
01/06/2006 19:00,1,6,5,19,0,10.6667,36.1667,0,0,1.23526e+07,5.1162e+08,2.3952e+07,0.0
01/06/2006 20:00,1,6,5,20,0,10.0333,37.5833,0,0,1.23366e+07,5.13331e+08,2.5311e+07,0.0
01/06/2006 21:00,1,6,5,21,0,9.05833,38.5833,0,57553.3,9.61852e+06,4.38835e+08,2.44055e+07,57553.3
01/06/2006 22:00,1,6,5,22,0,8.075,39.5833,0,5.28006e+06,2.52463e+06,2.7214e+08,2.36079e+07,5280060.0
01/06/2006 23:00,1,6,5,23,0,7.23333,41.1667,0,2.08835e+07,2.21013e+06,2.11057e+08,3.51803e+07,20883500.0
01/07/2006 00:00,1,7,6,0,0,6.60833,43.75,0,4.09397e+07,2.14511e+06,1.97471e+08,5.51802e+07,40939700.0
01/07/2006 01:00,1,7,6,1,0,6.225,46.1667,0,0,0,9.05722e+07,1.06625e+06,0.0
01/07/2006 02:00,1,7,6,2,0,5.98333,48.1667,0,0,0,8.55352e+07,0,0.0
01/07/2006 03:00,1,7,6,3,0,5.725,50.1667,0,0,0,8.73788e+07,1.54078e+06,0.0
01/07/2006 04:00,1,7,6,4,0,5.30833,49.8333,0,0,0,8.80029e+07,0,0.0
01/07/2006 05:00,1,7,6,5,0,4.86667,50.1667,0,0,0,8.70277e+07,0,0.0
01/07/2006 06:00,1,7,6,6,0,4.35,49.25,0,0,0,9.11811e+07,8.52827e+06,0.0
01/07/2006 07:00,1,7,6,7,0,3.925,48.5833,0,2.75445e+08,0,1.38488e+08,2.86097e+08,275445000.0
01/07/2006 08:00,1,7,6,8,0,3.45,47.25,0,2.83528e+08,99364.5,1.61903e+08,2.95481e+08,283528000.0
01/07/2006 09:00,1,7,6,9,0,3.025,44.8333,0,2.06226e+08,0,1.72737e+08,2.19769e+08,206226000.0
01/07/2006 10:00,1,7,6,10,0,3.01667,42.25,0,1.21828e+08,0,1.83936e+08,1.38819e+08,121828000.0
01/07/2006 11:00,1,7,6,11,0,3.21667,39.8333,0,9.66817e+07,0,1.73054e+08,1.11143e+08,96681700.0
01/07/2006 12:00,1,7,6,12,0,4.175,35.5,0,1.08901e+08,0,1.60196e+08,1.26458e+08,108901000.0
01/07/2006 13:00,1,7,6,13,0,5.325,31.8333,0,1.01447e+08,0,1.40707e+08,1.1741e+08,101447000.0
01/07/2006 14:00,1,7,6,14,0,6.16667,29.8333,0,6.82994e+07,0,1.17383e+08,8.34014e+07,68299400.0
01/07/2006 15:00,1,7,6,15,0,6.38333,26.6667,0,9.06749e+07,0,1.08017e+08,1.04072e+08,90674900.0
01/07/2006 16:00,1,7,6,16,0,5.775,23.25,0,1.28385e+08,0,1.12338e+08,1.41447e+08,128385000.0
01/07/2006 17:00,1,7,6,17,0,4.75833,22,0,1.56921e+08,0,1.09552e+08,1.6988e+08,156921000.0
01/07/2006 18:00,1,7,6,18,0,3.83333,23.1667,0,0,0,1.16354e+08,1.00357e+07,0.0
01/07/2006 19:00,1,7,6,19,0,3.15,25.1667,0,0,0,1.02618e+08,9.67896e+06,0.0
01/07/2006 20:00,1,7,6,20,0,2.55,27.75,0,260139,0,9.39026e+07,5.81716e+06,260139.0
01/07/2006 21:00,1,7,6,21,0,1.89167,30.1667,0,1.39739e+06,0,9.52027e+07,2.93815e+06,1397390.0
01/07/2006 22:00,1,7,6,22,0,1.25,32.1667,0,1.69617e+06,0,9.4534e+07,1.69617e+06,1696170.0
01/07/2006 23:00,1,7,6,23,0,0.533333,35.9167,0,4.13899e+06,0,9.75247e+07,4.13899e+06,4138990.0
01/08/2006 00:00,1,8,0,0,0,-0.208333,39.75,0,9.83878e+06,0,1.0859e+08,1.13793e+07,9838780.0
01/08/2006 01:00,1,8,0,1,0,-0.791667,43.9167,0,1.78089e+07,360493,1.00586e+08,1.78089e+07,17808900.0
01/08/2006 02:00,1,8,0,2,0,-1.46667,43.6667,0,3.45728e+07,0,9.77917e+07,3.45728e+07,34572800.0
01/08/2006 03:00,1,8,0,3,0,-1.975,40.8333,0,4.36963e+07,0,9.51756e+07,4.52367e+07,43696300.0
01/08/2006 04:00,1,8,0,4,0,-2.39167,42.3333,0,5.82119e+07,0,9.78264e+07,5.82119e+07,58211900.0
01/08/2006 05:00,1,8,0,5,0,-2.71667,45.75,0,7.63125e+07,0,9.52332e+07,8.79341e+07,76312500.0
01/08/2006 06:00,1,8,0,6,0,-2.91667,47,0,8.928e+07,0,9.97851e+07,9.78555e+07,89280000.0
01/08/2006 07:00,1,8,0,7,0,-3.05833,48.1667,0,6.96951e+07,0,1.1484e+08,7.72547e+07,69695100.0
01/08/2006 08:00,1,8,0,8,0,-2.98333,49.5833,0,6.98009e+07,0,9.80371e+07,7.73942e+07,69800900.0
01/08/2006 09:00,1,8,0,9,0,-2.375,47.6667,0,3.73012e+07,0,7.50235e+07,4.68563e+07,37301200.0
01/08/2006 10:00,1,8,0,10,0,-1.18333,43.6667,0,2.0137e+07,0,7.71617e+07,2.84326e+07,20137000.0
01/08/2006 11:00,1,8,0,11,0,0.275,39.6667,0,1.58708e+07,0,7.29976e+07,2.48475e+07,15870800.0
01/08/2006 12:00,1,8,0,12,0,1.48333,36.8333,0,1.0082e+07,0,7.19694e+07,1.9846e+07,10082000.0
01/08/2006 13:00,1,8,0,13,0,2.6,34.8333,0,6.25034e+06,0,7.22789e+07,1.61469e+07,6250340.0
01/08/2006 14:00,1,8,0,14,0,3.56667,33.4167,0,6.7687e+06,0,7.06282e+07,1.68897e+07,6768700.0
01/08/2006 15:00,1,8,0,15,0,4.36667,32.4167,0,7.75104e+06,0,7.29543e+07,1.7565e+07,7751040.0
01/08/2006 16:00,1,8,0,16,0,4.525,31.4167,0,1.13498e+07,0,7.08331e+07,2.06609e+07,11349800.0
01/08/2006 17:00,1,8,0,17,0,3.75833,32.1667,0,1.41027e+07,0,8.12026e+07,2.20004e+07,14102700.0
01/08/2006 18:00,1,8,0,18,0,3.00833,33.5833,0,1.7495e+07,0,1.11958e+08,2.50118e+07,17495000.0
01/08/2006 19:00,1,8,0,19,0,2.74167,35.1667,0,2.2508e+07,0,1.09773e+08,3.00269e+07,22508000.0
01/08/2006 20:00,1,8,0,20,0,2.64167,35.4167,0,2.49325e+07,0,1.07273e+08,2.84626e+07,24932500.0
01/08/2006 21:00,1,8,0,21,0,1.95833,38.5,0,3.72863e+07,0,1.10284e+08,3.72863e+07,37286300.0
01/08/2006 22:00,1,8,0,22,0,1.90833,38.6667,0,4.94188e+07,0,1.08808e+08,5.09596e+07,49418800.0
01/08/2006 23:00,1,8,0,23,0,1.90833,38.75,0,4.54994e+07,0,1.10799e+08,4.54994e+07,45499400.0
01/09/2006 00:00,1,9,1,0,0,1.64167,40.5833,0,4.66362e+07,0,1.0878e+08,4.66362e+07,46636200.0
01/09/2006 01:00,1,9,1,1,0,1.48333,42.1667,0,8.27208e+08,81441.4,1.75549e+08,8.45333e+08,827208000.0
01/09/2006 02:00,1,9,1,2,0,1.51667,44.1667,0,3.51669e+08,0,1.47025e+08,3.616e+08,351669000.0
01/09/2006 03:00,1,9,1,3,0,1.54167,47.3333,0,7.05965e+06,0,1.05833e+08,1.05236e+07,7059650.0
01/09/2006 04:00,1,9,1,4,0,1.675,46.6667,0,5.52653e+08,112897,1.22461e+08,5.58861e+08,552653000.0
01/09/2006 05:00,1,9,1,5,0,1.625,45,0,6.10067e+08,0,1.3627e+08,6.19415e+08,610067000.0
01/09/2006 06:00,1,9,1,6,0,1.20833,46.1667,0,5.79735e+08,99053,2.17235e+08,5.94098e+08,579735000.0
01/09/2006 07:00,1,9,1,7,0,-0.283333,70.3333,0,3.15848e+08,314882,3.98984e+08,3.36687e+08,315848000.0
01/09/2006 08:00,1,9,1,8,0,-1.31667,90.5,0,1.7735e+08,1.79287e+06,4.54209e+08,2.00682e+08,177350000.0
01/09/2006 09:00,1,9,1,9,0,-1.225,91.8333,0,1.24028e+08,3.82226e+06,4.12963e+08,1.47947e+08,124028000.0
01/09/2006 10:00,1,9,1,10,0,-1.04167,91.5833,0,7.23518e+07,5.37326e+06,4.03122e+08,9.69015e+07,72351800.0
01/09/2006 11:00,1,9,1,11,0,-0.941667,94.3333,0,7.38215e+07,6.31773e+06,4.10211e+08,1.00134e+08,73821500.0
01/09/2006 12:00,1,9,1,12,0,-0.55,93.6667,0,6.58224e+07,6.99307e+06,4.03468e+08,9.30161e+07,65822400.0
01/09/2006 13:00,1,9,1,13,0,-0.125,92.5833,0,8.65636e+07,6.9262e+06,4.03142e+08,1.15545e+08,86563600.0
01/09/2006 14:00,1,9,1,14,0,0,93.5833,0,9.29971e+07,3.89605e+06,3.88308e+08,1.23387e+08,92997100.0
01/09/2006 15:00,1,9,1,15,0,-0.175,95.75,0,3.10678e+07,7.18998e+06,4.07415e+08,6.18239e+07,31067800.0
01/09/2006 16:00,1,9,1,16,0,-0.241667,97.5833,0,5.28411e+07,8.02148e+06,4.20275e+08,7.58282e+07,52841100.0
01/09/2006 17:00,1,9,1,17,0,-0.0833333,99.1667,0,5.70376e+07,8.34417e+06,4.48586e+08,7.89028e+07,57037600.0
01/09/2006 18:00,1,9,1,18,0,0.175,97.0833,0,7.27648e+07,8.55257e+06,4.84575e+08,9.59371e+07,72764800.0
01/09/2006 19:00,1,9,1,19,0,0.533333,95,0,5.90769e+07,8.82927e+06,4.87669e+08,8.37578e+07,59076900.0
01/09/2006 20:00,1,9,1,20,0,0.758333,93.8333,0,5.51432e+07,9.13999e+06,4.91114e+08,8.00826e+07,55143200.0
01/09/2006 21:00,1,9,1,21,0,0.741667,93.5833,0,8.01999e+07,6.39661e+06,4.24543e+08,1.03481e+08,80199900.0
01/09/2006 22:00,1,9,1,22,0,0.7,94.5833,0,1.94765e+08,191951,2.67726e+08,2.12956e+08,194765000.0
01/09/2006 23:00,1,9,1,23,0,0.758333,95,0,2.39826e+08,0,2.06519e+08,2.56071e+08,239826000.0
01/10/2006 00:00,1,10,2,0,0,0.8,95.5833,0,2.45567e+08,648888,2.02285e+08,2.59564e+08,245567000.0
01/10/2006 01:00,1,10,2,1,0,0.8,97.1667,0,2.72253e+08,180245,1.67755e+08,2.8545e+08,272253000.0
01/10/2006 02:00,1,10,2,2,0,0.858333,98,0,2.16536e+08,0,1.44615e+08,2.26485e+08,216536000.0
01/10/2006 03:00,1,10,2,3,0,1.01667,96.8333,0,0,0,9.9572e+07,3.47994e+06,0.0
01/10/2006 04:00,1,10,2,4,0,1.21667,92.5,0,3.51515e+08,0,1.14409e+08,3.57801e+08,351515000.0
01/10/2006 05:00,1,10,2,5,0,1.35833,91.1667,0,3.51346e+08,0,1.34449e+08,3.60755e+08,351346000.0
01/10/2006 06:00,1,10,2,6,0,1.45833,90.8333,0,3.56832e+08,114063,2.16458e+08,3.71142e+08,356832000.0
01/10/2006 07:00,1,10,2,7,0,1.61667,88.8333,0,1.27885e+08,3.10231e+06,4.03958e+08,1.48795e+08,127885000.0
01/10/2006 08:00,1,10,2,8,0,1.7,89.1667,0,6.31361e+07,7.78706e+06,4.66299e+08,8.64829e+07,63136100.0
01/10/2006 09:00,1,10,2,9,0,1.875,88.25,0,5.71332e+07,8.17603e+06,4.29386e+08,8.10692e+07,57133200.0
01/10/2006 10:00,1,10,2,10,0,2.7,80,0,2.07749e+07,8.81407e+06,4.16516e+08,4.53485e+07,20774900.0
01/10/2006 11:00,1,10,2,11,0,3.9,68,0,6.0213e+06,9.54456e+06,4.15877e+08,3.23254e+07,6021300.0
01/10/2006 12:00,1,10,2,12,0,4.69167,61.25,0,6.02909e+06,1.00065e+07,4.14067e+08,3.32643e+07,6029090.0
01/10/2006 13:00,1,10,2,13,0,5.36667,54.75,0,1.05196e+07,9.71477e+06,4.12454e+08,3.95142e+07,10519600.0
01/10/2006 14:00,1,10,2,14,0,5.7,45.75,0,2.16241e+07,6.72537e+06,3.95536e+08,5.21331e+07,21624100.0
01/10/2006 15:00,1,10,2,15,0,5.93333,39.6667,0,5.908e+06,9.39602e+06,4.10687e+08,3.67565e+07,5908000.0
01/10/2006 16:00,1,10,2,16,0,6.04167,38.5833,0,3.09693e+06,1.17897e+07,4.47829e+08,2.60979e+07,3096930.0
01/10/2006 17:00,1,10,2,17,0,5.35833,46,0,4.02571e+06,1.27025e+07,4.86726e+08,2.59239e+07,4025710.0
01/10/2006 18:00,1,10,2,18,0,4.55,55.0833,0,7.16408e+06,1.06674e+07,4.96327e+08,3.03691e+07,7164080.0
01/10/2006 19:00,1,10,2,19,0,4.06667,59.1667,0,8.40441e+06,1.04662e+07,4.95617e+08,3.28343e+07,8404410.0
01/10/2006 20:00,1,10,2,20,0,3.95833,58.25,0,8.73458e+06,1.05728e+07,4.98517e+08,3.3697e+07,8734580.0
01/10/2006 21:00,1,10,2,21,0,3.53333,58.1667,0,3.09841e+07,7.84078e+06,4.30253e+08,5.42668e+07,30984100.0
01/10/2006 22:00,1,10,2,22,0,3.55,63.6667,0,8.95528e+07,1.41866e+06,2.76109e+08,1.08017e+08,89552800.0
01/10/2006 23:00,1,10,2,23,0,3.85833,64.6667,0,1.18763e+08,1.7205e+06,2.11438e+08,1.3471e+08,118763000.0
01/11/2006 00:00,1,11,3,0,0,2.20833,80.5,0,1.42172e+08,0,1.91557e+08,1.56461e+08,142172000.0
01/11/2006 01:00,1,11,3,1,0,0.825,95.9167,0,2.48476e+08,0,1.64982e+08,2.61676e+08,248476000.0
01/11/2006 02:00,1,11,3,2,0,-0.816667,95.6667,0,2.23721e+08,0,1.47278e+08,2.33663e+08,223721000.0
01/11/2006 03:00,1,11,3,3,0,-1.95833,92.8333,0,0,0,1.09004e+08,3.46801e+06,0.0
01/11/2006 04:00,1,11,3,4,0,-1.59167,79.75,0,3.21547e+08,0,1.14085e+08,3.27835e+08,321547000.0
01/11/2006 05:00,1,11,3,5,0,-1.94167,73.3333,0,3.82714e+08,0,1.34843e+08,3.9191e+08,382714000.0
01/11/2006 06:00,1,11,3,6,0,-2.80833,58.6667,0,5.66179e+08,25897.7,2.16859e+08,5.80767e+08,566179000.0
01/11/2006 07:00,1,11,3,7,0,-3.56667,47,0,1.98287e+08,3.22919e+06,4.10986e+08,2.19005e+08,198287000.0
01/11/2006 08:00,1,11,3,8,0,-4.13333,46.4167,0,7.8159e+07,5.45314e+06,4.53909e+08,1.01525e+08,78159000.0
01/11/2006 09:00,1,11,3,9,0,-3.83333,43.0833,0,3.59962e+07,6.39194e+06,4.20105e+08,5.99587e+07,35996200.0
01/11/2006 10:00,1,11,3,10,0,-3.20833,42.1667,0,2.7873e+07,7.28249e+06,4.24007e+08,5.24626e+07,27873000.0
01/11/2006 11:00,1,11,3,11,0,-2.3,42.4167,0,2.13805e+07,7.98265e+06,4.27774e+08,4.80092e+07,21380500.0
01/11/2006 12:00,1,11,3,12,0,-1.275,40.25,0,1.64709e+07,8.49939e+06,4.3213e+08,4.3414e+07,16470900.0
01/11/2006 13:00,1,11,3,13,0,-0.433333,39,0,1.31657e+07,8.35588e+06,4.32894e+08,4.21737e+07,13165700.0
01/11/2006 14:00,1,11,3,14,0,0.366667,37.25,0,1.7177e+07,5.67363e+06,4.08782e+08,4.83289e+07,17177000.0
01/11/2006 15:00,1,11,3,15,0,0.758333,35.4167,0,4.56212e+06,8.55279e+06,4.33162e+08,3.52835e+07,4562120.0
01/11/2006 16:00,1,11,3,16,0,0.566667,35.5833,0,6.13814e+06,9.4194e+06,4.3887e+08,2.91404e+07,6138140.0
01/11/2006 17:00,1,11,3,17,0,0.108333,36,0,1.46933e+07,9.48294e+06,4.48394e+08,3.66264e+07,14693300.0
01/11/2006 18:00,1,11,3,18,0,-1.09167,39.5,0,1.74959e+07,9.1707e+06,4.94937e+08,4.05839e+07,17495900.0
01/11/2006 19:00,1,11,3,19,0,-1.91667,40.8333,0,1.73432e+07,8.96148e+06,4.9657e+08,4.13495e+07,17343200.0
01/11/2006 20:00,1,11,3,20,0,-2.23333,40,0,1.6679e+07,8.95805e+06,4.99043e+08,4.16742e+07,16679000.0
01/11/2006 21:00,1,11,3,21,0,-2.575,41.75,0,3.11911e+07,6.23234e+06,4.29872e+08,5.50463e+07,31191100.0
01/11/2006 22:00,1,11,3,22,0,-3.05,45.3333,0,1.04552e+08,225951,2.70112e+08,1.22991e+08,104552000.0
01/11/2006 23:00,1,11,3,23,0,-4.05833,51.0833,0,1.95871e+08,2.02765e+06,2.12958e+08,2.11142e+08,195871000.0
01/12/2006 00:00,1,12,4,0,0,-4.48333,50.5,0,2.07105e+08,0,1.91978e+08,2.2188e+08,207105000.0
01/12/2006 01:00,1,12,4,1,0,-5.04167,51.5,0,2.77069e+08,1.0214e+06,1.82416e+08,2.90103e+08,277069000.0
01/12/2006 02:00,1,12,4,2,0,-5.44167,52.8333,0,2.18542e+08,0,1.48162e+08,2.28802e+08,218542000.0
01/12/2006 03:00,1,12,4,3,0,-5.45833,52,0,1.11147e+06,0,1.05883e+08,3.01458e+06,1111470.0
01/12/2006 04:00,1,12,4,4,0,-5.675,53.1667,0,3.8373e+08,0,1.18233e+08,3.91449e+08,383730000.0
01/12/2006 05:00,1,12,4,5,0,-5.85833,54,0,3.7403e+08,0,1.31941e+08,3.83135e+08,374030000.0
01/12/2006 06:00,1,12,4,6,0,-5.95833,54.5833,0,6.03247e+08,66016.1,2.17415e+08,6.17926e+08,603247000.0
01/12/2006 07:00,1,12,4,7,0,-5.88333,53.8333,0,2.26333e+08,1.80999e+06,4.11899e+08,2.47036e+08,226333000.0
01/12/2006 08:00,1,12,4,8,0,-5.68333,55.9167,0,1.18686e+08,4.76147e+06,4.56426e+08,1.42072e+08,118686000.0
01/12/2006 09:00,1,12,4,9,0,-5.075,52.75,0,6.16129e+07,5.76663e+06,4.19158e+08,8.55847e+07,61612900.0
01/12/2006 10:00,1,12,4,10,0,-4.29167,47.8333,0,2.98247e+07,6.63577e+06,4.14821e+08,5.4432e+07,29824700.0
01/12/2006 11:00,1,12,4,11,0,-3.35833,45.8333,0,1.74079e+07,7.42454e+06,4.18939e+08,4.41611e+07,17407900.0
01/12/2006 12:00,1,12,4,12,0,-2.2,40.9167,0,1.81105e+07,8.07204e+06,4.28579e+08,4.49584e+07,18110500.0
01/12/2006 13:00,1,12,4,13,0,-1.35,36.25,0,2.47105e+07,7.94255e+06,4.27835e+08,5.37312e+07,24710500.0
01/12/2006 14:00,1,12,4,14,0,-0.808333,35,0,2.5536e+07,5.21171e+06,4.11887e+08,5.70209e+07,25536000.0
01/12/2006 15:00,1,12,4,15,0,-0.6,35,0,7.7011e+06,8.10829e+06,4.32677e+08,3.83054e+07,7701100.0
01/12/2006 16:00,1,12,4,16,0,-0.833333,35,0,8.86055e+06,8.97305e+06,4.41954e+08,3.17964e+07,8860550.0
01/12/2006 17:00,1,12,4,17,0,-1.64167,37.3333,0,1.48155e+07,9.00772e+06,4.48818e+08,3.67614e+07,14815500.0
01/12/2006 18:00,1,12,4,18,0,-2.33333,37.25,0,2.01977e+07,8.82536e+06,4.94465e+08,4.31449e+07,20197700.0
01/12/2006 19:00,1,12,4,19,0,-2.90833,36.5833,0,2.37119e+07,8.64743e+06,4.959e+08,4.77429e+07,23711900.0
01/12/2006 20:00,1,12,4,20,0,-3.55,39.9167,0,3.43576e+07,8.56498e+06,4.97849e+08,5.93787e+07,34357600.0
01/12/2006 21:00,1,12,4,21,0,-4.26667,42.5833,0,5.90511e+07,5.70708e+06,4.28753e+08,8.3259e+07,59051100.0
01/12/2006 22:00,1,12,4,22,0,-4.83333,43,0,2.10129e+08,97253.1,2.70373e+08,2.28552e+08,210129000.0
01/12/2006 23:00,1,12,4,23,0,-5.35,44.1667,0,3.05773e+08,0,2.07832e+08,3.20626e+08,305773000.0
01/13/2006 00:00,1,13,5,0,0,-5.775,45.5833,0,2.77512e+08,102998,1.94212e+08,2.9231e+08,277512000.0
01/13/2006 01:00,1,13,5,1,0,-6.01667,46,0,3.31806e+08,1.02997e+06,1.83049e+08,3.4479e+08,331806000.0
01/13/2006 02:00,1,13,5,2,0,-6.275,47.1667,0,2.3082e+08,0,1.46553e+08,2.41429e+08,230820000.0
01/13/2006 03:00,1,13,5,3,0,-6.4,47.4167,0,2.4199e+06,0,1.11168e+08,4.38757e+06,2419900.0
01/13/2006 04:00,1,13,5,4,0,-6.4,46.4167,0,4.03123e+08,0,1.15572e+08,4.10801e+08,403123000.0
01/13/2006 05:00,1,13,5,5,0,-6.51667,46,0,4.92406e+08,0,1.3515e+08,5.01314e+08,492406000.0
01/13/2006 06:00,1,13,5,6,0,-6.775,46,0,6.8354e+08,71583.1,2.17693e+08,6.98456e+08,683540000.0
01/13/2006 07:00,1,13,5,7,0,-7.13333,48.9167,0,3.35138e+08,1.31269e+06,4.03203e+08,3.55691e+08,335138000.0
01/13/2006 08:00,1,13,5,8,0,-7.18333,49.25,0,1.1514e+08,4.3073e+06,4.52071e+08,1.38545e+08,115140000.0
01/13/2006 09:00,1,13,5,9,0,-6.75,46.25,0,4.53449e+07,5.38074e+06,4.18546e+08,6.93409e+07,45344900.0
01/13/2006 10:00,1,13,5,10,0,-5.625,45,0,3.87894e+07,6.46442e+06,4.21672e+08,6.34153e+07,38789400.0
01/13/2006 11:00,1,13,5,11,0,-4.41667,40.9167,0,3.51091e+07,7.30931e+06,4.26781e+08,6.21071e+07,35109100.0
01/13/2006 12:00,1,13,5,12,0,-3.35833,39.75,0,2.94792e+07,7.84717e+06,4.29754e+08,5.61163e+07,29479200.0
01/13/2006 13:00,1,13,5,13,0,-2.49167,39.8333,0,2.103e+07,7.71846e+06,4.31651e+08,5.00629e+07,21030000.0
01/13/2006 14:00,1,13,5,14,0,-1.85,38.4167,0,1.87622e+07,5.01535e+06,4.13972e+08,5.07622e+07,18762200.0
01/13/2006 15:00,1,13,5,15,0,-1.25,37.4167,0,6.35205e+06,8.04241e+06,4.36112e+08,3.64538e+07,6352050.0
01/13/2006 16:00,1,13,5,16,0,-1.175,37,0,7.72069e+06,8.97785e+06,4.44817e+08,3.06149e+07,7720690.0
01/13/2006 17:00,1,13,5,17,0,-1.65,37.5833,0,1.56854e+07,9.08184e+06,4.50157e+08,3.76495e+07,15685400.0
01/13/2006 18:00,1,13,5,18,0,-2.075,38.5833,0,1.02895e+07,8.92043e+06,4.95696e+08,3.32667e+07,10289500.0
01/13/2006 19:00,1,13,5,19,0,-2.375,39.5833,0,3.46075e+06,8.82928e+06,4.9793e+08,2.7518e+07,3460750.0
01/13/2006 20:00,1,13,5,20,0,-2.90833,42.9167,0,4.3589e+06,8.81787e+06,5.00246e+08,2.94081e+07,4358900.0
01/13/2006 21:00,1,13,5,21,0,-3.375,45,0,3.05638e+07,6.05149e+06,4.30126e+08,5.51614e+07,30563800.0
01/13/2006 22:00,1,13,5,22,0,-4.025,47.3333,0,1.51064e+08,160817,2.70324e+08,1.69478e+08,151064000.0
01/13/2006 23:00,1,13,5,23,0,-4.80833,51.9167,0,2.95612e+08,1.94876e+06,2.13304e+08,3.10013e+08,295612000.0
01/14/2006 00:00,1,14,6,0,0,-5.33333,53.4167,0,2.89463e+08,51502.7,1.93507e+08,3.04284e+08,289463000.0
01/14/2006 01:00,1,14,6,1,0,-5.73333,53.5833,0,655604,341179,9.81005e+07,1.29589e+06,655604.0
01/14/2006 02:00,1,14,6,2,0,-6.19167,55.1667,0,2.94941e+06,0,9.05072e+07,2.94941e+06,2949410.0
01/14/2006 03:00,1,14,6,3,0,-6.69167,57.1667,0,7.51098e+06,0,8.90825e+07,9.05151e+06,7510980.0
01/14/2006 04:00,1,14,6,4,0,-6.9,58.5833,0,4.53003e+06,0,9.21181e+07,4.53003e+06,4530030.0
01/14/2006 05:00,1,14,6,5,0,-6.95833,59.5833,0,8.6514e+06,0,9.08699e+07,8.6514e+06,8651400.0
01/14/2006 06:00,1,14,6,6,0,-6.825,61.75,0,5.5928e+08,0,1.14243e+08,5.68682e+08,559280000.0
01/14/2006 07:00,1,14,6,7,0,-6.81667,65.3333,0,4.59766e+08,0,1.39661e+08,4.70178e+08,459766000.0
01/14/2006 08:00,1,14,6,8,0,-6.725,66.4167,0,5.44112e+08,67635.2,1.61386e+08,5.55266e+08,544112000.0
01/14/2006 09:00,1,14,6,9,0,-5.375,63.0833,0,4.14301e+08,0,1.72405e+08,4.28134e+08,414301000.0
01/14/2006 10:00,1,14,6,10,0,-3.625,57.5,0,3.40192e+08,1.01685e+06,1.89199e+08,3.56928e+08,340192000.0
01/14/2006 11:00,1,14,6,11,0,-1.95,52.6667,0,1.66075e+08,0,1.75681e+08,1.81561e+08,166075000.0
01/14/2006 12:00,1,14,6,12,0,-0.5,49.8333,0,1.85099e+08,0,1.63566e+08,2.01708e+08,185099000.0
01/14/2006 13:00,1,14,6,13,0,0.408333,46.0833,0,1.63934e+08,0,1.45083e+08,1.80934e+08,163934000.0
01/14/2006 14:00,1,14,6,14,0,1.225,42.8333,0,1.22239e+08,0,1.19828e+08,1.36411e+08,122239000.0
01/14/2006 15:00,1,14,6,15,0,2.06667,40.8333,0,1.10318e+08,0,1.09636e+08,1.2375e+08,110318000.0
01/14/2006 16:00,1,14,6,16,0,2.28333,38.8333,0,1.44439e+08,0,1.13839e+08,1.57526e+08,144439000.0
01/14/2006 17:00,1,14,6,17,0,1.85,38.5833,0,1.57681e+08,0,1.02262e+08,1.70668e+08,157681000.0
01/14/2006 18:00,1,14,6,18,0,1.25,40.75,0,0,0,1.13921e+08,1.0053e+07,0.0
01/14/2006 19:00,1,14,6,19,0,0.416667,43.75,0,0,0,9.79815e+07,9.69813e+06,0.0
01/14/2006 20:00,1,14,6,20,0,0.233333,43.25,0,333036,0,9.45718e+07,6.73989e+06,333036.0
01/14/2006 21:00,1,14,6,21,0,0.166667,44.9167,0,696052,0,9.45327e+07,1.41869e+06,696052.0
01/14/2006 22:00,1,14,6,22,0,-0.175,46.4167,0,1.19566e+06,0,9.52025e+07,1.19566e+06,1195660.0
01/14/2006 23:00,1,14,6,23,0,-1.40833,53,0,4.02068e+06,0,9.7592e+07,5.56142e+06,4020680.0
01/15/2006 00:00,1,15,0,0,0,-2.14167,55.6667,0,1.61538e+07,0,1.11735e+08,1.61538e+07,16153800.0
01/15/2006 01:00,1,15,0,1,0,-1.98333,51.0833,0,1.3605e+07,0,9.44537e+07,1.3605e+07,13605000.0
01/15/2006 02:00,1,15,0,2,0,-2.48333,57.75,0,1.20521e+07,0,9.8414e+07,1.35926e+07,12052100.0
01/15/2006 03:00,1,15,0,3,0,-2.9,62.8333,0,1.15731e+07,0,9.44437e+07,1.15731e+07,11573100.0
01/15/2006 04:00,1,15,0,4,0,-3.65833,70.1667,0,2.07903e+07,0,9.843e+07,2.07903e+07,20790300.0
01/15/2006 05:00,1,15,0,5,0,-4.49167,75.4167,0,2.38248e+07,0,9.44761e+07,3.67655e+07,23824800.0
01/15/2006 06:00,1,15,0,6,0,-4.58333,74.4167,0,3.67957e+07,0,1.00281e+08,4.4215e+07,36795700.0
01/15/2006 07:00,1,15,0,7,0,-4.90833,78.6667,0,2.80003e+07,0,1.14102e+08,3.55147e+07,28000300.0
01/15/2006 08:00,1,15,0,8,0,-4.675,79.0833,0,4.26994e+07,0,9.85552e+07,5.21216e+07,42699400.0
01/15/2006 09:00,1,15,0,9,0,-3.425,82.25,0,2.20568e+07,0,7.43085e+07,2.97965e+07,22056800.0
01/15/2006 10:00,1,15,0,10,0,-1.86667,77.8333,0,2.6346e+07,0,7.79539e+07,3.59086e+07,26346000.0
01/15/2006 11:00,1,15,0,11,0,-0.0333333,61.5,0,1.48668e+07,0,7.26264e+07,2.25772e+07,14866800.0
01/15/2006 12:00,1,15,0,12,0,1.73333,53.4167,0,9.77192e+06,0,7.26367e+07,1.95361e+07,9771920.0
01/15/2006 13:00,1,15,0,13,0,3.625,47.1667,0,8.02632e+06,0,6.617e+07,1.79139e+07,8026320.0
01/15/2006 14:00,1,15,0,14,0,5.025,41.25,0,3.28738e+06,0,6.10378e+07,1.35355e+07,3287380.0
01/15/2006 15:00,1,15,0,15,0,5.4,44.0833,0,3.23839e+06,0,6.51735e+07,1.29744e+07,3238390.0
01/15/2006 16:00,1,15,0,16,0,5.28333,49.9167,0,4.59338e+06,0,6.99306e+07,1.41817e+07,4593380.0
01/15/2006 17:00,1,15,0,17,0,4.85,50.25,0,7.17928e+06,0,7.17766e+07,1.48169e+07,7179280.0
01/15/2006 18:00,1,15,0,18,0,4.13333,50.1667,0,1.02053e+07,0,1.14934e+08,1.95986e+07,10205300.0
01/15/2006 19:00,1,15,0,19,0,3.39167,53.9167,0,1.21605e+07,0,1.03828e+08,1.95376e+07,12160500.0
01/15/2006 20:00,1,15,0,20,0,2.86667,61.8333,0,2.73737e+07,0,1.08789e+08,2.91944e+07,27373700.0
01/15/2006 21:00,1,15,0,21,0,2.64167,65.4167,0,4.39644e+07,0,1.07798e+08,4.55051e+07,43964400.0
01/15/2006 22:00,1,15,0,22,0,2.6,65.5833,0,5.7652e+07,0,1.11775e+08,5.7652e+07,57652000.0
01/15/2006 23:00,1,15,0,23,0,2.54167,67.75,0,5.17297e+07,0,1.07796e+08,5.17297e+07,51729700.0
01/16/2006 00:00,1,16,1,0,0,2.73333,68.4167,0,5.89771e+07,0,1.11775e+08,6.05178e+07,58977100.0
01/16/2006 01:00,1,16,1,1,0,3.30833,65.0833,0,7.15195e+08,132191,1.70856e+08,7.31758e+08,715195000.0
01/16/2006 02:00,1,16,1,2,0,3.71667,65.9167,0,4.09962e+08,0,1.53369e+08,4.20658e+08,409962000.0
01/16/2006 03:00,1,16,1,3,0,3.56667,72.0833,0,3.31058e+06,0,1.09032e+08,5.30479e+06,3310580.0
01/16/2006 04:00,1,16,1,4,0,2.875,80.8333,0,5.60395e+08,39128.9,1.22368e+08,5.68066e+08,560395000.0
01/16/2006 05:00,1,16,1,5,0,2.15,89.0833,0,5.6118e+08,0,1.35292e+08,5.701e+08,561180000.0
01/16/2006 06:00,1,16,1,6,0,2.54167,89.0833,0,1.26001e+07,9271.87,2.31174e+08,2.74934e+07,12600100.0
01/16/2006 07:00,1,16,1,7,0,3.175,85.25,0,3.43273e+08,294514,4.02044e+08,3.63931e+08,343273000.0
01/16/2006 08:00,1,16,1,8,0,3.125,82.25,0,1.15461e+08,2.84376e+06,4.5617e+08,1.38912e+08,115461000.0
01/16/2006 09:00,1,16,1,9,0,3.11667,77.5,0,8.40462e+07,5.05727e+06,4.31077e+08,1.08075e+08,84046200.0
01/16/2006 10:00,1,16,1,10,0,4.19167,80.25,0,4.71848e+07,6.83095e+06,4.14864e+08,7.18561e+07,47184800.0
01/16/2006 11:00,1,16,1,11,0,6.3,75.25,0,1.26786e+07,8.54543e+06,4.07803e+08,3.98283e+07,12678600.0
01/16/2006 12:00,1,16,1,12,0,8.7,55,0,1.03829e+07,9.71553e+06,4.09188e+08,3.69467e+07,10382900.0
01/16/2006 13:00,1,16,1,13,0,9.46667,39.75,0,1.59905e+07,1.12418e+07,4.38877e+08,4.50562e+07,15990500.0
01/16/2006 14:00,1,16,1,14,0,9.24167,36.5833,0,2.46391e+07,6.41735e+06,3.94749e+08,5.71258e+07,24639100.0
01/16/2006 15:00,1,16,1,15,0,9.08333,38.75,0,2.77154e+06,9.25648e+06,4.13383e+08,3.24298e+07,2771540.0
01/16/2006 16:00,1,16,1,16,0,7.6,44.0833,0,2.32035e+06,1.08142e+07,4.31298e+08,2.51952e+07,2320350.0
01/16/2006 17:00,1,16,1,17,0,6.36667,43.5,0,6.94107e+06,9.91978e+06,4.37091e+08,2.89407e+07,6941070.0
01/16/2006 18:00,1,16,1,18,0,4.33333,48,0,2.16188e+07,9.62216e+06,4.87155e+08,4.46557e+07,21618800.0
01/16/2006 19:00,1,16,1,19,0,1.65833,43.6667,0,5.24882e+07,9.12075e+06,4.89145e+08,7.66045e+07,52488200.0
01/16/2006 20:00,1,16,1,20,0,-0.175,36.4167,0,9.54103e+07,8.71498e+06,4.91715e+08,1.21221e+08,95410300.0
01/16/2006 21:00,1,16,1,21,0,-1.38333,38.3333,0,1.53036e+08,5.73789e+06,4.24588e+08,1.77577e+08,153036000.0
01/16/2006 22:00,1,16,1,22,0,-2.325,33,0,3.83178e+08,106359,2.69402e+08,4.01579e+08,383178000.0
01/16/2006 23:00,1,16,1,23,0,-3.225,27.4167,0,3.90941e+08,411990,2.14508e+08,4.0528e+08,390941000.0
01/17/2006 00:00,1,17,2,0,0,-4.35833,25.8333,0,3.87471e+08,669484,2.03041e+08,4.0167e+08,387471000.0
01/17/2006 01:00,1,17,2,1,0,-5.6,30.25,0,4.71628e+08,0,1.66199e+08,4.84585e+08,471628000.0
01/17/2006 02:00,1,17,2,2,0,-6.68333,33.4167,0,3.20523e+08,0,1.46051e+08,3.31049e+08,320523000.0
01/17/2006 03:00,1,17,2,3,0,-7.8,34.1667,0,1.50381e+07,0,1.09079e+08,1.81542e+07,15038100.0
01/17/2006 04:00,1,17,2,4,0,-8.65,34.4167,0,5.60495e+08,0,1.2042e+08,5.66954e+08,560495000.0
01/17/2006 05:00,1,17,2,5,0,-9.36667,34.5833,0,5.67851e+08,0,1.33644e+08,5.77621e+08,567851000.0
01/17/2006 06:00,1,17,2,6,0,-9.93333,33.8333,0,8.41376e+08,1.60588e+06,2.25282e+08,8.55159e+08,841376000.0
01/17/2006 07:00,1,17,2,7,0,-10.3917,33.5833,0,4.78873e+08,659793,4.03733e+08,4.99646e+08,478873000.0
01/17/2006 08:00,1,17,2,8,0,-10.6,34,0,2.99467e+08,3.051e+06,4.42704e+08,3.23377e+08,299467000.0
01/17/2006 09:00,1,17,2,9,0,-10.3083,32.8333,0,2.29327e+08,4.05143e+06,4.11937e+08,2.54203e+08,229327000.0
01/17/2006 10:00,1,17,2,10,0,-9.63333,30.8333,0,1.60242e+08,4.82408e+06,4.09485e+08,1.86049e+08,160242000.0
01/17/2006 11:00,1,17,2,11,0,-9.35833,28.8333,0,1.01956e+08,5.40001e+06,4.12634e+08,1.27282e+08,101956000.0
01/17/2006 12:00,1,17,2,12,0,-8.64167,26.8333,0,5.87863e+07,6.00239e+06,4.12889e+08,8.67141e+07,58786300.0
01/17/2006 13:00,1,17,2,13,0,-7.98333,26,0,5.36491e+07,5.91715e+06,4.12553e+08,8.15828e+07,53649100.0
01/17/2006 14:00,1,17,2,14,0,-7.31667,24.8333,0,6.84119e+07,3.14829e+06,3.93927e+08,1.00253e+08,68411900.0
01/17/2006 15:00,1,17,2,15,0,-6.725,24.5833,0,3.34585e+07,6.27491e+06,4.1423e+08,6.32523e+07,33458500.0
01/17/2006 16:00,1,17,2,16,0,-6.25,24.4167,0,2.64451e+07,7.26528e+06,4.18655e+08,4.97578e+07,26445100.0
01/17/2006 17:00,1,17,2,17,0,-5.94167,22.8333,0,4.60518e+07,7.59039e+06,4.3844e+08,6.80557e+07,46051800.0
01/17/2006 18:00,1,17,2,18,0,-6.36667,23.75,0,4.64243e+07,7.47938e+06,4.89151e+08,6.97119e+07,46424300.0
01/17/2006 19:00,1,17,2,19,0,-6.7,26.1667,0,4.37143e+07,7.36586e+06,4.91257e+08,6.87515e+07,43714300.0
01/17/2006 20:00,1,17,2,20,0,-7.575,32.8333,0,6.24242e+07,7.25594e+06,4.93689e+08,8.82984e+07,62424200.0
01/17/2006 21:00,1,17,2,21,0,-8.43333,35.8333,0,1.27781e+08,4.32256e+06,4.25718e+08,1.5132e+08,127781000.0
01/17/2006 22:00,1,17,2,22,0,-8.65833,34.4167,0,3.81412e+08,6.44465e+06,2.81285e+08,3.98886e+08,381412000.0
01/17/2006 23:00,1,17,2,23,0,-8.7,34.5833,0,3.16835e+08,0,2.07782e+08,3.33615e+08,316835000.0
01/18/2006 00:00,1,18,3,0,0,-9.10833,38.5,0,2.68485e+08,0,1.92191e+08,2.82078e+08,268485000.0
01/18/2006 01:00,1,18,3,1,0,-9.34167,43.3333,0,3.51267e+08,0,1.6576e+08,3.64491e+08,351267000.0
01/18/2006 02:00,1,18,3,2,0,-8.89167,39.75,0,2.61572e+08,0,1.46583e+08,2.71547e+08,261572000.0
01/18/2006 03:00,1,18,3,3,0,-9.00833,37.75,0,4.90995e+06,366567,1.1751e+08,8.57582e+06,4909950.0
01/18/2006 04:00,1,18,3,4,0,-9.53333,42.5,0,3.95103e+08,0,1.15351e+08,4.0157e+08,395103000.0
01/18/2006 05:00,1,18,3,5,0,-9.35,39.75,0,4.3231e+08,0,1.34745e+08,4.42044e+08,432310000.0
01/18/2006 06:00,1,18,3,6,0,-8.925,33.0833,0,6.49034e+08,35090.9,2.17186e+08,6.62987e+08,649034000.0
01/18/2006 07:00,1,18,3,7,0,-9.03333,31.5833,0,2.80549e+08,858011,4.02341e+08,3.01624e+08,280549000.0
01/18/2006 08:00,1,18,3,8,0,-9.14167,33.1667,0,7.06172e+07,3.58616e+06,4.44486e+08,9.43933e+07,70617200.0
01/18/2006 09:00,1,18,3,9,0,-8.225,32.8333,0,4.50986e+07,4.78509e+06,4.15418e+08,6.91475e+07,45098600.0
01/18/2006 10:00,1,18,3,10,0,-7.13333,28.5,0,6.3737e+07,5.61669e+06,4.12368e+08,8.84117e+07,63737000.0
01/18/2006 11:00,1,18,3,11,0,-6.56667,23.0833,0,8.85862e+07,6.0979e+06,4.10841e+08,1.14998e+08,88586200.0
01/18/2006 12:00,1,18,3,12,0,-5.875,21,0,1.00039e+08,6.4944e+06,4.1383e+08,1.27365e+08,100039000.0
01/18/2006 13:00,1,18,3,13,0,-6.25833,23.3333,0,1.27622e+08,6.01492e+06,4.08226e+08,1.56707e+08,127622000.0
01/18/2006 14:00,1,18,3,14,0,-6.975,25.5833,0,2.64842e+08,2.85836e+06,3.93557e+08,2.96681e+08,264842000.0
01/18/2006 15:00,1,18,3,15,0,-7.04167,27.1667,0,1.68034e+08,5.7113e+06,4.11499e+08,1.98381e+08,168034000.0
01/18/2006 16:00,1,18,3,16,0,-7.40833,29.1667,0,1.24876e+08,6.41044e+06,4.14732e+08,1.47829e+08,124876000.0
01/18/2006 17:00,1,18,3,17,0,-7.99167,30.5833,0,1.21288e+08,6.54053e+06,4.35859e+08,1.43317e+08,121288000.0
01/18/2006 18:00,1,18,3,18,0,-8.375,30.4167,0,1.23177e+08,6.57741e+06,4.87453e+08,1.46227e+08,123177000.0
01/18/2006 19:00,1,18,3,19,0,-8.675,32.3333,0,1.16257e+08,6.56381e+06,4.89805e+08,1.40386e+08,116257000.0
01/18/2006 20:00,1,18,3,20,0,-9.03333,34.5833,0,1.1602e+08,6.60407e+06,4.92557e+08,1.41398e+08,116020000.0
01/18/2006 21:00,1,18,3,21,0,-9.43333,36.1667,0,1.76903e+08,3.72894e+06,4.24789e+08,2.01575e+08,176903000.0
01/18/2006 22:00,1,18,3,22,0,-9.775,38.75,0,5.01299e+08,3.03099e+06,2.85767e+08,5.19738e+08,501299000.0
01/18/2006 23:00,1,18,3,23,0,-9.9,41.75,0,3.95181e+08,0,2.08332e+08,4.09533e+08,395181000.0
01/19/2006 00:00,1,19,4,0,0,-10.075,43.5833,0,3.72581e+08,0,1.93554e+08,3.87297e+08,372581000.0
01/19/2006 01:00,1,19,4,1,0,-10.1417,44.5833,0,4.61419e+08,0,1.66672e+08,4.74438e+08,461419000.0
01/19/2006 02:00,1,19,4,2,0,-10.5083,47.9167,0,3.1034e+08,0,1.45854e+08,3.20944e+08,310340000.0
01/19/2006 03:00,1,19,4,3,0,-10.8,51.75,0,1.50671e+07,0,1.1085e+08,1.75954e+07,15067100.0
01/19/2006 04:00,1,19,4,4,0,-11.0333,54.1667,0,5.19055e+08,0,1.19072e+08,5.26618e+08,519055000.0
01/19/2006 05:00,1,19,4,5,0,-11.3167,56.1667,0,5.28294e+08,0,1.34176e+08,5.37267e+08,528294000.0
01/19/2006 06:00,1,19,4,6,0,-11.4,57.5833,0,7.43647e+08,883463,2.22531e+08,7.58501e+08,743647000.0
01/19/2006 07:00,1,19,4,7,0,-11.3417,55.0833,0,3.8498e+08,1.61139e+06,4.11611e+08,4.05731e+08,384980000.0
01/19/2006 08:00,1,19,4,8,0,-11.3,56.5,0,1.79647e+08,2.89681e+06,4.42603e+08,2.0313e+08,179647000.0
01/19/2006 09:00,1,19,4,9,0,-10.1333,51.4167,0,5.89137e+07,4.24311e+06,4.16038e+08,8.29884e+07,58913700.0
01/19/2006 10:00,1,19,4,10,0,-8.54167,42.5,0,2.17418e+07,5.44094e+06,4.20255e+08,4.64499e+07,21741800.0
01/19/2006 11:00,1,19,4,11,0,-7.18333,36.5,0,1.34101e+07,6.37393e+06,4.2627e+08,4.06462e+07,13410100.0
01/19/2006 12:00,1,19,4,12,0,-5.95833,32.25,0,1.95378e+07,6.98664e+06,4.27907e+08,4.60773e+07,19537800.0
01/19/2006 13:00,1,19,4,13,0,-5.09167,29.8333,0,2.84239e+07,6.83844e+06,4.26112e+08,5.75181e+07,28423900.0
01/19/2006 14:00,1,19,4,14,0,-4.15833,30.1667,0,2.48669e+07,4.16946e+06,4.10308e+08,5.73704e+07,24866900.0
01/19/2006 15:00,1,19,4,15,0,-3.7,32.75,0,7.99179e+06,7.22455e+06,4.29672e+08,3.76738e+07,7991790.0
01/19/2006 16:00,1,19,4,16,0,-3.46667,32.25,0,1.00506e+07,8.1756e+06,4.32904e+08,3.29232e+07,10050600.0
01/19/2006 17:00,1,19,4,17,0,-3.53333,32.1667,0,1.72201e+07,8.35844e+06,4.44869e+08,3.92754e+07,17220100.0
01/19/2006 18:00,1,19,4,18,0,-4.05,36.5,0,2.86991e+07,8.21391e+06,4.92416e+08,5.17895e+07,28699100.0
01/19/2006 19:00,1,19,4,19,0,-4.76667,41.9167,0,2.00748e+07,8.0292e+06,4.94519e+08,4.42386e+07,20074800.0
01/19/2006 20:00,1,19,4,20,0,-5.1,44.5833,0,1.77521e+07,8.07361e+06,4.97197e+08,4.41319e+07,17752100.0
01/19/2006 21:00,1,19,4,21,0,-5.15833,47.3333,0,4.83468e+07,5.38355e+06,4.28111e+08,7.28239e+07,48346800.0
01/19/2006 22:00,1,19,4,22,0,-5.43333,53.0833,0,1.81039e+08,51856,2.69972e+08,1.99338e+08,181039000.0
01/19/2006 23:00,1,19,4,23,0,-5.30833,57.1667,0,2.60048e+08,0,2.0763e+08,2.74492e+08,260048000.0
01/20/2006 00:00,1,20,5,0,0,-4.98333,60.9167,0,2.40944e+08,0,1.92052e+08,2.54697e+08,240944000.0
01/20/2006 01:00,1,20,5,1,0,-5.075,61.8333,0,2.79641e+08,0,1.65524e+08,2.92807e+08,279641000.0
01/20/2006 02:00,1,20,5,2,0,-5.14167,58.0833,0,2.10661e+08,1.08143e+06,1.65145e+08,2.20957e+08,210661000.0
01/20/2006 03:00,1,20,5,3,0,-5.33333,55.4167,0,1.02388e+06,0,1.10667e+08,4.58672e+06,1023880.0
01/20/2006 04:00,1,20,5,4,0,-5.26667,54.4167,0,3.09574e+08,0,1.148e+08,3.16227e+08,309574000.0
01/20/2006 05:00,1,20,5,5,0,-5.33333,58.0833,0,3.02321e+08,0,1.3365e+08,3.12131e+08,302321000.0
01/20/2006 06:00,1,20,5,6,0,-5.73333,62.1667,0,5.207e+08,62260.8,2.16808e+08,5.34491e+08,520700000.0
01/20/2006 07:00,1,20,5,7,0,-5.9,64.75,0,1.94398e+08,1.44168e+06,4.03458e+08,2.15317e+08,194398000.0
01/20/2006 08:00,1,20,5,8,0,-5.60833,69.5,0,6.98222e+07,4.81714e+06,4.51149e+08,9.38293e+07,69822200.0
01/20/2006 09:00,1,20,5,9,0,-4,68.5,0,5.29364e+07,6.09933e+06,4.21353e+08,7.78966e+07,52936400.0
01/20/2006 10:00,1,20,5,10,0,-2.475,63.0833,0,4.73537e+07,7.03109e+06,4.12509e+08,7.22957e+07,47353700.0
01/20/2006 11:00,1,20,5,11,0,-1.225,58.6667,0,3.21855e+07,7.71277e+06,4.09736e+08,5.75553e+07,32185500.0
01/20/2006 12:00,1,20,5,12,0,0.508333,58.1667,0,7.97129e+06,8.50521e+06,4.12879e+08,3.63449e+07,7971290.0
01/20/2006 13:00,1,20,5,13,0,2.46667,53.1667,0,5.04119e+06,8.79075e+06,4.13465e+08,3.38343e+07,5041190.0
01/20/2006 14:00,1,20,5,14,0,4.29167,47.8333,0,1.14814e+07,6.35916e+06,3.97625e+08,4.2251e+07,11481400.0
01/20/2006 15:00,1,20,5,15,0,5.81667,45.25,0,1.7929e+06,9.83359e+06,4.18182e+08,3.29528e+07,1792900.0
01/20/2006 16:00,1,20,5,16,0,6.63333,44,0,156141,1.27724e+07,4.65825e+08,2.33622e+07,156141.0
01/20/2006 17:00,1,20,5,17,0,4.93333,50.4167,0,70658.5,1.17375e+07,4.70959e+08,2.21438e+07,70658.5
01/20/2006 18:00,1,20,5,18,0,3.48333,55.5833,0,327828,1.03958e+07,4.96696e+08,2.37428e+07,327828.0
01/20/2006 19:00,1,20,5,19,0,2.23333,65.9167,0,491399,1.01571e+07,4.98041e+08,2.47636e+07,491399.0
01/20/2006 20:00,1,20,5,20,0,3.44167,61.9167,0,2.53701e+06,1.05524e+07,5.00212e+08,2.76451e+07,2537010.0
01/20/2006 21:00,1,20,5,21,0,3.96667,56.9167,0,2.1597e+07,7.99798e+06,4.31332e+08,4.55676e+07,21597000.0
01/20/2006 22:00,1,20,5,22,0,2.83333,61.3333,0,9.37457e+07,1.53805e+06,2.79613e+08,1.12262e+08,93745700.0
01/20/2006 23:00,1,20,5,23,0,2.61667,63.5833,0,1.42312e+08,2.21335e+06,2.20692e+08,1.57789e+08,142312000.0
01/21/2006 00:00,1,21,6,0,0,2.58333,64.5833,0,1.64046e+08,0,1.91764e+08,1.78864e+08,164046000.0
01/21/2006 01:00,1,21,6,1,0,2.675,59.75,0,0,0,9.26718e+07,0,0.0
01/21/2006 02:00,1,21,6,2,0,2.91667,51.9167,0,0,0,8.57679e+07,0,0.0
01/21/2006 03:00,1,21,6,3,0,2.125,51.9167,0,491682,0,8.6197e+07,2.03215e+06,491682.0
01/21/2006 04:00,1,21,6,4,0,2.14167,54.5833,0,1.76104e+06,0,8.86072e+07,1.76104e+06,1761040.0
01/21/2006 05:00,1,21,6,5,0,1.78333,53.25,0,2.59108e+06,0,8.14485e+07,2.59108e+06,2591080.0
01/21/2006 06:00,1,21,6,6,0,0.966667,50.8333,0,4.74514e+08,0,1.15015e+08,4.84536e+08,474514000.0
01/21/2006 07:00,1,21,6,7,0,0.858333,50,0,2.88752e+08,0,1.37618e+08,2.98757e+08,288752000.0
01/21/2006 08:00,1,21,6,8,0,0.783333,50,0,3.25481e+08,109451,1.54605e+08,3.36645e+08,325481000.0
01/21/2006 09:00,1,21,6,9,0,1.4,47.6667,0,1.76924e+08,0,1.71738e+08,1.91654e+08,176924000.0
01/21/2006 10:00,1,21,6,10,0,2.775,43.0833,0,1.26449e+08,0,1.84481e+08,1.41651e+08,126449000.0
01/21/2006 11:00,1,21,6,11,0,4.39167,36.9167,0,1.09948e+08,0,1.75605e+08,1.26922e+08,109948000.0
01/21/2006 12:00,1,21,6,12,0,5.68333,31.0833,0,9.3329e+07,0,1.63469e+08,1.09416e+08,93329000.0
01/21/2006 13:00,1,21,6,13,0,6.50833,29,0,7.1751e+07,0,1.432e+08,8.78669e+07,71751000.0
01/21/2006 14:00,1,21,6,14,0,7.26667,27.8333,0,4.95618e+07,0,1.19191e+08,6.47088e+07,49561800.0
01/21/2006 15:00,1,21,6,15,0,7.65833,26.4167,0,3.85668e+07,0,1.08722e+08,5.27607e+07,38566800.0
01/21/2006 16:00,1,21,6,16,0,7.875,24.8333,0,4.57625e+07,0,1.14199e+08,5.83607e+07,45762500.0
01/21/2006 17:00,1,21,6,17,0,7.06667,26.9167,0,5.69502e+07,0,1.01394e+08,6.89023e+07,56950200.0
01/21/2006 18:00,1,21,6,18,0,5.29167,34.25,0,0,0,1.13324e+08,1.1207e+07,0.0
01/21/2006 19:00,1,21,6,19,0,3.85833,43.25,0,0,0,1.00458e+08,8.61936e+06,0.0
01/21/2006 20:00,1,21,6,20,0,2.29167,52.8333,0,0,0,9.78697e+07,7.43836e+06,0.0
01/21/2006 21:00,1,21,6,21,0,1.03333,58.75,0,0,0,9.18554e+07,0,0.0
01/21/2006 22:00,1,21,6,22,0,0.816667,58.8333,0,1.56054e+06,0,9.52023e+07,1.56054e+06,1560540.0
01/21/2006 23:00,1,21,6,23,0,0.783333,60.9167,0,2.10803e+06,0,9.45337e+07,3.64857e+06,2108030.0
01/22/2006 00:00,1,22,0,0,0,0.525,65.3333,0,8.27669e+06,0,1.00618e+08,8.27669e+06,8276690.0
01/22/2006 01:00,1,22,0,1,0,0.575,65.25,0,1.26531e+07,0,9.12301e+07,1.41936e+07,12653100.0
01/22/2006 02:00,1,22,0,2,0,0.641667,68.6667,0,2.01257e+07,0,9.84233e+07,2.01257e+07,20125700.0
01/22/2006 03:00,1,22,0,3,0,0.658333,70.8333,0,2.11001e+07,0,9.44564e+07,2.11001e+07,21100100.0
01/22/2006 04:00,1,22,0,4,0,0.583333,72.3333,0,3.01343e+07,0,9.84421e+07,3.16748e+07,30134300.0
01/22/2006 05:00,1,22,0,5,0,0.733333,74,0,2.77177e+07,0,9.44745e+07,3.84003e+07,27717700.0
01/22/2006 06:00,1,22,0,6,0,0.9,74.5833,0,3.552e+07,0,1.00265e+08,4.41797e+07,35520000.0
01/22/2006 07:00,1,22,0,7,0,1.36667,72.6667,0,3.24882e+07,0,1.14102e+08,4.02964e+07,32488200.0
01/22/2006 08:00,1,22,0,8,0,2.05,69.8333,0,3.96704e+07,0,9.25223e+07,4.72768e+07,39670400.0
01/22/2006 09:00,1,22,0,9,0,3,64.3333,0,2.53731e+07,0,7.39749e+07,3.49416e+07,25373100.0
01/22/2006 10:00,1,22,0,10,0,3.96667,61.5833,0,1.70993e+07,0,7.31027e+07,2.54192e+07,17099300.0
01/22/2006 11:00,1,22,0,11,0,5.29167,63.75,0,5.96129e+06,0,6.74645e+07,1.49306e+07,5961290.0
01/22/2006 12:00,1,22,0,12,0,5.94167,67.9167,0,2.2219e+06,0,6.10363e+07,1.19896e+07,2221900.0
01/22/2006 13:00,1,22,0,13,0,6.775,65.9167,0,842634,0,6.03657e+07,1.07503e+07,842634.0
01/22/2006 14:00,1,22,0,14,0,8.33333,59.5,0,0,0,5.76885e+07,1.01394e+07,0.0
01/22/2006 15:00,1,22,0,15,0,9,54.0833,0,397479,0,5.92404e+07,1.02242e+07,397479.0
01/22/2006 16:00,1,22,0,16,0,9.11667,50.8333,0,625142,0,6.05159e+07,1.02177e+07,625142.0
01/22/2006 17:00,1,22,0,17,0,9.66667,52.3333,0,806087,0,6.22608e+07,8.43718e+06,806087.0
01/22/2006 18:00,1,22,0,18,0,10,52.25,0,2.80953e+06,0,9.59499e+07,1.10164e+07,2809530.0
01/22/2006 19:00,1,22,0,19,0,8.89167,54.5,0,1.48865e+07,0,1.06818e+08,2.28165e+07,14886500.0
01/22/2006 20:00,1,22,0,20,0,7.69167,58.1667,0,2.08715e+07,0,1.03831e+08,2.33151e+07,20871500.0
01/22/2006 21:00,1,22,0,21,0,6.99167,62.5,0,1.71412e+07,0,1.06811e+08,1.71412e+07,17141200.0
01/22/2006 22:00,1,22,0,22,0,6.58333,62.6667,0,1.89913e+07,0,1.03826e+08,2.05317e+07,18991300.0
01/22/2006 23:00,1,22,0,23,0,6.26667,62.1667,0,2.41694e+07,0,1.06819e+08,2.41694e+07,24169400.0
01/23/2006 00:00,1,23,1,0,0,7.44167,80.5,0,1.87362e+07,0,1.03825e+08,1.87362e+07,18736200.0
01/23/2006 01:00,1,23,1,1,0,8.69167,92.4167,0,6.91467e+08,71783.9,1.74022e+08,7.09673e+08,691467000.0
01/23/2006 02:00,1,23,1,2,0,8.725,90.8333,0,3.0962e+08,0,1.48769e+08,3.19581e+08,309620000.0
01/23/2006 03:00,1,23,1,3,0,8.775,88.8333,0,0,0,9.9572e+07,3.48717e+06,0.0
01/23/2006 04:00,1,23,1,4,0,8.14167,90.3333,0,4.33296e+08,0,1.14844e+08,4.39624e+08,433296000.0
01/23/2006 05:00,1,23,1,5,0,7.775,92.5833,0,4.87747e+08,0,1.35212e+08,4.97304e+08,487747000.0
01/23/2006 06:00,1,23,1,6,0,7.9,92.4167,0,0,230025,2.18797e+08,1.4187e+07,0.0
01/23/2006 07:00,1,23,1,7,0,8.48333,89.6667,0,1.7958e+08,712800,4.00257e+08,2.00741e+08,179580000.0
01/23/2006 08:00,1,23,1,8,0,8.95833,86.25,0,4.48336e+07,5.60899e+06,4.42022e+08,6.84963e+07,44833600.0
01/23/2006 09:00,1,23,1,9,0,9,84.4167,0,1.34392e+07,7.98002e+06,4.11186e+08,3.75413e+07,13439200.0
01/23/2006 10:00,1,23,1,10,0,9.75833,79.3333,0,7.7114e+06,9.44003e+06,4.09045e+08,3.24412e+07,7711400.0
01/23/2006 11:00,1,23,1,11,0,12.1667,66.0833,0,476026,1.06613e+07,4.06075e+08,2.73222e+07,476026.0
01/23/2006 12:00,1,23,1,12,0,14.4333,56.0833,0,0,1.39477e+07,4.41758e+08,2.6991e+07,0.0
01/23/2006 13:00,1,23,1,13,0,15.45,51.0833,0,0,2.00169e+07,4.51818e+08,2.91248e+07,0.0
01/23/2006 14:00,1,23,1,14,0,16.2833,44.9167,0,0,2.92993e+07,4.49367e+08,3.25294e+07,0.0
01/23/2006 15:00,1,23,1,15,0,15.475,40.8333,0,0,2.47519e+07,4.59244e+08,2.97099e+07,0.0
01/23/2006 16:00,1,23,1,16,0,12.7917,43.5,0,0,1.16482e+07,4.19397e+08,2.29123e+07,0.0
01/23/2006 17:00,1,23,1,17,0,10.0417,46,0,99431,1.12704e+07,4.30411e+08,2.21935e+07,99431.0
01/23/2006 18:00,1,23,1,18,0,7.6,46.5833,0,2.06862e+06,1.14911e+07,4.9504e+08,2.51961e+07,2068620.0
01/23/2006 19:00,1,23,1,19,0,5.9,47,0,6.958e+06,1.04095e+07,4.91687e+08,3.11649e+07,6958000.0
01/23/2006 20:00,1,23,1,20,0,4.75833,48.75,0,4.88388e+06,1.02744e+07,4.94621e+08,3.14528e+07,4883880.0
01/23/2006 21:00,1,23,1,21,0,4.125,51.1667,0,1.11615e+07,7.59422e+06,4.27497e+08,3.56667e+07,11161500.0
01/23/2006 22:00,1,23,1,22,0,4.11667,52.5833,0,7.19446e+07,1.67776e+06,2.80734e+08,9.0122e+07,71944600.0
01/23/2006 23:00,1,23,1,23,0,3.96667,52.4167,0,1.35906e+08,1.55247e+06,2.11968e+08,1.50507e+08,135906000.0
01/24/2006 00:00,1,24,2,0,0,3.39167,55.5,0,1.41034e+08,0,1.91532e+08,1.5469e+08,141034000.0
01/24/2006 01:00,1,24,2,1,0,2.45833,65,0,1.83773e+08,0,1.64535e+08,1.97051e+08,183773000.0
01/24/2006 02:00,1,24,2,2,0,2.29167,69.4167,0,1.66504e+08,0,1.44788e+08,1.76735e+08,166504000.0
01/24/2006 03:00,1,24,2,3,0,1.8,67.8333,0,0,0,1.05522e+08,3.62528e+06,0.0
01/24/2006 04:00,1,24,2,4,0,1.00833,67.5833,0,2.55343e+08,0,1.10005e+08,2.61942e+08,255343000.0
01/24/2006 05:00,1,24,2,5,0,0.508333,72.6667,0,3.03586e+08,0,1.34202e+08,3.13395e+08,303586000.0
01/24/2006 06:00,1,24,2,6,0,0.0666667,73.6667,0,3.40384e+08,107843,2.16394e+08,3.54175e+08,340384000.0
01/24/2006 07:00,1,24,2,7,0,0.075,70.8333,0,1.14601e+08,2.94992e+06,4.04465e+08,1.35541e+08,114601000.0
01/24/2006 08:00,1,24,2,8,0,0.258333,70,0,4.70435e+07,7.64968e+06,4.65732e+08,7.10984e+07,47043500.0
01/24/2006 09:00,1,24,2,9,0,0.533333,70.5833,0,3.51853e+07,7.74957e+06,4.28385e+08,6.02108e+07,35185300.0
01/24/2006 10:00,1,24,2,10,0,0.816667,71.5833,0,2.56811e+07,8.28391e+06,4.15734e+08,5.07684e+07,25681100.0
01/24/2006 11:00,1,24,2,11,0,1.19167,72,0,1.44179e+07,8.72827e+06,4.12481e+08,3.98225e+07,14417900.0
01/24/2006 12:00,1,24,2,12,0,1.75,72.5833,0,5.41554e+06,9.16479e+06,4.12601e+08,3.38176e+07,5415540.0
01/24/2006 13:00,1,24,2,13,0,2.40833,75.3333,0,3.53108e+06,9.04331e+06,4.11796e+08,3.25146e+07,3531080.0
01/24/2006 14:00,1,24,2,14,0,2.81667,79.3333,0,1.41345e+07,6.14461e+06,3.96753e+08,4.48278e+07,14134500.0
01/24/2006 15:00,1,24,2,15,0,2.95833,82.1667,0,2.55447e+06,9.07456e+06,4.1579e+08,3.40617e+07,2554470.0
01/24/2006 16:00,1,24,2,16,0,3.175,87.6667,0,286281,1.0073e+07,4.30941e+08,2.35212e+07,286281.0
01/24/2006 17:00,1,24,2,17,0,3.59167,93.3333,0,50685.9,1.05537e+07,4.48943e+08,2.21749e+07,50685.9
01/24/2006 18:00,1,24,2,18,0,4.20833,97.3333,0,1.29936e+06,1.09641e+07,4.87551e+08,2.44659e+07,1299360.0
01/24/2006 19:00,1,24,2,19,0,5.025,99,0,3.19395e+06,1.1314e+07,4.96444e+08,2.73632e+07,3193950.0
01/24/2006 20:00,1,24,2,20,0,6.91667,99.5833,0,6.67618e+06,1.23522e+07,5.05794e+08,3.18351e+07,6676180.0
01/24/2006 21:00,1,24,2,21,0,7.59167,99.4167,0,2.76977e+07,9.47393e+06,4.31996e+08,5.21818e+07,27697700.0
01/24/2006 22:00,1,24,2,22,0,4.85,99,0,1.05795e+08,2.93765e+06,2.94747e+08,1.24305e+08,105795000.0
01/24/2006 23:00,1,24,2,23,0,3.625,99.5833,0,1.37113e+08,2.22917e+06,2.18515e+08,1.52035e+08,137113000.0
01/25/2006 00:00,1,25,3,0,0,3.94167,100,0,1.42839e+08,0,1.92579e+08,1.57776e+08,142839000.0
01/25/2006 01:00,1,25,3,1,0,3.9,100,0,1.72782e+08,0,1.65769e+08,1.85913e+08,172782000.0
01/25/2006 02:00,1,25,3,2,0,3.66667,100,0,1.37724e+08,0,1.46732e+08,1.48208e+08,137724000.0
01/25/2006 03:00,1,25,3,3,0,3.96667,100,0,0,0,1.09033e+08,1.90165e+06,0.0
01/25/2006 04:00,1,25,3,4,0,4.70833,100,0,2.40414e+08,0,1.12176e+08,2.48012e+08,240414000.0
01/25/2006 05:00,1,25,3,5,0,5.23333,100,0,2.81315e+08,0,1.34002e+08,2.9078e+08,281315000.0
01/25/2006 06:00,1,25,3,6,0,5.75,100,0,0,10377.3,2.15775e+08,1.43017e+07,0.0
01/25/2006 07:00,1,25,3,7,0,5.825,100,0,1.0694e+08,4.73159e+06,4.07788e+08,1.28128e+08,106940000.0
01/25/2006 08:00,1,25,3,8,0,6.28333,98.8333,0,2.90857e+07,9.54362e+06,4.58209e+08,5.26856e+07,29085700.0
01/25/2006 09:00,1,25,3,9,0,6.875,97.4167,0,2.1153e+07,1.17882e+07,4.6093e+08,4.5272e+07,21153000.0
01/25/2006 10:00,1,25,3,10,0,7.525,94.6667,0,9.56537e+06,1.26688e+07,4.54079e+08,3.4313e+07,9565370.0
01/25/2006 11:00,1,25,3,11,0,8.48333,91.25,0,3.64008e+06,1.13985e+07,4.18642e+08,3.06548e+07,3640080.0
01/25/2006 12:00,1,25,3,12,0,10.65,84.1667,0,242760,1.22212e+07,4.17063e+08,2.70975e+07,242760.0
01/25/2006 13:00,1,25,3,13,0,12.3083,75.9167,0,0,1.23195e+07,4.1726e+08,2.91374e+07,0.0
01/25/2006 14:00,1,25,3,14,0,11.4917,70.6667,0,0,9.04639e+06,4.0001e+08,3.25334e+07,0.0
01/25/2006 15:00,1,25,3,15,0,11.05,53.25,0,0,1.16211e+07,4.17316e+08,2.97214e+07,0.0
01/25/2006 16:00,1,25,3,16,0,11.65,34.4167,0,0,1.22991e+07,4.31827e+08,2.29028e+07,0.0
01/25/2006 17:00,1,25,3,17,0,10.6167,29.5833,0,0,1.20799e+07,4.42616e+08,2.21134e+07,0.0
01/25/2006 18:00,1,25,3,18,0,8.825,31.75,0,201686,1.15976e+07,4.91258e+08,2.33534e+07,201686.0
01/25/2006 19:00,1,25,3,19,0,7.325,38.25,0,681401,1.12376e+07,4.98899e+08,2.49141e+07,681401.0
01/25/2006 20:00,1,25,3,20,0,6,42,0,1.46603e+06,1.21347e+07,5.19009e+08,2.84432e+07,1466030.0
01/25/2006 21:00,1,25,3,21,0,5.15,43.1667,0,1.20704e+07,1.04596e+07,4.6793e+08,3.65271e+07,12070400.0
01/25/2006 22:00,1,25,3,22,0,4.66667,45.75,0,6.79528e+07,1.64454e+06,2.74025e+08,8.5738e+07,67952800.0
01/25/2006 23:00,1,25,3,23,0,3.975,48.75,0,1.25311e+08,2.12003e+06,2.12878e+08,1.4029e+08,125311000.0
01/26/2006 00:00,1,26,4,0,0,3.13333,49.4167,0,1.31406e+08,0,1.91908e+08,1.45022e+08,131406000.0
01/26/2006 01:00,1,26,4,1,0,2.625,48.4167,0,1.73201e+08,0,1.64883e+08,1.86499e+08,173201000.0
01/26/2006 02:00,1,26,4,2,0,2.15,43.9167,0,1.79749e+08,0,1.47762e+08,1.8977e+08,179749000.0
01/26/2006 03:00,1,26,4,3,0,1.08333,38.6667,0,0,0,1.10273e+08,3.82862e+06,0.0
01/26/2006 04:00,1,26,4,4,0,0.15,38.75,0,3.08775e+08,0,1.13689e+08,3.15444e+08,308775000.0
01/26/2006 05:00,1,26,4,5,0,-0.45,40,0,3.59754e+08,0,1.34469e+08,3.69576e+08,359754000.0
01/26/2006 06:00,1,26,4,6,0,-1.05,41.75,0,3.47108e+08,0,2.16338e+08,3.60918e+08,347108000.0
01/26/2006 07:00,1,26,4,7,0,-1.65,43.5833,0,9.72736e+07,2.66902e+06,4.08031e+08,1.18292e+08,97273600.0
01/26/2006 08:00,1,26,4,8,0,-1.78333,45.1667,0,2.71442e+07,6.12232e+06,4.47397e+08,5.12417e+07,27144200.0
01/26/2006 09:00,1,26,4,9,0,-1.35,45.4167,0,1.31161e+07,7.09089e+06,4.18111e+08,3.80773e+07,13116100.0
01/26/2006 10:00,1,26,4,10,0,-0.283333,43.25,0,1.17754e+07,8.02113e+06,4.14324e+08,3.65065e+07,11775400.0
01/26/2006 11:00,1,26,4,11,0,0.65,40.25,0,8.70368e+06,8.66372e+06,4.14798e+08,3.42845e+07,8703680.0
01/26/2006 12:00,1,26,4,12,0,1.30833,37.8333,0,7.40697e+06,9.04515e+06,4.15621e+08,3.56717e+07,7406970.0
01/26/2006 13:00,1,26,4,13,0,1.89167,37,0,6.81517e+06,8.80453e+06,4.13686e+08,3.59571e+07,6815170.0
01/26/2006 14:00,1,26,4,14,0,1.80833,38.1667,0,1.10835e+07,5.84334e+06,3.96343e+08,4.24975e+07,11083500.0
01/26/2006 15:00,1,26,4,15,0,1.36667,40.1667,0,1.90376e+06,8.37992e+06,4.10004e+08,3.27864e+07,1903760.0
01/26/2006 16:00,1,26,4,16,0,1.025,41,0,3.7729e+06,9.13663e+06,4.18958e+08,2.68191e+07,3772900.0
01/26/2006 17:00,1,26,4,17,0,0.9,41.5833,0,9.42971e+06,9.34385e+06,4.39421e+08,3.15383e+07,9429710.0
01/26/2006 18:00,1,26,4,18,0,0.491667,42,0,1.19809e+07,9.37528e+06,4.86529e+08,3.51064e+07,11980900.0
01/26/2006 19:00,1,26,4,19,0,0.491667,42,0,1.40843e+07,9.43649e+06,4.95386e+08,3.82868e+07,14084300.0
01/26/2006 20:00,1,26,4,20,0,0.583333,43.1667,0,9.44156e+06,9.57208e+06,4.9844e+08,3.49832e+07,9441560.0
01/26/2006 21:00,1,26,4,21,0,0.325,47.5,0,2.49461e+07,6.91987e+06,4.30175e+08,4.97236e+07,24946100.0
01/26/2006 22:00,1,26,4,22,0,0.141667,49.4167,0,9.15485e+07,516730,2.70193e+08,1.1003e+08,91548500.0
01/26/2006 23:00,1,26,4,23,0,-0.0166667,49,0,1.551e+08,1.58425e+06,2.12241e+08,1.69482e+08,155100000.0
01/27/2006 00:00,1,27,5,0,0,-0.1,49,0,1.47746e+08,1.08149e+06,2.08902e+08,1.62454e+08,147746000.0
01/27/2006 01:00,1,27,5,1,0,-0.1,49.5833,0,2.22931e+08,0,1.65854e+08,2.36001e+08,222931000.0
01/27/2006 02:00,1,27,5,2,0,-0.158333,47.6667,0,1.51785e+08,0,1.45653e+08,1.6245e+08,151785000.0
01/27/2006 03:00,1,27,5,3,0,-0.2,47.1667,0,0,0,1.10431e+08,2.48257e+06,0.0
01/27/2006 04:00,1,27,5,4,0,-0.141667,50.9167,0,2.2082e+08,0,1.09826e+08,2.28298e+08,220820000.0
01/27/2006 05:00,1,27,5,5,0,-0.216667,54.1667,0,2.62126e+08,0,1.33956e+08,2.7139e+08,262126000.0
01/27/2006 06:00,1,27,5,6,0,-0.241667,55,0,2.95771e+08,103037,2.1629e+08,3.10334e+08,295771000.0
01/27/2006 07:00,1,27,5,7,0,-0.316667,55.5833,0,9.57932e+07,2.8442e+06,4.05353e+08,1.16873e+08,95793200.0
01/27/2006 08:00,1,27,5,8,0,-0.341667,57.1667,0,3.52166e+07,6.983e+06,4.60484e+08,5.87648e+07,35216600.0
01/27/2006 09:00,1,27,5,9,0,-0.00833333,55.0833,0,2.76933e+07,7.4774e+06,4.30646e+08,5.18274e+07,27693300.0
01/27/2006 10:00,1,27,5,10,0,0.433333,55.3333,0,2.44774e+07,8.04104e+06,4.16874e+08,4.9244e+07,24477400.0
01/27/2006 11:00,1,27,5,11,0,1.00833,57,0,1.6489e+07,8.52098e+06,4.13584e+08,4.37863e+07,16489000.0
01/27/2006 12:00,1,27,5,12,0,1.70833,56.4167,0,1.03281e+07,8.96955e+06,4.13631e+08,3.69316e+07,10328100.0
01/27/2006 13:00,1,27,5,13,0,3.05,55.4167,0,5.92949e+06,8.98612e+06,4.12818e+08,3.50775e+07,5929490.0
01/27/2006 14:00,1,27,5,14,0,4.03333,55,0,9.79564e+06,6.31835e+06,3.96349e+08,4.23335e+07,9795640.0
01/27/2006 15:00,1,27,5,15,0,4.43333,59.6667,0,1.85106e+06,9.20701e+06,4.11118e+08,3.15801e+07,1851060.0
01/27/2006 16:00,1,27,5,16,0,4.6,61.8333,0,3.20052e+06,1.01448e+07,4.26415e+08,2.61046e+07,3200520.0
01/27/2006 17:00,1,27,5,17,0,4.71667,63.9167,0,4.56167e+06,1.04514e+07,4.47023e+08,2.66961e+07,4561670.0
01/27/2006 18:00,1,27,5,18,0,4.85833,67.75,0,5.36952e+06,1.06844e+07,4.8761e+08,2.85475e+07,5369520.0
01/27/2006 19:00,1,27,5,19,0,4.725,73.6667,0,1.35386e+07,1.08132e+07,4.96563e+08,3.79601e+07,13538600.0
01/27/2006 20:00,1,27,5,20,0,4.48333,81.6667,0,1.41707e+07,1.09761e+07,4.99471e+08,4.14024e+07,14170700.0
01/27/2006 21:00,1,27,5,21,0,4.34167,85.5833,0,2.95301e+07,8.30164e+06,4.31302e+08,5.37038e+07,29530100.0
01/27/2006 22:00,1,27,5,22,0,4.41667,86.5833,0,9.84744e+07,1.78275e+06,2.79527e+08,1.16084e+08,98474400.0
01/27/2006 23:00,1,27,5,23,0,4.38333,87.5833,0,1.66149e+08,1.70118e+06,2.12388e+08,1.81515e+08,166149000.0
01/28/2006 00:00,1,28,6,0,0,4.24167,90.3333,0,1.57931e+08,0,1.91004e+08,1.71548e+08,157931000.0
01/28/2006 01:00,1,28,6,1,0,4.14167,92.5833,0,0,0,9.26844e+07,1.54078e+06,0.0
01/28/2006 02:00,1,28,6,2,0,4.50833,91.25,0,0,0,8.57527e+07,0,0.0
01/28/2006 03:00,1,28,6,3,0,4.50833,92.3333,0,0,0,8.45194e+07,0,0.0
01/28/2006 04:00,1,28,6,4,0,4.125,97.5,0,0,0,8.55781e+07,1.54047e+06,0.0
01/28/2006 05:00,1,28,6,5,0,4.64167,97.6667,0,0,0,7.87687e+07,0,0.0
01/28/2006 06:00,1,28,6,6,0,5.50833,96.5833,0,1.17917e+06,0,9.31898e+07,1.03415e+07,1179170.0
01/28/2006 07:00,1,28,6,7,0,6.15,97,0,3.71945e+08,0,1.40584e+08,3.81916e+08,371945000.0
01/28/2006 08:00,1,28,6,8,0,6.75,97.5833,0,2.99479e+08,0,1.55134e+08,3.12195e+08,299479000.0
01/28/2006 09:00,1,28,6,9,0,7.58333,98,0,2.72248e+08,0,1.75948e+08,2.85845e+08,272248000.0
01/28/2006 10:00,1,28,6,10,0,8.75833,92.75,0,2.43759e+08,0,1.83447e+08,2.59735e+08,243759000.0
01/28/2006 11:00,1,28,6,11,0,8.71667,85.5,0,1.86704e+08,0,1.72862e+08,2.02359e+08,186704000.0
01/28/2006 12:00,1,28,6,12,0,7.65833,76,0,2.05705e+08,0,1.5983e+08,2.23412e+08,205705000.0
01/28/2006 13:00,1,28,6,13,0,6.90833,60.5,0,2.38606e+08,0,1.38933e+08,2.53504e+08,238606000.0
01/28/2006 14:00,1,28,6,14,0,6.29167,54.75,0,2.30148e+08,0,1.16231e+08,2.46484e+08,230148000.0
01/28/2006 15:00,1,28,6,15,0,6.11667,51.3333,0,1.92546e+08,0,1.06363e+08,2.06e+08,192546000.0
01/28/2006 16:00,1,28,6,16,0,5.61667,43.3333,0,1.60524e+08,0,1.11217e+08,1.73637e+08,160524000.0
01/28/2006 17:00,1,28,6,17,0,4.5,40,0,2.19004e+08,0,1.00567e+08,2.32013e+08,219004000.0
01/28/2006 18:00,1,28,6,18,0,3.35833,46.4167,0,0,0,1.07528e+08,1.00446e+07,0.0
01/28/2006 19:00,1,28,6,19,0,2.9,49.8333,0,0,0,9.79815e+07,9.51194e+06,0.0
01/28/2006 20:00,1,28,6,20,0,2.55,50.1667,0,0,0,9.32332e+07,5.73091e+06,0.0
01/28/2006 21:00,1,28,6,21,0,2.475,49.25,0,2.07847e+06,0,9.45348e+07,3.12246e+06,2078470.0
01/28/2006 22:00,1,28,6,22,0,2.30833,48.5833,0,2.25534e+06,0,9.52041e+07,2.75184e+06,2255340.0
01/28/2006 23:00,1,28,6,23,0,1.225,57.1667,0,1.47724e+06,0,9.45339e+07,1.47724e+06,1477240.0
01/29/2006 00:00,1,29,0,0,0,0.95,58.9167,0,3.4317e+06,0,9.52057e+07,4.97244e+06,3431700.0
01/29/2006 01:00,1,29,0,1,0,0.558333,56.5833,0,1.46927e+07,0,9.1297e+07,1.46927e+07,14692700.0
01/29/2006 02:00,1,29,0,2,0,0.158333,54.0833,0,1.36587e+07,0,9.41349e+07,1.36587e+07,13658700.0
01/29/2006 03:00,1,29,0,3,0,-0.266667,53.1667,0,2.10986e+07,0,9.70199e+07,2.26392e+07,21098600.0
01/29/2006 04:00,1,29,0,4,0,-0.658333,49.3333,0,2.11146e+07,0,9.51239e+07,2.11146e+07,21114600.0
01/29/2006 05:00,1,29,0,5,0,-1.28333,50.0833,0,4.09462e+07,0,9.78008e+07,5.23989e+07,40946200.0
01/29/2006 06:00,1,29,0,6,0,-1.81667,51.25,0,5.06331e+07,0,9.69755e+07,5.91756e+07,50633100.0
01/29/2006 07:00,1,29,0,7,0,-1.95833,47.6667,0,6.76896e+07,0,1.17449e+08,7.54728e+07,67689600.0
01/29/2006 08:00,1,29,0,8,0,-2,47.75,0,6.27522e+07,0,8.88234e+07,7.0358e+07,62752200.0
01/29/2006 09:00,1,29,0,9,0,-1.53333,46.6667,0,3.61314e+07,0,7.76893e+07,4.56956e+07,36131400.0
01/29/2006 10:00,1,29,0,10,0,-0.85,42.0833,0,1.77119e+07,0,7.48216e+07,2.61984e+07,17711900.0
01/29/2006 11:00,1,29,0,11,0,-0.133333,37.6667,0,1.2366e+07,0,7.50106e+07,2.11715e+07,12366000.0
01/29/2006 12:00,1,29,0,12,0,0.666667,32.5,0,3.24151e+06,0,7.37051e+07,1.30185e+07,3241510.0
01/29/2006 13:00,1,29,0,13,0,1.40833,28.8333,0,1.74228e+06,0,7.68763e+07,1.16499e+07,1742280.0
01/29/2006 14:00,1,29,0,14,0,2.16667,28,0,36823.9,0,7.45583e+07,1.01859e+07,36823.9
01/29/2006 15:00,1,29,0,15,0,2.55833,28,0,0,0,7.75828e+07,9.82862e+06,0.0
01/29/2006 16:00,1,29,0,16,0,2.65833,25.6667,0,0,0,7.48862e+07,9.59549e+06,0.0
01/29/2006 17:00,1,29,0,17,0,2.35,26.3333,0,331674,0,6.85141e+07,7.97148e+06,331674.0
01/29/2006 18:00,1,29,0,18,0,1.63333,30.9167,0,1.40991e+06,0,9.62511e+07,1.00903e+07,1409910.0
01/29/2006 19:00,1,29,0,19,0,0.716667,42.9167,0,2.16204e+07,0,1.06839e+08,2.95674e+07,21620400.0
01/29/2006 20:00,1,29,0,20,0,-0.283333,48.8333,0,2.1749e+07,0,1.07775e+08,2.37075e+07,21749000.0
01/29/2006 21:00,1,29,0,21,0,-0.875,46.8333,0,1.36212e+07,0,1.08773e+08,1.36212e+07,13621200.0
01/29/2006 22:00,1,29,0,22,0,-1.35,48.9167,0,1.75272e+07,0,1.08735e+08,1.90679e+07,17527200.0
01/29/2006 23:00,1,29,0,23,0,-1.6,52.1667,0,3.32311e+07,0,1.10775e+08,3.32311e+07,33231100.0
01/30/2006 00:00,1,30,1,0,0,-1.65833,54.1667,0,3.14821e+07,270375,1.1274e+08,3.30227e+07,31482100.0
01/30/2006 01:00,1,30,1,1,0,-1.99167,57.3333,0,7.19512e+08,123863,1.73891e+08,7.35889e+08,719512000.0
01/30/2006 02:00,1,30,1,2,0,-2.375,59,0,3.36358e+08,0,1.4985e+08,3.47145e+08,336358000.0
01/30/2006 03:00,1,30,1,3,0,-2.73333,60.75,0,1.83767e+06,0,1.04659e+08,3.73799e+06,1837670.0
01/30/2006 04:00,1,30,1,4,0,-3.19167,64.9167,0,4.93505e+08,0,1.19293e+08,5.01139e+08,493505000.0
01/30/2006 05:00,1,30,1,5,0,-3.28333,67,0,4.87167e+08,0,1.32834e+08,4.9646e+08,487167000.0
01/30/2006 06:00,1,30,1,6,0,-3.31667,68.1667,0,7.64269e+08,0,2.17863e+08,7.78766e+08,764269000.0
01/30/2006 07:00,1,30,1,7,0,-3.575,69.5833,0,4.34188e+08,1.45912e+06,4.03201e+08,4.55368e+08,434188000.0
01/30/2006 08:00,1,30,1,8,0,-3.35,67.0833,0,1.48617e+08,1.5517e+06,4.47953e+08,1.72181e+08,148617000.0
01/30/2006 09:00,1,30,1,9,0,-2.51667,64.4167,0,1.0715e+08,3.74385e+06,4.12593e+08,1.31299e+08,107150000.0
01/30/2006 10:00,1,30,1,10,0,-1.45833,59.9167,0,4.25029e+07,5.39184e+06,4.04275e+08,6.72913e+07,42502900.0
01/30/2006 11:00,1,30,1,11,0,0.05,55.8333,0,8.09465e+06,6.77662e+06,4.03428e+08,3.53598e+07,8094650.0
01/30/2006 12:00,1,30,1,12,0,1.90833,51.5,0,3.32394e+06,7.84023e+06,4.06185e+08,2.99864e+07,3323940.0
01/30/2006 13:00,1,30,1,13,0,3.16667,45.5,0,2.78935e+06,7.84446e+06,4.05963e+08,3.19495e+07,2789350.0
01/30/2006 14:00,1,30,1,14,0,3.90833,41.25,0,1.03094e+07,5.04243e+06,3.90597e+08,4.28687e+07,10309400.0
01/30/2006 15:00,1,30,1,15,0,4.2,41.75,0,810846,7.99669e+06,4.0414e+08,3.05445e+07,810846.0
01/30/2006 16:00,1,30,1,16,0,4.60833,42.4167,0,0,9.0577e+06,4.11129e+08,2.29188e+07,0.0
01/30/2006 17:00,1,30,1,17,0,4.2,46.6667,0,142521,9.38151e+06,4.23651e+08,2.22966e+07,142521.0
01/30/2006 18:00,1,30,1,18,0,3.29167,60.5,0,2.63689e+06,9.48606e+06,4.74238e+08,2.58332e+07,2636890.0
01/30/2006 19:00,1,30,1,19,0,2.70833,69.75,0,2.34176e+06,9.57761e+06,4.90795e+08,2.69101e+07,2341760.0
01/30/2006 20:00,1,30,1,20,0,1.975,76.25,0,4.47675e+06,9.67721e+06,4.93807e+08,3.17577e+07,4476750.0
01/30/2006 21:00,1,30,1,21,0,1.95,76.5,0,1.90811e+07,7.05525e+06,4.26504e+08,4.30811e+07,19081100.0
01/30/2006 22:00,1,30,1,22,0,2.08333,76.9167,0,6.1631e+07,538850,2.67527e+08,7.92395e+07,61631000.0
01/30/2006 23:00,1,30,1,23,0,2,81.3333,0,1.06563e+08,180249,2.10036e+08,1.22103e+08,106563000.0
01/31/2006 00:00,1,31,2,0,0,1.825,83.5833,0,1.29717e+08,1.23169e+06,2.1098e+08,1.4334e+08,129717000.0
01/31/2006 01:00,1,31,2,1,0,1.58333,85.1667,0,1.69802e+08,120163,1.66957e+08,1.83092e+08,169802000.0
01/31/2006 02:00,1,31,2,2,0,1.55833,85.4167,0,1.25474e+08,0,1.45411e+08,1.35492e+08,125474000.0
01/31/2006 03:00,1,31,2,3,0,1.54167,85,0,0,0,1.04252e+08,3.82943e+06,0.0
01/31/2006 04:00,1,31,2,4,0,1.55833,85.5833,0,1.94943e+08,0,1.11163e+08,2.00626e+08,194943000.0
01/31/2006 05:00,1,31,2,5,0,1.65833,86,0,2.12823e+08,0,1.33809e+08,2.22648e+08,212823000.0
01/31/2006 06:00,1,31,2,6,0,1.64167,87.1667,0,2.17372e+08,113026,2.16144e+08,2.31624e+08,217372000.0
01/31/2006 07:00,1,31,2,7,0,1.6,87.4167,0,4.90877e+07,3.59977e+06,4.07766e+08,7.00376e+07,49087700.0
01/31/2006 08:00,1,31,2,8,0,1.71667,86.4167,0,9.57209e+06,7.99009e+06,4.52991e+08,3.32004e+07,9572090.0
01/31/2006 09:00,1,31,2,9,0,1.975,86,0,1.00351e+06,8.48633e+06,4.17132e+08,2.58495e+07,1003510.0
01/31/2006 10:00,1,31,2,10,0,2.39167,85.4167,0,739202,9.18109e+06,4.19585e+08,2.7075e+07,739202.0
01/31/2006 11:00,1,31,2,11,0,3.06667,82.6667,0,637151,9.76406e+06,4.16979e+08,2.63966e+07,637151.0
01/31/2006 12:00,1,31,2,12,0,3.80833,78.0833,0,75354.8,1.02155e+07,4.17128e+08,2.77884e+07,75354.8
01/31/2006 13:00,1,31,2,13,0,5.20833,72.5,0,18160.8,1.02181e+07,4.16645e+08,2.83401e+07,18160.8
01/31/2006 14:00,1,31,2,14,0,6.35,68.25,0,690127,8.54071e+06,4.18441e+08,3.26025e+07,690127.0
01/31/2006 15:00,1,31,2,15,0,6.6,67,0,0,1.25601e+07,4.5249e+08,3.08305e+07,0.0
01/31/2006 16:00,1,31,2,16,0,6.425,67,0,0,1.34137e+07,4.60927e+08,2.33353e+07,0.0
01/31/2006 17:00,1,31,2,17,0,6.41667,67,0,0,1.35766e+07,4.69276e+08,2.21474e+07,0.0
01/31/2006 18:00,1,31,2,18,0,6.61667,67,0,371236,1.37199e+07,5.19703e+08,2.38894e+07,371236.0
01/31/2006 19:00,1,31,2,19,0,6.58333,66.4167,0,907209,1.3733e+07,5.34623e+08,2.56965e+07,907209.0
01/31/2006 20:00,1,31,2,20,0,7.08333,62.5,0,1.28869e+06,1.39064e+07,5.37424e+08,2.64624e+07,1288690.0
01/31/2006 21:00,1,31,2,21,0,7.26667,61.1667,0,5.97656e+06,9.48295e+06,4.38744e+08,2.98533e+07,5976560.0
01/31/2006 22:00,1,31,2,22,0,6.575,63.1667,0,3.69022e+07,1.9575e+06,2.71016e+08,5.54837e+07,36902200.0
01/31/2006 23:00,1,31,2,23,0,5.73333,64.5833,0,8.23592e+07,2.24458e+06,2.13804e+08,9.81439e+07,82359200.0
02/01/2006 00:00,2,1,3,0,0,4.875,68.5,0,8.80743e+07,0,1.90689e+08,1.02651e+08,88074300.0
02/01/2006 01:00,2,1,3,1,0,4.03333,68.6667,0,1.46261e+08,0,1.65641e+08,1.59503e+08,146261000.0
02/01/2006 02:00,2,1,3,2,0,3.175,66.4167,0,1.15639e+08,0,1.47801e+08,1.25606e+08,115639000.0
02/01/2006 03:00,2,1,3,3,0,2.33333,70.0833,0,0,0,1.09163e+08,3.48062e+06,0.0
02/01/2006 04:00,2,1,3,4,0,1.475,69.5,0,2.10586e+08,0,1.11218e+08,2.16219e+08,210586000.0
02/01/2006 05:00,2,1,3,5,0,0.108333,66.4167,0,2.70555e+08,0,1.34007e+08,2.80382e+08,270555000.0
02/01/2006 06:00,2,1,3,6,0,-0.6,66,0,2.76573e+08,94410.7,2.16249e+08,2.90381e+08,276573000.0
02/01/2006 07:00,2,1,3,7,0,-0.6,70.0833,0,8.93813e+07,2.96082e+06,4.05559e+08,1.10338e+08,89381300.0
02/01/2006 08:00,2,1,3,8,0,-0.25,66.5833,0,2.86189e+07,7.23691e+06,4.47351e+08,5.27534e+07,28618900.0
02/01/2006 09:00,2,1,3,9,0,1.63333,59.0833,0,6.86569e+06,8.18789e+06,4.2098e+08,3.19614e+07,6865690.0
02/01/2006 10:00,2,1,3,10,0,3.73333,60.5,0,3.60152e+06,9.4135e+06,4.23215e+08,2.8861e+07,3601520.0
02/01/2006 11:00,2,1,3,11,0,5.74167,59.5,0,923538,1.07825e+07,4.35317e+08,2.63686e+07,923538.0
02/01/2006 12:00,2,1,3,12,0,7.34167,55.8333,0,87809.1,1.17753e+07,4.39264e+08,2.85253e+07,87809.1
02/01/2006 13:00,2,1,3,13,0,8.44167,51.5,0,0,1.09003e+07,4.23197e+08,2.9146e+07,0.0
02/01/2006 14:00,2,1,3,14,0,8.25833,54.25,0,14930.3,7.94422e+06,4.01057e+08,3.10485e+07,14930.3
02/01/2006 15:00,2,1,3,15,0,7.8,60.9167,0,0,1.05534e+07,4.17138e+08,3.13064e+07,0.0
02/01/2006 16:00,2,1,3,16,0,8.44167,54.8333,0,0,1.15301e+07,4.24755e+08,2.31042e+07,0.0
02/01/2006 17:00,2,1,3,17,0,8.9,49,0,0,1.17658e+07,4.38628e+08,2.21398e+07,0.0
02/01/2006 18:00,2,1,3,18,0,8.55,50.1667,0,0,1.17983e+07,4.87869e+08,2.31506e+07,0.0
02/01/2006 19:00,2,1,3,19,0,8.65,49.8333,0,0,1.18611e+07,5.03416e+08,2.42279e+07,0.0
02/01/2006 20:00,2,1,3,20,0,7.61667,56.5833,0,0,1.17886e+07,5.05933e+08,2.54434e+07,0.0
02/01/2006 21:00,2,1,3,21,0,7.34167,57.9167,0,949442,9.1718e+06,4.34832e+08,2.58082e+07,949442.0
02/01/2006 22:00,2,1,3,22,0,7.8,55,0,1.83136e+07,2.2628e+06,2.71681e+08,3.68187e+07,18313600.0
02/01/2006 23:00,2,1,3,23,0,8.09167,56.75,0,4.33635e+07,2.30626e+06,2.11435e+08,5.77626e+07,43363500.0
02/02/2006 00:00,2,2,4,0,0,7.65833,60.9167,0,5.48536e+07,1.97919e+06,1.96963e+08,6.96993e+07,54853600.0
02/02/2006 01:00,2,2,4,1,0,7.2,63,0,8.26492e+07,0,1.64737e+08,9.57581e+07,82649200.0
02/02/2006 02:00,2,2,4,2,0,7.2,59.5,0,8.23678e+07,0,1.49243e+08,9.30787e+07,82367800.0
02/02/2006 03:00,2,2,4,3,0,6.55833,59.9167,0,0,0,1.10362e+08,2.28381e+06,0.0
02/02/2006 04:00,2,2,4,4,0,6.1,57.3333,0,1.56471e+08,0,1.08957e+08,1.63454e+08,156471000.0
02/02/2006 05:00,2,2,4,5,0,6.1,52.25,0,1.96871e+08,0,1.34161e+08,2.06718e+08,196871000.0
02/02/2006 06:00,2,2,4,6,0,6.1,48.6667,0,0,9214.01,2.15773e+08,1.38302e+07,0.0
02/02/2006 07:00,2,2,4,7,0,6.1,45.8333,0,8.20997e+07,4.34705e+06,4.07967e+08,1.03138e+08,82099700.0
02/02/2006 08:00,2,2,4,8,0,6.1,45,0,2.15088e+07,9.0426e+06,4.57573e+08,4.56624e+07,21508800.0
02/02/2006 09:00,2,2,4,9,0,6.45,46.1667,0,1.0266e+07,1.13444e+07,4.55301e+08,3.5327e+07,10266000.0
02/02/2006 10:00,2,2,4,10,0,6.7,47,0,3.91563e+06,1.19159e+07,4.49764e+08,2.86777e+07,3915630.0
02/02/2006 11:00,2,2,4,11,0,6.99167,48.75,0,999762,1.09689e+07,4.26974e+08,2.66439e+07,999762.0
02/02/2006 12:00,2,2,4,12,0,7.2,54.0833,0,62881.4,1.07126e+07,4.19179e+08,2.83214e+07,62881.4
02/02/2006 13:00,2,2,4,13,0,6.55833,56.4167,0,0,1.1768e+07,4.41286e+08,2.91671e+07,0.0
02/02/2006 14:00,2,2,4,14,0,6.45,51.9167,0,191721,8.4241e+06,4.17496e+08,3.20546e+07,191721.0
02/02/2006 15:00,2,2,4,15,0,7.34167,46.0833,0,0,1.02165e+07,4.18385e+08,3.04709e+07,0.0
02/02/2006 16:00,2,2,4,16,0,7.8,44,0,0,1.12585e+07,4.34825e+08,2.30421e+07,0.0
02/02/2006 17:00,2,2,4,17,0,7.15833,43.4167,0,100277,1.13965e+07,4.38808e+08,2.22431e+07,100277.0
02/02/2006 18:00,2,2,4,18,0,5.70833,43.5833,0,292642,1.21507e+07,5.02508e+08,2.3467e+07,292642.0
02/02/2006 19:00,2,2,4,19,0,5,41.6667,0,430541,1.08385e+07,5.00001e+08,2.46758e+07,430541.0
02/02/2006 20:00,2,2,4,20,0,4.35833,41.75,0,801998,1.07325e+07,5.02276e+08,2.6881e+07,801998.0
02/02/2006 21:00,2,2,4,21,0,3.55,43,0,6.50329e+06,7.95586e+06,4.32613e+08,3.12255e+07,6503290.0
02/02/2006 22:00,2,2,4,22,0,3.00833,41.25,0,4.70776e+07,2.04489e+06,2.85796e+08,6.55515e+07,47077600.0
02/02/2006 23:00,2,2,4,23,0,2.45,43.5,0,1.03987e+08,2.57949e+06,2.22229e+08,1.18375e+08,103987000.0
02/03/2006 00:00,2,3,5,0,0,2.2,44.8333,0,1.47538e+08,1.96291e+06,1.97339e+08,1.61797e+08,147538000.0
02/03/2006 01:00,2,3,5,1,0,1.55833,45.1667,0,1.97245e+08,0,1.65207e+08,2.10338e+08,197245000.0
02/03/2006 02:00,2,3,5,2,0,0.458333,42.5,0,1.61636e+08,0,1.47264e+08,1.72246e+08,161636000.0
02/03/2006 03:00,2,3,5,3,0,-0.641667,38.8333,0,0,0,1.10312e+08,2.93197e+06,0.0
02/03/2006 04:00,2,3,5,4,0,-1.45,39.1667,0,3.1196e+08,0,1.14005e+08,3.19445e+08,311960000.0
02/03/2006 05:00,2,3,5,5,0,-1.99167,42.3333,0,3.19756e+08,0,1.34284e+08,3.28635e+08,319756000.0
02/03/2006 06:00,2,3,5,6,0,-2.84167,44,0,5.25036e+08,23862.1,2.16693e+08,5.40089e+08,525036000.0
02/03/2006 07:00,2,3,5,7,0,-3.94167,42.25,0,1.67241e+08,3.30076e+06,4.14424e+08,1.87985e+08,167241000.0
02/03/2006 08:00,2,3,5,8,0,-4.10833,38.6667,0,6.53257e+07,5.33374e+06,4.38478e+08,8.89158e+07,65325700.0
02/03/2006 09:00,2,3,5,9,0,-3.55,37.5833,0,1.99376e+07,6.39093e+06,4.18843e+08,4.41118e+07,19937600.0
02/03/2006 10:00,2,3,5,10,0,-2.36667,32.75,0,7.73639e+06,7.4086e+06,4.23502e+08,3.25428e+07,7736390.0
02/03/2006 11:00,2,3,5,11,0,-1.35,28.4167,0,3.3868e+06,8.14685e+06,4.27526e+08,3.12284e+07,3386800.0
02/03/2006 12:00,2,3,5,12,0,-0.808333,28,0,856131,8.48583e+06,4.17115e+08,2.69849e+07,856131.0
02/03/2006 13:00,2,3,5,13,0,-0.25,29.1667,0,791554,8.19353e+06,4.14307e+08,2.99603e+07,791554.0
02/03/2006 14:00,2,3,5,14,0,1.28333,26.5,0,2.7057e+06,5.64186e+06,3.96789e+08,3.52561e+07,2705700.0
02/03/2006 15:00,2,3,5,15,0,1.55833,26.3333,0,1.55914e+06,8.25868e+06,4.12878e+08,3.13029e+07,1559140.0
02/03/2006 16:00,2,3,5,16,0,1.1,28,0,2.67106e+06,8.94184e+06,4.24993e+08,2.55898e+07,2671060.0
02/03/2006 17:00,2,3,5,17,0,0.458333,37.9167,0,7.38213e+06,9.07446e+06,4.45424e+08,2.95641e+07,7382130.0
02/03/2006 18:00,2,3,5,18,0,-0.35,46.1667,0,1.93901e+07,9.08536e+06,4.80057e+08,4.26152e+07,19390100.0
02/03/2006 19:00,2,3,5,19,0,-0.891667,45.25,0,1.71354e+07,9.0477e+06,4.95138e+08,4.22782e+07,17135400.0
02/03/2006 20:00,2,3,5,20,0,-1.1,44,0,2.13525e+07,9.11315e+06,4.97903e+08,4.82163e+07,21352500.0
02/03/2006 21:00,2,3,5,21,0,-0.808333,42.8333,0,4.59629e+07,6.54278e+06,4.2972e+08,6.97597e+07,45962900.0
02/03/2006 22:00,2,3,5,22,0,-0.6,43.75,0,1.18619e+08,373008,2.70259e+08,1.36168e+08,118619000.0
02/03/2006 23:00,2,3,5,23,0,-0.25,49.0833,0,1.8894e+08,2.77258e+06,2.25686e+08,2.05119e+08,188940000.0
02/04/2006 00:00,2,4,6,0,0,0,57.8333,0,1.89109e+08,0,1.91589e+08,2.02734e+08,189109000.0
02/04/2006 01:00,2,4,6,1,0,-0.641667,74.25,0,0,0,9.26988e+07,1.54078e+06,0.0
02/04/2006 02:00,2,4,6,2,0,-1.1,87.6667,0,1.54644e+06,0,8.7432e+07,1.54644e+06,1546440.0
02/04/2006 03:00,2,4,6,3,0,-1.1,91,0,2.25939e+06,0,8.82871e+07,2.25939e+06,2259390.0
02/04/2006 04:00,2,4,6,4,0,-1.1,93.3333,0,5.87352e+06,0,8.47561e+07,7.414e+06,5873520.0
02/04/2006 05:00,2,4,6,5,0,-1.1,97.9167,0,1.54863e+07,0,9.74747e+07,1.54863e+07,15486300.0
02/04/2006 06:00,2,4,6,6,0,-0.458333,97.0833,0,5.19706e+08,90121.9,1.12489e+08,5.27839e+08,519706000.0
02/04/2006 07:00,2,4,6,7,0,-0.35,95.5833,0,4.10618e+08,0,1.4154e+08,4.21178e+08,410618000.0
02/04/2006 08:00,2,4,6,8,0,-1.24167,88.4167,0,4.35257e+08,88319.1,1.46538e+08,4.473e+08,435257000.0
02/04/2006 09:00,2,4,6,9,0,-1.99167,85.3333,0,5.4867e+08,0,1.74054e+08,5.62284e+08,548670000.0
02/04/2006 10:00,2,4,6,10,0,-1.90833,89.3333,0,4.32419e+08,0,1.83706e+08,4.49518e+08,432419000.0
02/04/2006 11:00,2,4,6,11,0,-0.358333,82.25,0,2.39221e+08,0,1.73804e+08,2.54506e+08,239221000.0
02/04/2006 12:00,2,4,6,12,0,1.24167,67.25,0,2.36669e+08,0,1.61145e+08,2.5363e+08,236669000.0
02/04/2006 13:00,2,4,6,13,0,1.7,59.25,0,2.89641e+08,0,1.39756e+08,3.0671e+08,289641000.0
02/04/2006 14:00,2,4,6,14,0,1.99167,55.0833,0,3.00594e+08,0,1.16417e+08,3.14818e+08,300594000.0
02/04/2006 15:00,2,4,6,15,0,2.55,50.6667,0,1.9305e+08,0,1.06222e+08,2.0652e+08,193050000.0
02/04/2006 16:00,2,4,6,16,0,2.45,46.0833,0,2.27134e+08,0,1.10491e+08,2.40254e+08,227134000.0
02/04/2006 17:00,2,4,6,17,0,1.90833,45.1667,0,2.84199e+08,0,1.00642e+08,2.97213e+08,284199000.0
02/04/2006 18:00,2,4,6,18,0,1.35,47.1667,0,0,0,1.01148e+08,1.00665e+07,0.0
02/04/2006 19:00,2,4,6,19,0,1.1,46.8333,0,1.40982e+06,0,1.0066e+08,1.11298e+07,1409820.0
02/04/2006 20:00,2,4,6,20,0,0.808333,46.5833,0,9.29912e+06,0,1.02003e+08,1.6525e+07,9299120.0
02/04/2006 21:00,2,4,6,21,0,0.6,47,0,1.79674e+07,0,1.04334e+08,1.79674e+07,17967400.0
02/04/2006 22:00,2,4,6,22,0,-0.1,49.9167,0,3.61724e+07,0,1.11778e+08,3.61724e+07,36172400.0
02/04/2006 23:00,2,4,6,23,0,-1.24167,47.3333,0,5.30245e+07,0,1.07835e+08,5.45652e+07,53024500.0
02/05/2006 00:00,2,5,0,0,0,-1.99167,48.0833,0,7.83811e+07,0,1.11916e+08,7.83811e+07,78381100.0
02/05/2006 01:00,2,5,0,1,0,-2.55,45.75,0,8.75222e+07,0,9.473e+07,8.75222e+07,87522200.0
02/05/2006 02:00,2,5,0,2,0,-3.09167,50.1667,0,7.70363e+07,0,9.86615e+07,7.85768e+07,77036300.0
02/05/2006 03:00,2,5,0,3,0,-3.65,47.25,0,9.29797e+07,0,9.47064e+07,9.29797e+07,92979700.0
02/05/2006 04:00,2,5,0,4,0,-3.9,38.6667,0,1.00963e+08,0,9.86376e+07,1.00963e+08,100963000.0
02/05/2006 05:00,2,5,0,5,0,-4.19167,38.1667,0,1.1989e+08,0,9.4802e+07,1.31763e+08,119890000.0
02/05/2006 06:00,2,5,0,6,0,-4.75,39,0,1.58751e+08,51502.3,1.01459e+08,1.674e+08,158751000.0
02/05/2006 07:00,2,5,0,7,0,-5.35,40.1667,0,1.65521e+08,0,1.1463e+08,1.73467e+08,165521000.0
02/05/2006 08:00,2,5,0,8,0,-5.89167,43.3333,0,1.32402e+08,51502.5,8.68748e+07,1.4001e+08,132402000.0
02/05/2006 09:00,2,5,0,9,0,-6.1,38,0,1.53579e+08,0,7.47067e+07,1.63137e+08,153579000.0
02/05/2006 10:00,2,5,0,10,0,-6.1,31.25,0,1.48113e+08,0,7.8172e+07,1.56532e+08,148113000.0
02/05/2006 11:00,2,5,0,11,0,-6.45,30,0,9.48581e+07,0,7.39743e+07,1.03716e+08,94858100.0
02/05/2006 12:00,2,5,0,12,0,-6.7,31.75,0,8.17507e+07,0,7.77084e+07,9.15189e+07,81750700.0
02/05/2006 13:00,2,5,0,13,0,-6.35,31.25,0,1.16736e+08,0,7.39105e+07,1.2664e+08,116736000.0
02/05/2006 14:00,2,5,0,14,0,-5.80833,29.4167,0,7.29266e+07,0,7.76853e+07,8.30704e+07,72926600.0
02/05/2006 15:00,2,5,0,15,0,-5.6,27.8333,0,7.09392e+07,0,7.37738e+07,8.07663e+07,70939200.0
02/05/2006 16:00,2,5,0,16,0,-5.89167,27.5833,0,7.59334e+07,0,7.7906e+07,8.55243e+07,75933400.0
02/05/2006 17:00,2,5,0,17,0,-6.45,28,0,9.44684e+07,0,7.45344e+07,1.02102e+08,94468400.0
02/05/2006 18:00,2,5,0,18,0,-6.99167,26.8333,0,1.34373e+08,0,1.07267e+08,1.43324e+08,134373000.0
02/05/2006 19:00,2,5,0,19,0,-7.84167,28.9167,0,1.80281e+08,0,1.08357e+08,1.8808e+08,180281000.0
02/05/2006 20:00,2,5,0,20,0,-8.94167,30.4167,0,2.2803e+08,0,1.12389e+08,2.29851e+08,228030000.0
02/05/2006 21:00,2,5,0,21,0,-9.75,29.4167,0,2.60588e+08,0,1.0897e+08,2.6109e+08,260588000.0
02/05/2006 22:00,2,5,0,22,0,-10.6417,31.3333,0,2.68804e+08,0,1.12642e+08,2.69843e+08,268804000.0
02/05/2006 23:00,2,5,0,23,0,-11.7417,34.1667,0,2.7336e+08,0,1.09104e+08,2.7336e+08,273360000.0
02/06/2006 00:00,2,6,1,0,0,-12.2,32.6667,0,3.46877e+08,0,1.12972e+08,3.48417e+08,346877000.0
02/06/2006 01:00,2,6,1,1,0,-12.55,31,0,1.1148e+09,109459,1.82268e+08,1.13123e+09,1114800000.0
02/06/2006 02:00,2,6,1,2,0,-13.0917,32.1667,0,8.53441e+08,91450,1.66065e+08,8.64244e+08,853441000.0
02/06/2006 03:00,2,6,1,3,0,-13.65,30.0833,0,2.39367e+08,0,1.16551e+08,2.41267e+08,239367000.0
02/06/2006 04:00,2,6,1,4,0,-13.9,30.9167,0,9.71633e+08,90994.1,1.34904e+08,9.79314e+08,971633000.0
02/06/2006 05:00,2,6,1,5,0,-13.9,33,0,8.54644e+08,0,1.40069e+08,8.63745e+08,854644000.0
02/06/2006 06:00,2,6,1,6,0,-13.9,36.5,0,1.22518e+09,0,2.25919e+08,1.23993e+09,1225180000.0
02/06/2006 07:00,2,6,1,7,0,-13.55,39,0,8.25263e+08,1.72105e+06,4.09441e+08,8.46282e+08,825263000.0
02/06/2006 08:00,2,6,1,8,0,-12.6583,39,0,5.54597e+08,2.4259e+06,4.39321e+08,5.78177e+08,554597000.0
02/06/2006 09:00,2,6,1,9,0,-11.9083,37.8333,0,3.67474e+08,4.77402e+06,4.27073e+08,3.91646e+08,367474000.0
02/06/2006 10:00,2,6,1,10,0,-10.3583,34.0833,0,3.09753e+08,3.5773e+06,4.13315e+08,3.34558e+08,309753000.0
02/06/2006 11:00,2,6,1,11,0,-8.46667,32.5833,0,2.05023e+08,5.05291e+06,4.12064e+08,2.32558e+08,205023000.0
02/06/2006 12:00,2,6,1,12,0,-7.15833,31.25,0,1.8178e+08,4.77133e+06,4.02715e+08,2.08206e+08,181780000.0
02/06/2006 13:00,2,6,1,13,0,-6.05833,29.4167,0,1.83501e+08,4.91397e+06,4.01622e+08,2.12672e+08,183501000.0
02/06/2006 14:00,2,6,1,14,0,-5.25,27.8333,0,2.1447e+08,2.16802e+06,3.86438e+08,2.47027e+08,214470000.0
02/06/2006 15:00,2,6,1,15,0,-4.65,28.1667,0,6.97445e+07,5.55488e+06,4.01894e+08,9.94847e+07,69744500.0
02/06/2006 16:00,2,6,1,16,0,-4.10833,28.4167,0,4.90685e+07,6.64686e+06,4.10187e+08,7.19939e+07,49068500.0
02/06/2006 17:00,2,6,1,17,0,-4.54167,28.5833,0,7.34462e+07,6.9306e+06,4.17073e+08,9.56341e+07,73446200.0
02/06/2006 18:00,2,6,1,18,0,-5.35,29.5833,0,1.03365e+08,6.86552e+06,4.66271e+08,1.26588e+08,103365000.0
02/06/2006 19:00,2,6,1,19,0,-6.24167,32.9167,0,8.81799e+07,6.6621e+06,4.84887e+08,1.13114e+08,88179900.0
02/06/2006 20:00,2,6,1,20,0,-6.99167,36.1667,0,9.46603e+07,6.64613e+06,4.87887e+08,1.21728e+08,94660300.0
02/06/2006 21:00,2,6,1,21,0,-7.2,37,0,1.76702e+08,3.90046e+06,4.21575e+08,2.00537e+08,176702000.0
02/06/2006 22:00,2,6,1,22,0,-7.2,35.8333,0,5.12692e+08,0,2.68708e+08,5.30266e+08,512692000.0
02/06/2006 23:00,2,6,1,23,0,-7.55,35.5833,0,3.47074e+08,0,2.07087e+08,3.63035e+08,347074000.0
02/07/2006 00:00,2,7,2,0,0,-8.09167,37.1667,0,3.21606e+08,0,1.91043e+08,3.3523e+08,321606000.0
02/07/2006 01:00,2,7,2,1,0,-8.3,38,0,3.8645e+08,0,1.65432e+08,3.99715e+08,386450000.0
02/07/2006 02:00,2,7,2,2,0,-8.3,38,0,2.86821e+08,0,1.45248e+08,2.96825e+08,286821000.0
02/07/2006 03:00,2,7,2,3,0,-8.3,35.6667,0,9.31647e+06,120159,1.1018e+08,1.31375e+07,9316470.0
02/07/2006 04:00,2,7,2,4,0,-8.3,35.1667,0,4.71061e+08,0,1.16346e+08,4.77736e+08,471061000.0
02/07/2006 05:00,2,7,2,5,0,-8.3,37.1667,0,5.04108e+08,0,1.35639e+08,5.13949e+08,504108000.0
02/07/2006 06:00,2,7,2,6,0,-8.3,38,0,6.5738e+08,34419.6,2.17241e+08,6.71215e+08,657380000.0
02/07/2006 07:00,2,7,2,7,0,-9.64167,49.0833,0,3.70623e+08,1.29145e+06,4.05969e+08,3.91759e+08,370623000.0
02/07/2006 08:00,2,7,2,8,0,-9.9,53.5,0,1.5418e+08,3.14183e+06,4.33531e+08,1.78373e+08,154180000.0
02/07/2006 09:00,2,7,2,9,0,-7.825,50.4167,0,5.21282e+07,4.72114e+06,4.09732e+08,7.64377e+07,52128200.0
02/07/2006 10:00,2,7,2,10,0,-6.05833,44.75,0,2.95977e+07,5.86246e+06,4.072e+08,5.43814e+07,29597700.0
02/07/2006 11:00,2,7,2,11,0,-4.60833,38.6667,0,2.27822e+07,6.80063e+06,4.10065e+08,4.92312e+07,22782200.0
02/07/2006 12:00,2,7,2,12,0,-3.25833,35.25,0,1.78581e+07,7.50253e+06,4.14334e+08,4.53389e+07,17858100.0
02/07/2006 13:00,2,7,2,13,0,-2.45,32.8333,0,1.65644e+07,7.4004e+06,4.14761e+08,4.57349e+07,16564400.0
02/07/2006 14:00,2,7,2,14,0,-1.55833,32.5833,0,1.80332e+07,4.7835e+06,3.98505e+08,5.05994e+07,18033200.0
02/07/2006 15:00,2,7,2,15,0,-0.808333,30.0833,0,5.40741e+06,7.82975e+06,4.1461e+08,3.51634e+07,5407410.0
02/07/2006 16:00,2,7,2,16,0,-0.891667,28,0,8.69909e+06,8.55597e+06,4.20957e+08,3.17014e+07,8699090.0
02/07/2006 17:00,2,7,2,17,0,-1.1,29.75,0,1.36195e+07,8.57825e+06,4.40117e+08,3.57747e+07,13619500.0
02/07/2006 18:00,2,7,2,18,0,-1.45,31,0,1.60738e+07,8.58179e+06,4.71699e+08,3.92684e+07,16073800.0
02/07/2006 19:00,2,7,2,19,0,-1.7,28.6667,0,1.59613e+07,8.58469e+06,4.93306e+08,4.02326e+07,15961300.0
02/07/2006 20:00,2,7,2,20,0,-1.7,33.4167,0,1.36929e+07,8.71166e+06,4.96324e+08,4.06132e+07,13692900.0
02/07/2006 21:00,2,7,2,21,0,-1.99167,42.6667,0,2.91127e+07,6.08397e+06,4.28084e+08,5.3667e+07,29112700.0
02/07/2006 22:00,2,7,2,22,0,-2.55,44.8333,0,1.18484e+08,181082,2.69562e+08,1.3636e+08,118484000.0
02/07/2006 23:00,2,7,2,23,0,-3.09167,45.1667,0,2.16497e+08,1.91376e+06,2.12539e+08,2.31435e+08,216497000.0
02/08/2006 00:00,2,8,3,0,0,-3.65,50.0833,0,1.90906e+08,0,1.91144e+08,2.04528e+08,190906000.0
02/08/2006 01:00,2,8,3,1,0,-4.19167,54.75,0,2.99752e+08,420565,1.72346e+08,3.13068e+08,299752000.0
02/08/2006 02:00,2,8,3,2,0,-4.4,51.3333,0,2.31878e+08,566468,1.56469e+08,2.41935e+08,231878000.0
02/08/2006 03:00,2,8,3,3,0,-4.4,49.1667,0,1.18995e+06,0,1.06218e+08,4.99312e+06,1189950.0
02/08/2006 04:00,2,8,3,4,0,-4.75,53.5,0,3.86917e+08,0,1.16241e+08,3.93627e+08,386917000.0
02/08/2006 05:00,2,8,3,5,0,-5.64167,57.1667,0,3.88e+08,0,1.32642e+08,3.97824e+08,388000000.0
02/08/2006 06:00,2,8,3,6,0,-6.45,58,0,6.06034e+08,63818.8,2.17196e+08,6.19851e+08,606034000.0
02/08/2006 07:00,2,8,3,7,0,-6.7,56.8333,0,2.7918e+08,2.05181e+06,4.0704e+08,3.00215e+08,279180000.0
02/08/2006 08:00,2,8,3,8,0,-6.7,56,0,1.63347e+08,4.38338e+06,4.37377e+08,1.87504e+08,163347000.0
02/08/2006 09:00,2,8,3,9,0,-6.35,54.25,0,1.31514e+08,5.34549e+06,4.08897e+08,1.56585e+08,131514000.0
02/08/2006 10:00,2,8,3,10,0,-5.80833,51.8333,0,1.30452e+08,6.01771e+06,4.10655e+08,1.55217e+08,130452000.0
02/08/2006 11:00,2,8,3,11,0,-5.25,49.25,0,8.15804e+07,6.55631e+06,4.12375e+08,1.07229e+08,81580400.0
02/08/2006 12:00,2,8,3,12,0,-4.35833,46.8333,0,4.65951e+07,7.15218e+06,4.11159e+08,7.48539e+07,46595100.0
02/08/2006 13:00,2,8,3,13,0,-3.55,41.9167,0,4.39376e+07,7.09599e+06,4.12698e+08,7.31068e+07,43937600.0
02/08/2006 14:00,2,8,3,14,0,-3.00833,38.4167,0,6.46321e+07,4.36596e+06,3.96146e+08,9.65324e+07,64632100.0
02/08/2006 15:00,2,8,3,15,0,-3.09167,36.8333,0,4.39086e+07,7.18453e+06,4.08216e+08,7.43452e+07,43908600.0
02/08/2006 16:00,2,8,3,16,0,-3.65,40.6667,0,6.7434e+07,7.77453e+06,4.11772e+08,9.04563e+07,67434000.0
02/08/2006 17:00,2,8,3,17,0,-4.19167,39.9167,0,8.76649e+07,7.77981e+06,4.24392e+08,1.09811e+08,87664900.0
02/08/2006 18:00,2,8,3,18,0,-5.1,35.8333,0,9.83348e+07,7.64174e+06,4.67809e+08,1.21508e+08,98334800.0
02/08/2006 19:00,2,8,3,19,0,-5.89167,37.3333,0,8.92775e+07,7.47604e+06,4.91586e+08,1.13528e+08,89277500.0
02/08/2006 20:00,2,8,3,20,0,-6.1,37.8333,0,8.02756e+07,7.52883e+06,4.94321e+08,1.06453e+08,80275600.0
02/08/2006 21:00,2,8,3,21,0,-6.45,38.1667,0,1.42132e+08,4.73391e+06,4.2642e+08,1.66836e+08,142132000.0
02/08/2006 22:00,2,8,3,22,0,-6.7,40.1667,0,3.5193e+08,0,2.69615e+08,3.704e+08,351930000.0
02/08/2006 23:00,2,8,3,23,0,-6.7,41,0,3.59558e+08,0,2.08022e+08,3.73942e+08,359558000.0
02/09/2006 00:00,2,9,4,0,0,-6.99167,41.5833,0,3.3125e+08,0,1.93084e+08,3.45452e+08,331250000.0
02/09/2006 01:00,2,9,4,1,0,-7.2,42,0,4.21083e+08,978451,1.8263e+08,4.34168e+08,421083000.0
02/09/2006 02:00,2,9,4,2,0,-7.2,44.9167,0,2.86126e+08,0,1.47398e+08,2.96753e+08,286126000.0
02/09/2006 03:00,2,9,4,3,0,-7.55,45.8333,0,7.67189e+06,0,1.11009e+08,1.06348e+07,7671890.0
02/09/2006 04:00,2,9,4,4,0,-7.45,45,0,4.16887e+08,0,1.15384e+08,4.24372e+08,416887000.0
02/09/2006 05:00,2,9,4,5,0,-7.2,45,0,5.20968e+08,0,1.3617e+08,5.29847e+08,520968000.0
02/09/2006 06:00,2,9,4,6,0,-7.2,45,0,6.85316e+08,31482.5,2.17452e+08,7.00354e+08,685316000.0
02/09/2006 07:00,2,9,4,7,0,-7.2,45,0,2.79738e+08,1.22998e+06,4.03194e+08,3.00508e+08,279738000.0
02/09/2006 08:00,2,9,4,8,0,-7.55,47.9167,0,1.11831e+08,4.00692e+06,4.33757e+08,1.35421e+08,111831000.0
02/09/2006 09:00,2,9,4,9,0,-6.80833,47.0833,0,4.35336e+07,5.28316e+06,4.15893e+08,6.77064e+07,43533600.0
02/09/2006 10:00,2,9,4,10,0,-5.45833,41.5,0,2.2405e+07,6.43986e+06,4.20592e+08,4.72052e+07,22405000.0
02/09/2006 11:00,2,9,4,11,0,-3.71667,34.9167,0,2.3325e+07,7.39772e+06,4.18029e+08,5.11453e+07,23325000.0
02/09/2006 12:00,2,9,4,12,0,-2.45,31.4167,0,2.78184e+07,7.8461e+06,4.12471e+08,5.39589e+07,27818400.0
02/09/2006 13:00,2,9,4,13,0,-1.55833,29.25,0,3.02065e+07,7.57212e+06,4.10766e+08,5.93744e+07,30206500.0
02/09/2006 14:00,2,9,4,14,0,-1.1,29.1667,0,5.89562e+07,4.72589e+06,3.94105e+08,9.15059e+07,58956200.0
02/09/2006 15:00,2,9,4,15,0,-1.1,32.9167,0,2.34844e+07,7.39201e+06,4.07217e+08,5.32276e+07,23484400.0
02/09/2006 16:00,2,9,4,16,0,-1.1,35,0,1.29345e+07,8.28032e+06,4.15231e+08,3.58524e+07,12934500.0
02/09/2006 17:00,2,9,4,17,0,-0.808333,33.8333,0,1.45842e+07,8.72642e+06,4.25367e+08,3.67644e+07,14584200.0
02/09/2006 18:00,2,9,4,18,0,-0.891667,33,0,1.98087e+07,8.85822e+06,4.69565e+08,4.30299e+07,19808700.0
02/09/2006 19:00,2,9,4,19,0,-1.74167,38.25,0,2.49847e+07,8.67188e+06,4.93673e+08,5.01111e+07,24984700.0
02/09/2006 20:00,2,9,4,20,0,-2.2,42,0,3.35163e+07,8.66887e+06,4.96329e+08,6.03934e+07,33516300.0
02/09/2006 21:00,2,9,4,21,0,-2.55,42,0,6.31142e+07,5.93909e+06,4.28233e+08,8.69137e+07,63114200.0
02/09/2006 22:00,2,9,4,22,0,-2.15833,36.75,0,1.43747e+08,159187,2.6977e+08,1.61285e+08,143747000.0
02/09/2006 23:00,2,9,4,23,0,-1.05833,33,0,1.56913e+08,0,2.06991e+08,1.73091e+08,156913000.0
02/10/2006 00:00,2,10,5,0,0,-1.24167,45.25,0,1.44804e+08,360478,1.97523e+08,1.58433e+08,144804000.0
02/10/2006 01:00,2,10,5,1,0,-1.99167,50.5,0,2.24396e+08,1.80239e+06,1.95569e+08,2.37666e+08,224396000.0
02/10/2006 02:00,2,10,5,2,0,-1.90833,48.5833,0,1.66057e+08,0,1.47056e+08,1.7606e+08,166057000.0
02/10/2006 03:00,2,10,5,3,0,-2.34167,60.6667,0,0,0,1.0901e+08,3.82399e+06,0.0
02/10/2006 04:00,2,10,5,4,0,-3.44167,70.1667,0,2.99227e+08,0,1.13755e+08,3.05784e+08,299227000.0
02/10/2006 05:00,2,10,5,5,0,-3.55,62.25,0,3.40134e+08,0,1.34493e+08,3.49983e+08,340134000.0
02/10/2006 06:00,2,10,5,6,0,-3.00833,65.3333,0,4.80651e+08,26053.9,2.16599e+08,4.94479e+08,480651000.0
02/10/2006 07:00,2,10,5,7,0,-3.09167,69.6667,0,1.32424e+08,3.11258e+06,4.13576e+08,1.53557e+08,132424000.0
02/10/2006 08:00,2,10,5,8,0,-2.36667,65.0833,0,4.6764e+07,5.88715e+06,4.34207e+08,7.09496e+07,46764000.0
02/10/2006 09:00,2,10,5,9,0,-0.708333,56.5833,0,1.73109e+07,7.15746e+06,4.13727e+08,4.15948e+07,17310900.0
02/10/2006 10:00,2,10,5,10,0,0.641667,48.5,0,1.9155e+07,7.97812e+06,4.1694e+08,4.3929e+07,19155000.0
02/10/2006 11:00,2,10,5,11,0,1.45,48.3333,0,1.65238e+07,8.44205e+06,4.13574e+08,4.2979e+07,16523800.0
02/10/2006 12:00,2,10,5,12,0,2.34167,44.1667,0,4.85188e+06,8.88881e+06,4.13378e+08,3.23174e+07,4851880.0
02/10/2006 13:00,2,10,5,13,0,2.8,43.5,0,5.09021e+06,8.68164e+06,4.12112e+08,3.42566e+07,5090210.0
02/10/2006 14:00,2,10,5,14,0,3.09167,49.5,0,1.49821e+07,5.87391e+06,3.95515e+08,4.75445e+07,14982100.0
02/10/2006 15:00,2,10,5,15,0,3.94167,51.4167,0,1.60027e+06,8.81194e+06,4.12602e+08,3.13514e+07,1600270.0
02/10/2006 16:00,2,10,5,16,0,5.1,42.8333,0,6.22619e+06,9.90521e+06,4.25924e+08,2.91818e+07,6226190.0
02/10/2006 17:00,2,10,5,17,0,4.9,42.25,0,9.90947e+06,1.00705e+07,4.4346e+08,3.20609e+07,9909470.0
02/10/2006 18:00,2,10,5,18,0,4.4,42.5,0,1.22013e+07,1.0105e+07,4.73781e+08,3.53915e+07,12201300.0
02/10/2006 19:00,2,10,5,19,0,3.75833,39.4167,0,2.17279e+07,1.00052e+07,4.95325e+08,4.5995e+07,21727900.0
02/10/2006 20:00,2,10,5,20,0,3.00833,40.75,0,2.56147e+07,9.9253e+06,4.97985e+08,5.25598e+07,25614700.0
02/10/2006 21:00,2,10,5,21,0,2.45,47.25,0,5.42567e+07,7.22185e+06,4.29853e+08,7.87969e+07,54256700.0
02/10/2006 22:00,2,10,5,22,0,1.90833,56.8333,0,1.44067e+08,1.38368e+06,2.82274e+08,1.61911e+08,144067000.0
02/10/2006 23:00,2,10,5,23,0,1.7,66.25,0,2.01848e+08,1.98597e+06,2.1267e+08,2.16809e+08,201848000.0
02/11/2006 00:00,2,11,6,0,0,1.35,74.0833,0,1.93979e+08,0,1.91379e+08,2.07602e+08,193979000.0
02/11/2006 01:00,2,11,6,1,0,0.808333,78.75,0,0,0,9.26125e+07,1.54049e+06,0.0
02/11/2006 02:00,2,11,6,2,0,0.891667,82.3333,0,0,0,8.56849e+07,0,0.0
02/11/2006 03:00,2,11,6,3,0,0.808333,85.75,0,0,0,8.56058e+07,1.54078e+06,0.0
02/11/2006 04:00,2,11,6,4,0,0.6,89.3333,0,1.24441e+06,0,8.46128e+07,1.24441e+06,1244410.0
02/11/2006 05:00,2,11,6,5,0,0.6,91,0,1.71526e+06,0,8.2762e+07,1.71526e+06,1715260.0
02/11/2006 06:00,2,11,6,6,0,0.25,88.6667,0,3.89298e+08,0,1.13903e+08,3.98975e+08,389298000.0
02/11/2006 07:00,2,11,6,7,0,0.641667,89.9167,0,2.43404e+08,0,1.37553e+08,2.53723e+08,243404000.0
02/11/2006 08:00,2,11,6,8,0,0.808333,91.4167,0,2.42739e+08,110766,1.39843e+08,2.53615e+08,242739000.0
02/11/2006 09:00,2,11,6,9,0,0.891667,89.25,0,1.41739e+08,0,1.70434e+08,1.56038e+08,141739000.0
02/11/2006 10:00,2,11,6,10,0,1.45,88,0,1.04965e+08,0,1.83871e+08,1.21327e+08,104965000.0
02/11/2006 11:00,2,11,6,11,0,4.61667,68.1667,0,8.98431e+07,0,1.74281e+08,1.06057e+08,89843100.0
02/11/2006 12:00,2,11,6,12,0,7.63333,48.1667,0,8.39809e+07,0,1.61592e+08,9.99755e+07,83980900.0
02/11/2006 13:00,2,11,6,13,0,8.94167,42.25,0,7.61103e+07,0,1.39804e+08,9.31917e+07,76110300.0
02/11/2006 14:00,2,11,6,14,0,9.4,38.0833,0,5.21875e+07,0,1.1651e+08,6.64177e+07,52187500.0
02/11/2006 15:00,2,11,6,15,0,9.10833,35.4167,0,3.54588e+07,0,1.07092e+08,4.96591e+07,35458800.0
02/11/2006 16:00,2,11,6,16,0,9.19167,35.5833,0,6.18151e+07,0,1.11278e+08,7.44577e+07,61815100.0
02/11/2006 17:00,2,11,6,17,0,8.11667,34.8333,0,1.09686e+08,0,1.00368e+08,1.22505e+08,109686000.0
02/11/2006 18:00,2,11,6,18,0,6.26667,34.5833,0,0,0,9.46778e+07,1.03984e+07,0.0
02/11/2006 19:00,2,11,6,19,0,5.25,30.9167,0,0,0,1.05081e+08,9.41151e+06,0.0
02/11/2006 20:00,2,11,6,20,0,4.65,28.5833,0,0,0,9.32332e+07,7.43708e+06,0.0
02/11/2006 21:00,2,11,6,21,0,3.75833,28.4167,0,0,0,9.18554e+07,0,0.0
02/11/2006 22:00,2,11,6,22,0,2.65833,27.4167,0,2.22401e+06,0,9.52032e+07,2.22401e+06,2224010.0
02/11/2006 23:00,2,11,6,23,0,1.55833,27.5833,0,8.40578e+06,0,9.91778e+07,9.9463e+06,8405780.0
02/12/2006 00:00,2,12,0,0,0,0.808333,26.8333,0,3.16961e+07,0,1.07801e+08,3.16961e+07,31696100.0
02/12/2006 01:00,2,12,0,1,0,-0.1,28.3333,0,4.40168e+07,0,9.77871e+07,4.40168e+07,44016800.0
02/12/2006 02:00,2,12,0,2,0,-0.891667,30.5833,0,4.29726e+07,0,9.51716e+07,4.45134e+07,42972600.0
02/12/2006 03:00,2,12,0,3,0,-1.74167,33.9167,0,5.04739e+07,0,9.7811e+07,5.04739e+07,50473900.0
02/12/2006 04:00,2,12,0,4,0,-2.84167,36,0,8.13026e+07,0,9.52608e+07,8.13026e+07,81302600.0
02/12/2006 05:00,2,12,0,5,0,-4.64167,40.0833,0,1.11712e+08,0,9.79554e+07,1.24949e+08,111712000.0
02/12/2006 06:00,2,12,0,6,0,-6.24167,39.5,0,1.57661e+08,0,9.73726e+07,1.65067e+08,157661000.0
02/12/2006 07:00,2,12,0,7,0,-7.98333,33.5,0,1.74539e+08,0,1.17838e+08,1.82035e+08,174539000.0
02/12/2006 08:00,2,12,0,8,0,-9.54167,29.8333,0,1.28579e+08,0,7.59223e+07,1.37649e+08,128579000.0
02/12/2006 09:00,2,12,0,9,0,-10,27.25,0,1.13002e+08,0,7.78787e+07,1.21065e+08,113002000.0
02/12/2006 10:00,2,12,0,10,0,-9.35833,25.4167,0,8.74588e+07,0,7.50332e+07,9.70054e+07,87458800.0
02/12/2006 11:00,2,12,0,11,0,-8.25833,24.4167,0,6.93131e+07,0,7.75139e+07,7.70136e+07,69313100.0
02/12/2006 12:00,2,12,0,12,0,-7.15833,24,0,6.1552e+07,0,7.47386e+07,7.13051e+07,61552000.0
02/12/2006 13:00,2,12,0,13,0,-6.35,24,0,6.08981e+07,0,7.72108e+07,7.07764e+07,60898100.0
02/12/2006 14:00,2,12,0,14,0,-5.45833,22.8333,0,4.40001e+07,0,7.47083e+07,5.48153e+07,44000100.0
02/12/2006 15:00,2,12,0,15,0,-5,23.1667,0,4.49472e+07,0,7.73104e+07,5.41359e+07,44947200.0
02/12/2006 16:00,2,12,0,16,0,-4.35833,22.8333,0,3.65624e+07,0,7.48568e+07,4.61478e+07,36562400.0
02/12/2006 17:00,2,12,0,17,0,-4.19167,22.5833,0,4.61753e+07,0,7.76748e+07,5.45037e+07,46175300.0
02/12/2006 18:00,2,12,0,18,0,-4.75,23,0,5.05343e+07,0,9.72394e+07,5.92276e+07,50534300.0
02/12/2006 19:00,2,12,0,19,0,-5.35,23,0,8.52436e+07,0,1.11231e+08,9.2612e+07,85243600.0
02/12/2006 20:00,2,12,0,20,0,-5.89167,24.1667,0,9.63248e+07,0,1.08639e+08,9.81471e+07,96324800.0
02/12/2006 21:00,2,12,0,21,0,-6.45,26.75,0,1.19394e+08,0,1.11286e+08,1.20934e+08,119394000.0
02/12/2006 22:00,2,12,0,22,0,-6.99167,29.75,0,1.26185e+08,0,1.08727e+08,1.26185e+08,126185000.0
02/12/2006 23:00,2,12,0,23,0,-7.2,29.8333,0,1.41908e+08,0,1.11336e+08,1.42438e+08,141908000.0
02/13/2006 00:00,2,13,1,0,0,-7.55,30.1667,0,1.39314e+08,0,1.08752e+08,1.40324e+08,139314000.0
02/13/2006 01:00,2,13,1,1,0,-7.8,31,0,9.83189e+08,103252,1.78738e+08,1.00015e+09,983189000.0
02/13/2006 02:00,2,13,1,2,0,-7.8,32.1667,0,5.44752e+08,0,1.51978e+08,5.55414e+08,544752000.0
02/13/2006 03:00,2,13,1,3,0,-7.8,34.75,0,6.54214e+07,0,1.17291e+08,6.73294e+07,65421400.0
02/13/2006 04:00,2,13,1,4,0,-7.8,34.25,0,7.38706e+08,121123,1.266e+08,7.46445e+08,738706000.0
02/13/2006 05:00,2,13,1,5,0,-7.45,33,0,7.4382e+08,0,1.37289e+08,7.52891e+08,743820000.0
02/13/2006 06:00,2,13,1,6,0,-7.2,33,0,9.28654e+08,0,2.19134e+08,9.43411e+08,928654000.0
02/13/2006 07:00,2,13,1,7,0,-7.55,34.1667,0,5.78007e+08,297856,3.99675e+08,5.98984e+08,578007000.0
02/13/2006 08:00,2,13,1,8,0,-7.15833,33.25,0,3.53514e+08,3.11151e+06,4.28485e+08,3.77084e+08,353514000.0
02/13/2006 09:00,2,13,1,9,0,-6.05833,29.0833,0,2.05377e+08,2.7803e+06,4.11103e+08,2.29531e+08,205377000.0
02/13/2006 10:00,2,13,1,10,0,-4.9,27,0,1.46158e+08,3.60091e+06,4.0563e+08,1.7094e+08,146158000.0
02/13/2006 11:00,2,13,1,11,0,-4.10833,27.5833,0,7.28372e+07,4.86829e+06,3.9969e+08,1.00334e+08,72837200.0
02/13/2006 12:00,2,13,1,12,0,-2.61667,25.0833,0,4.41616e+07,6.01111e+06,4.03452e+08,7.0592e+07,44161600.0
02/13/2006 13:00,2,13,1,13,0,-1.35,22.4167,0,4.93522e+07,6.25006e+06,4.04169e+08,7.85102e+07,49352200.0
02/13/2006 14:00,2,13,1,14,0,-0.808333,22,0,5.24901e+07,3.60347e+06,3.89616e+08,8.50358e+07,52490100.0
02/13/2006 15:00,2,13,1,15,0,0.1,22,0,1.01639e+07,6.82892e+06,4.10018e+08,3.98927e+07,10163900.0
02/13/2006 16:00,2,13,1,16,0,0.6,21.4167,0,8.66015e+06,7.93924e+06,4.19558e+08,3.15957e+07,8660150.0
02/13/2006 17:00,2,13,1,17,0,0.6,21.5833,0,1.08044e+07,8.304e+06,4.25385e+08,3.29563e+07,10804400.0
02/13/2006 18:00,2,13,1,18,0,-0.391667,28.4167,0,1.68971e+07,8.24114e+06,4.63043e+08,4.00988e+07,16897100.0
02/13/2006 19:00,2,13,1,19,0,-1.1,35.9167,0,2.12366e+07,8.16952e+06,4.88363e+08,4.59337e+07,21236600.0
02/13/2006 20:00,2,13,1,20,0,-1.45,39.1667,0,1.33224e+07,8.28112e+06,4.91723e+08,4.05895e+07,13322400.0
02/13/2006 21:00,2,13,1,21,0,-1.99167,44.6667,0,2.27953e+07,5.61085e+06,4.24665e+08,4.66444e+07,22795300.0
02/13/2006 22:00,2,13,1,22,0,-2.55,49.75,0,1.07283e+08,101926,2.67782e+08,1.2487e+08,107283000.0
02/13/2006 23:00,2,13,1,23,0,-3.09167,51,0,1.73411e+08,0,2.0648e+08,1.89111e+08,173411000.0
02/14/2006 00:00,2,14,2,0,0,-3.65,51,0,1.84972e+08,0,1.91637e+08,1.98596e+08,184972000.0
02/14/2006 01:00,2,14,2,1,0,-4.19167,50.4167,0,2.14062e+08,0,1.64628e+08,2.27332e+08,214062000.0
02/14/2006 02:00,2,14,2,2,0,-4.75,58.75,0,1.67931e+08,0,1.44432e+08,1.77942e+08,167931000.0
02/14/2006 03:00,2,14,2,3,0,-5,66.75,0,0,0,9.9572e+07,3.82612e+06,0.0
02/14/2006 04:00,2,14,2,4,0,-5.99167,69.75,0,2.91524e+08,484059,1.22119e+08,2.98154e+08,291524000.0
02/14/2006 05:00,2,14,2,5,0,-6.35,71,0,2.88439e+08,961256,1.50001e+08,2.98272e+08,288439000.0
02/14/2006 06:00,2,14,2,6,0,-5.80833,71.5833,0,5.0248e+08,31640.1,2.16621e+08,5.16295e+08,502480000.0
02/14/2006 07:00,2,14,2,7,0,-4.9,65.5833,0,1.46557e+08,2.08267e+06,4.0597e+08,1.6765e+08,146557000.0
02/14/2006 08:00,2,14,2,8,0,-3.46667,55.1667,0,3.85001e+07,5.37678e+06,4.2994e+08,6.26513e+07,38500100.0
02/14/2006 09:00,2,14,2,9,0,-1.80833,40.5,0,2.77814e+07,6.63417e+06,4.13029e+08,5.22582e+07,27781400.0
02/14/2006 10:00,2,14,2,10,0,-0.808333,31.8333,0,2.73811e+07,7.33161e+06,4.08847e+08,5.21346e+07,27381100.0
02/14/2006 11:00,2,14,2,11,0,0.1,30.4167,0,1.9987e+07,7.84923e+06,4.08659e+08,4.61529e+07,19987000.0
02/14/2006 12:00,2,14,2,12,0,1.24167,29.4167,0,1.21947e+07,8.44742e+06,4.12757e+08,3.99234e+07,12194700.0
02/14/2006 13:00,2,14,2,13,0,2.34167,27.8333,0,7.91742e+06,8.50763e+06,4.15597e+08,3.70623e+07,7917420.0
02/14/2006 14:00,2,14,2,14,0,3.44167,25.25,0,5.46357e+06,6.02943e+06,4.01626e+08,3.79403e+07,5463570.0
02/14/2006 15:00,2,14,2,15,0,3.9,23.4167,0,554312,8.85811e+06,4.21755e+08,3.03771e+07,554312.0
02/14/2006 16:00,2,14,2,16,0,4.19167,21.8333,0,368776,9.81896e+06,4.37458e+08,2.33493e+07,368776.0
02/14/2006 17:00,2,14,2,17,0,4.4,22.1667,0,358833,1.01866e+07,4.4366e+08,2.24871e+07,358833.0
02/14/2006 18:00,2,14,2,18,0,2.825,33.5,0,726614,9.97395e+06,4.75749e+08,2.38951e+07,726614.0
02/14/2006 19:00,2,14,2,19,0,1.35,43.9167,0,3.33452e+06,9.70606e+06,4.9698e+08,2.75722e+07,3334520.0
02/14/2006 20:00,2,14,2,20,0,0.808333,44.25,0,1.2136e+07,9.6923e+06,4.9867e+08,3.85409e+07,12136000.0
02/14/2006 21:00,2,14,2,21,0,0.25,43,0,2.97573e+07,6.9308e+06,4.29784e+08,5.43681e+07,29757300.0
02/14/2006 22:00,2,14,2,22,0,-0.35,45.3333,0,9.54714e+07,452856,2.70156e+08,1.13846e+08,95471400.0
02/14/2006 23:00,2,14,2,23,0,-0.891667,49.3333,0,1.75519e+08,1.75371e+06,2.14998e+08,1.8997e+08,175519000.0
02/15/2006 00:00,2,15,3,0,0,-1.1,52.75,0,1.64224e+08,720936,2.03241e+08,1.78144e+08,164224000.0
02/15/2006 01:00,2,15,3,1,0,-1.45,55.75,0,2.03412e+08,0,1.65083e+08,2.16461e+08,203412000.0
02/15/2006 02:00,2,15,3,2,0,-1.35,57,0,1.43746e+08,0,1.47298e+08,1.54291e+08,143746000.0
02/15/2006 03:00,2,15,3,3,0,-1.45,58.1667,0,0,0,1.09075e+08,3.32938e+06,0.0
02/15/2006 04:00,2,15,3,4,0,-1.35,57.8333,0,2.25144e+08,0,1.12061e+08,2.31719e+08,225144000.0
02/15/2006 05:00,2,15,3,5,0,-0.808333,57,0,2.76718e+08,0,1.34103e+08,2.86522e+08,276718000.0
02/15/2006 06:00,2,15,3,6,0,-0.6,55.25,0,2.86553e+08,101901,2.16282e+08,3.00358e+08,286553000.0
02/15/2006 07:00,2,15,3,7,0,-0.891667,68.5833,0,9.10844e+07,2.69285e+06,4.04991e+08,1.12018e+08,91084400.0
02/15/2006 08:00,2,15,3,8,0,-1.74167,86,0,4.74471e+07,6.70492e+06,4.46476e+08,7.1535e+07,47447100.0
02/15/2006 09:00,2,15,3,9,0,-1.90833,91,0,4.85182e+07,7.14794e+06,4.28996e+08,7.3583e+07,48518200.0
02/15/2006 10:00,2,15,3,10,0,-1.35,91,0,4.47718e+07,7.76038e+06,4.16047e+08,7.00602e+07,44771800.0
02/15/2006 11:00,2,15,3,11,0,-0.808333,91,0,1.8991e+07,8.24545e+06,4.12282e+08,4.44152e+07,18991000.0
02/15/2006 12:00,2,15,3,12,0,0.1,86.3333,0,6.98041e+06,8.80122e+06,4.13191e+08,3.54014e+07,6980410.0
02/15/2006 13:00,2,15,3,13,0,0.6,83,0,5.45821e+06,8.62301e+06,4.12079e+08,3.4442e+07,5458210.0
02/15/2006 14:00,2,15,3,14,0,0.891667,83.5833,0,1.77829e+07,5.63425e+06,3.95355e+08,4.86069e+07,17782900.0
02/15/2006 15:00,2,15,3,15,0,0.808333,88.0833,0,4.53207e+06,8.54419e+06,4.0995e+08,3.61022e+07,4532070.0
02/15/2006 16:00,2,15,3,16,0,0.6,93.9167,0,4.03067e+06,9.38437e+06,4.26861e+08,2.72166e+07,4030670.0
02/15/2006 17:00,2,15,3,17,0,0.6,96,0,7.30864e+06,9.66111e+06,4.43606e+08,2.94267e+07,7308640.0
02/15/2006 18:00,2,15,3,18,0,0.6,96,0,1.09254e+07,9.81539e+06,4.73372e+08,3.40455e+07,10925400.0
02/15/2006 19:00,2,15,3,19,0,0.6,96,0,1.16975e+07,9.90918e+06,4.95108e+08,3.58962e+07,11697500.0
02/15/2006 20:00,2,15,3,20,0,0.6,96,0,2.41346e+07,1.00404e+07,4.98045e+08,4.93243e+07,24134600.0
02/15/2006 21:00,2,15,3,21,0,0.6,96,0,6.3099e+07,7.23217e+06,4.29829e+08,8.7827e+07,63099000.0
02/15/2006 22:00,2,15,3,22,0,0.891667,96,0,1.72429e+08,519911,2.7031e+08,1.9094e+08,172429000.0
02/15/2006 23:00,2,15,3,23,0,1.1,96,0,2.2677e+08,3.03301e+06,2.27883e+08,2.41459e+08,226770000.0
02/16/2006 00:00,2,16,4,0,0,1.45,93.6667,0,2.04763e+08,0,1.92119e+08,2.19732e+08,204763000.0
02/16/2006 01:00,2,16,4,1,0,1.7,92,0,2.12646e+08,0,1.65863e+08,2.25757e+08,212646000.0
02/16/2006 02:00,2,16,4,2,0,1.99167,90.25,0,1.61677e+08,0,1.47092e+08,1.72375e+08,161677000.0
02/16/2006 03:00,2,16,4,3,0,2.2,89,0,0,0,1.09034e+08,1.89508e+06,0.0
02/16/2006 04:00,2,16,4,4,0,2.55,90.75,0,2.61171e+08,0,1.12455e+08,2.68785e+08,261171000.0
02/16/2006 05:00,2,16,4,5,0,2.8,94.3333,0,2.35092e+08,0,1.33933e+08,2.4433e+08,235092000.0
02/16/2006 06:00,2,16,4,6,0,2.8,93.6667,0,0,15555.9,2.1578e+08,1.45748e+07,0.0
02/16/2006 07:00,2,16,4,7,0,3.09167,92,0,9.33485e+07,3.46699e+06,4.06272e+08,1.14417e+08,93348500.0
02/16/2006 08:00,2,16,4,8,0,3.3,90.25,0,1.3459e+07,8.5071e+06,4.46833e+08,3.70051e+07,13459000.0
02/16/2006 09:00,2,16,4,9,0,3.94167,87.25,0,8.39923e+06,9.04484e+06,4.2329e+08,3.25298e+07,8399230.0
02/16/2006 10:00,2,16,4,10,0,4.75,86,0,1.66319e+06,9.67256e+06,4.15122e+08,2.64264e+07,1663190.0
02/16/2006 11:00,2,16,4,11,0,5.35,83.6667,0,0,1.01694e+07,4.14003e+08,2.73057e+07,0.0
02/16/2006 12:00,2,16,4,12,0,5.25,88.4167,0,0,1.04802e+07,4.15934e+08,2.65888e+07,0.0
02/16/2006 13:00,2,16,4,13,0,5,93,0,5603.01,1.01945e+07,4.15299e+08,2.91508e+07,5603.01
02/16/2006 14:00,2,16,4,14,0,5.35,90.6667,0,849342,7.59609e+06,4.03531e+08,3.3385e+07,849342.0
02/16/2006 15:00,2,16,4,15,0,5.25,91.3333,0,12664.7,1.08413e+07,4.23609e+08,2.97391e+07,12664.7
02/16/2006 16:00,2,16,4,16,0,5.64167,88.9167,0,0,1.10746e+07,4.20283e+08,2.29009e+07,0.0
02/16/2006 17:00,2,16,4,17,0,5.80833,85.4167,0,428685,1.13212e+07,4.39667e+08,2.25585e+07,428685.0
02/16/2006 18:00,2,16,4,18,0,5.25,85.5833,0,1.40388e+06,1.12727e+07,4.69659e+08,2.45773e+07,1403880.0
02/16/2006 19:00,2,16,4,19,0,4.65,87.75,0,1.46124e+06,1.11843e+07,4.97774e+08,2.58496e+07,1461240.0
02/16/2006 20:00,2,16,4,20,0,4.10833,89,0,1.38956e+06,1.11662e+07,5.00708e+08,2.86099e+07,1389560.0
02/16/2006 21:00,2,16,4,21,0,3.55,90.75,0,4.44196e+06,8.26984e+06,4.3182e+08,2.86546e+07,4441960.0
02/16/2006 22:00,2,16,4,22,0,3.65,90.25,0,3.48799e+07,1.51666e+06,2.76149e+08,5.24901e+07,34879900.0
02/16/2006 23:00,2,16,4,23,0,3.55,89,0,6.85313e+07,2.81875e+06,2.29471e+08,8.38529e+07,68531300.0
02/17/2006 00:00,2,17,5,0,0,3.00833,93.0833,0,9.1149e+07,0,1.90549e+08,1.04772e+08,91149000.0
02/17/2006 01:00,2,17,5,1,0,3.44167,91.9167,0,1.6296e+08,0,1.65716e+08,1.76247e+08,162960000.0
02/17/2006 02:00,2,17,5,2,0,3.55,89,0,1.28311e+08,0,1.48394e+08,1.38328e+08,128311000.0
02/17/2006 03:00,2,17,5,3,0,3.3,89,0,0,0,1.10276e+08,3.82916e+06,0.0
02/17/2006 04:00,2,17,5,4,0,3.00833,90.75,0,1.80943e+08,0,1.09204e+08,1.869e+08,180943000.0
02/17/2006 05:00,2,17,5,5,0,2.45,90.25,0,2.26176e+08,0,1.33815e+08,2.35977e+08,226176000.0
02/17/2006 06:00,2,17,5,6,0,1.90833,88.4167,0,0,41565.4,2.15806e+08,1.38041e+07,0.0
02/17/2006 07:00,2,17,5,7,0,1.35,88,0,1.27825e+08,3.61274e+06,4.12542e+08,1.48793e+08,127825000.0
02/17/2006 08:00,2,17,5,8,0,1.45,85.6667,0,2.54768e+07,7.96657e+06,4.35643e+08,4.93134e+07,25476800.0
02/17/2006 09:00,2,17,5,9,0,2.98333,77,0,4.02797e+06,8.80881e+06,4.14467e+08,2.9051e+07,4027970.0
02/17/2006 10:00,2,17,5,10,0,4.54167,67.3333,0,484625,9.81908e+06,4.19225e+08,2.67226e+07,484625.0
02/17/2006 11:00,2,17,5,11,0,5.99167,58.1667,0,31279.6,1.05768e+07,4.26811e+08,2.54249e+07,31279.6
02/17/2006 12:00,2,17,5,12,0,7.34167,48.1667,0,0,1.25228e+07,4.58029e+08,2.79866e+07,0.0
02/17/2006 13:00,2,17,5,13,0,7.45,47.5,0,0,1.07484e+07,4.31852e+08,2.82107e+07,0.0
02/17/2006 14:00,2,17,5,14,0,7.2,50,0,0,7.8615e+06,4.1019e+08,3.17154e+07,0.0
02/17/2006 15:00,2,17,5,15,0,8.19167,47.0833,0,0,1.07731e+07,4.36873e+08,3.07078e+07,0.0
02/17/2006 16:00,2,17,5,16,0,8.9,43.25,0,0,1.17463e+07,4.45051e+08,2.33039e+07,0.0
02/17/2006 17:00,2,17,5,17,0,7.90833,50.75,0,0,1.17176e+07,4.46167e+08,2.21076e+07,0.0
02/17/2006 18:00,2,17,5,18,0,6.26667,56.4167,0,0,1.2544e+07,4.96098e+08,2.34655e+07,0.0
02/17/2006 19:00,2,17,5,19,0,4.60833,63.5833,0,0,1.11572e+07,5.03833e+08,2.49152e+07,0.0
02/17/2006 20:00,2,17,5,20,0,4.19167,65.5,0,0,1.11764e+07,5.04947e+08,2.51399e+07,0.0
02/17/2006 21:00,2,17,5,21,0,3.75833,68.25,0,851148,8.41407e+06,4.34084e+08,2.44901e+07,851148.0
02/17/2006 22:00,2,17,5,22,0,3.00833,73.75,0,1.33401e+07,1.99675e+06,2.82404e+08,3.19129e+07,13340100.0
02/17/2006 23:00,2,17,5,23,0,1.80833,82.5833,0,5.33991e+07,2.839e+06,2.22059e+08,6.94038e+07,53399100.0
02/18/2006 00:00,2,18,6,0,0,1.1,88,0,6.40437e+07,2.01631e+06,1.9937e+08,7.8398e+07,64043700.0
02/18/2006 01:00,2,18,6,1,0,0.808333,89.75,0,0,0,8.95861e+07,0,0.0
02/18/2006 02:00,2,18,6,2,0,0.25,93.3333,0,0,0,8.48672e+07,0,0.0
02/18/2006 03:00,2,18,6,3,0,0,95,0,0,0,8.58387e+07,1.54077e+06,0.0
02/18/2006 04:00,2,18,6,4,0,-0.35,95.5833,0,0,0,8.69865e+07,0,0.0
02/18/2006 05:00,2,18,6,5,0,-0.891667,95.4167,0,0,0,8.34053e+07,0,0.0
02/18/2006 06:00,2,18,6,6,0,-1.45,95.5833,0,3.15734e+08,0,1.12657e+08,3.24599e+08,315734000.0
02/18/2006 07:00,2,18,6,7,0,-1.35,95.4167,0,2.17159e+08,0,1.37187e+08,2.27694e+08,217159000.0
02/18/2006 08:00,2,18,6,8,0,-0.808333,95.5833,0,2.3847e+08,107800,1.42518e+08,2.50557e+08,238470000.0
02/18/2006 09:00,2,18,6,9,0,0.741667,89,0,1.79346e+08,0,1.72269e+08,1.92948e+08,179346000.0
02/18/2006 10:00,2,18,6,10,0,2.34167,78.75,0,1.2347e+08,0,1.81066e+08,1.40553e+08,123470000.0
02/18/2006 11:00,2,18,6,11,0,3.73333,70.3333,0,8.51979e+07,0,1.71977e+08,1.00253e+08,85197900.0
02/18/2006 12:00,2,18,6,12,0,5.74167,59.4167,0,9.26678e+07,0,1.59725e+08,1.09828e+08,92667800.0
02/18/2006 13:00,2,18,6,13,0,7.34167,47,0,5.6149e+07,0,1.36713e+08,7.31402e+07,56149000.0
02/18/2006 14:00,2,18,6,14,0,7.8,42,0,7.58765e+06,0,1.04914e+08,2.1854e+07,7587650.0
02/18/2006 15:00,2,18,6,15,0,8.44167,40.25,0,1.26982e+07,0,1.06202e+08,2.6161e+07,12698200.0
02/18/2006 16:00,2,18,6,16,0,8.55,39,0,2.95288e+07,0,1.074e+08,4.26427e+07,29528800.0
02/18/2006 17:00,2,18,6,17,0,7.65833,41.3333,0,7.40512e+07,0,1.03025e+08,8.70608e+07,74051200.0
02/18/2006 18:00,2,18,6,18,0,6.26667,43.5833,0,0,0,9.11255e+07,1.00653e+07,0.0
02/18/2006 19:00,2,18,6,19,0,5.6,41.6667,0,0,0,1.03903e+08,9.71134e+06,0.0
02/18/2006 20:00,2,18,6,20,0,4.25833,49.9167,0,0,0,9.32332e+07,7.12968e+06,0.0
02/18/2006 21:00,2,18,6,21,0,3.65,54.0833,0,0,0,9.18554e+07,0,0.0
02/18/2006 22:00,2,18,6,22,0,2.90833,59.5833,0,0,0,9.18554e+07,0,0.0
02/18/2006 23:00,2,18,6,23,0,2.2,63.25,0,0,0,9.18554e+07,1.54076e+06,0.0
02/19/2006 00:00,2,19,0,0,0,1.55833,66.6667,0,0,0,9.18554e+07,0,0.0
02/19/2006 01:00,2,19,0,1,0,0.458333,75.25,0,947242,0,8.12299e+07,947242,947242.0
02/19/2006 02:00,2,19,0,2,0,-0.641667,81.3333,0,1.94605e+06,0,8.18999e+07,3.48683e+06,1946050.0
02/19/2006 03:00,2,19,0,3,0,-0.808333,83,0,2.03685e+06,0,8.12309e+07,2.03685e+06,2036850.0
02/19/2006 04:00,2,19,0,4,0,-1.24167,83,0,5.2344e+06,0,8.28847e+07,5.2344e+06,5234400.0
02/19/2006 05:00,2,19,0,5,0,-1.35,87.6667,0,9.77122e+06,0,9.21301e+07,2.26789e+07,9771220.0
02/19/2006 06:00,2,19,0,6,0,-2.09167,88.6667,0,1.35643e+07,0,9.38347e+07,2.09859e+07,13564300.0
02/19/2006 07:00,2,19,0,7,0,-1.51667,87.5833,0,1.07639e+07,0,1.04349e+08,1.8278e+07,10763900.0
02/19/2006 08:00,2,19,0,8,0,0.1,83.3333,0,2.68051e+06,0,6.2234e+07,1.21983e+07,2680510.0
02/19/2006 09:00,2,19,0,9,0,1.53333,80.5833,0,729624,0,6.09974e+07,8.38755e+06,729624.0
02/19/2006 10:00,2,19,0,10,0,3.48333,78.0833,0,146593,0,5.93263e+07,9.71596e+06,146593.0
02/19/2006 11:00,2,19,0,11,0,7.025,59.0833,0,0,0,7.05944e+07,7.83484e+06,0.0
02/19/2006 12:00,2,19,0,12,0,7.90833,52.8333,0,0,0,7.37437e+07,9.64577e+06,0.0
02/19/2006 13:00,2,19,0,13,0,9.18333,59.3333,0,0,0,7.54555e+07,9.88478e+06,0.0
02/19/2006 14:00,2,19,0,14,0,10.8917,61,0,0,0,7.6557e+07,1.08496e+07,0.0
02/19/2006 15:00,2,19,0,15,0,10.8083,61,0,0,0,7.63086e+07,9.15094e+06,0.0
02/19/2006 16:00,2,19,0,16,0,10.6,61,0,0,0,7.61994e+07,9.58896e+06,0.0
02/19/2006 17:00,2,19,0,17,0,10.25,61,0,0,72093.9,7.69607e+07,8.25721e+06,0.0
02/19/2006 18:00,2,19,0,18,0,9.00833,65.0833,0,0,0,7.88091e+07,8.77773e+06,0.0
02/19/2006 19:00,2,19,0,19,0,8.65,66.8333,0,0,0,9.18648e+07,7.37393e+06,0.0
02/19/2006 20:00,2,19,0,20,0,8.55,68.9167,0,0,0,9.18585e+07,1.82431e+06,0.0
02/19/2006 21:00,2,19,0,21,0,6.725,79.1667,0,0,0,9.18554e+07,1.54074e+06,0.0
02/19/2006 22:00,2,19,0,22,0,5.25,85.5833,0,0,0,9.18554e+07,0,0.0
02/19/2006 23:00,2,19,0,23,0,5,86,0,0,0,9.18554e+07,0,0.0
02/20/2006 00:00,2,20,1,0,0,4.65,90.0833,0,363676,0,9.31939e+07,1.90444e+06,363676.0
02/20/2006 01:00,2,20,1,1,0,5.1,88.3333,0,3.57821e+08,0,1.65303e+08,3.74927e+08,357821000.0
02/20/2006 02:00,2,20,1,2,0,4.60833,89.6667,0,1.72813e+08,0,1.48519e+08,1.83197e+08,172813000.0
02/20/2006 03:00,2,20,1,3,0,3.55,92.4167,0,0,0,1.00241e+08,1.90404e+06,0.0
02/20/2006 04:00,2,20,1,4,0,3.65,92.5833,0,2.80199e+08,0,1.12724e+08,2.87847e+08,280199000.0
02/20/2006 05:00,2,20,1,5,0,3.9,93,0,3.08873e+08,0,1.34156e+08,3.18177e+08,308873000.0
02/20/2006 06:00,2,20,1,6,0,3.9,90.6667,0,0,0,2.15764e+08,1.44789e+07,0.0
02/20/2006 07:00,2,20,1,7,0,3.25833,93.0833,0,1.10843e+08,626676,3.94239e+08,1.31936e+08,110843000.0
02/20/2006 08:00,2,20,1,8,0,3.44167,94.25,0,1.68133e+07,5.12192e+06,4.28567e+08,4.03251e+07,16813300.0
02/20/2006 09:00,2,20,1,9,0,4.54167,88.9167,0,4.192e+06,7.23147e+06,4.08903e+08,2.82906e+07,4192000.0
02/20/2006 10:00,2,20,1,10,0,5.99167,83.6667,0,486389,8.81943e+06,4.086e+08,2.52217e+07,486389.0
02/20/2006 11:00,2,20,1,11,0,8.625,69.75,0,0,1.08637e+07,4.28237e+08,2.70694e+07,0.0
02/20/2006 12:00,2,20,1,12,0,10.9917,61,0,0,1.10389e+07,4.25208e+08,2.6765e+07,0.0
02/20/2006 13:00,2,20,1,13,0,12.3417,58.6667,0,0,1.10622e+07,4.23704e+08,2.91209e+07,0.0
02/20/2006 14:00,2,20,1,14,0,14.0833,52.3333,0,0,1.01551e+07,4.28146e+08,3.25239e+07,0.0
02/20/2006 15:00,2,20,1,15,0,15.9917,44.3333,0,0,4.67965e+07,5.18511e+08,2.97057e+07,0.0
02/20/2006 16:00,2,20,1,16,0,15.3583,48,0,0,3.98776e+07,5.21357e+08,2.28939e+07,0.0
02/20/2006 17:00,2,20,1,17,0,13.4667,55.3333,0,0,1.28653e+07,4.48805e+08,2.20884e+07,0.0
02/20/2006 18:00,2,20,1,18,0,11.8083,60.5,0,0,1.26291e+07,4.77329e+08,2.31284e+07,0.0
02/20/2006 19:00,2,20,1,19,0,10.4583,67.6667,0,0,1.24212e+07,5.05089e+08,2.4206e+07,0.0
02/20/2006 20:00,2,20,1,20,0,9.35833,74.5,0,0,1.23949e+07,5.07322e+08,2.67139e+07,0.0
02/20/2006 21:00,2,20,1,21,0,8.9,78.75,0,0,9.69247e+06,4.35439e+08,2.44684e+07,0.0
02/20/2006 22:00,2,20,1,22,0,8.55,81.75,0,2.11077e+06,2.39408e+06,2.71195e+08,2.01369e+07,2110770.0
02/20/2006 23:00,2,20,1,23,0,7.36667,86.5,0,9.12794e+06,3.15743e+06,2.09706e+08,2.38608e+07,9127940.0
02/21/2006 00:00,2,21,2,0,0,7.63333,87.25,0,6.56826e+06,1.2887e+06,1.8798e+08,2.01801e+07,6568260.0
02/21/2006 01:00,2,21,2,1,0,8.00833,87.75,0,2.05876e+07,0,1.61205e+08,3.3901e+07,20587600.0
02/21/2006 02:00,2,21,2,2,0,8.09167,85.5,0,2.97941e+07,0,1.48232e+08,3.98192e+07,29794100.0
02/21/2006 03:00,2,21,2,3,0,6.725,90.5833,0,0,0,1.09173e+08,3.83732e+06,0.0
02/21/2006 04:00,2,21,2,4,0,4.9,98.3333,0,6.88364e+07,0,1.10421e+08,7.48116e+07,68836400.0
02/21/2006 05:00,2,21,2,5,0,4.75,97.6667,0,9.15083e+07,0,1.33613e+08,1.0133e+08,91508300.0
02/21/2006 06:00,2,21,2,6,0,4.00833,98.3333,0,0,15935.5,2.1578e+08,1.39812e+07,0.0
02/21/2006 07:00,2,21,2,7,0,3.65,97.6667,0,4.91909e+07,4.2279e+06,4.00008e+08,7.01229e+07,49190900.0
02/21/2006 08:00,2,21,2,8,0,4.19167,96.5833,0,2.86663e+06,9.6075e+06,4.36669e+08,2.64337e+07,2866630.0
02/21/2006 09:00,2,21,2,9,0,4.4,97,0,675188,9.76654e+06,4.19822e+08,2.56e+07,675188.0
02/21/2006 10:00,2,21,2,10,0,6.03333,88.25,0,0,1.06382e+07,4.15868e+08,2.62061e+07,0.0
02/21/2006 11:00,2,21,2,11,0,8.19167,70.9167,0,0,1.21267e+07,4.29763e+08,2.56348e+07,0.0
02/21/2006 12:00,2,21,2,12,0,8.55,61.25,0,0,1.224e+07,4.30883e+08,2.75072e+07,0.0
02/21/2006 13:00,2,21,2,13,0,8.65,56.5,0,0,1.11216e+07,4.18898e+08,2.81098e+07,0.0
02/21/2006 14:00,2,21,2,14,0,8.55,52.25,0,1498.6,8.13637e+06,4.01098e+08,3.21453e+07,1498.6
02/21/2006 15:00,2,21,2,15,0,8.00833,50.4167,0,0,1.06373e+07,4.14931e+08,2.99587e+07,0.0
02/21/2006 16:00,2,21,2,16,0,7.45,50,0,59341.7,1.12284e+07,4.20518e+08,2.34198e+07,59341.7
02/21/2006 17:00,2,21,2,17,0,6.90833,49.4167,0,870624,1.12476e+07,4.38673e+08,2.29241e+07,870624.0
02/21/2006 18:00,2,21,2,18,0,6.35,49,0,1.34185e+06,1.19e+07,4.82968e+08,2.47224e+07,1341850.0
02/21/2006 19:00,2,21,2,19,0,5.80833,49,0,4.09065e+06,1.32477e+07,5.34265e+08,2.92302e+07,4090650.0
02/21/2006 20:00,2,21,2,20,0,4.9,50.1667,0,6.9837e+06,1.27505e+07,5.30618e+08,3.26697e+07,6983700.0
02/21/2006 21:00,2,21,2,21,0,4.10833,50.4167,0,3.34198e+07,8.66606e+06,4.41042e+08,5.69557e+07,33419800.0
02/21/2006 22:00,2,21,2,22,0,3.55,51.1667,0,1.22501e+08,1.3755e+06,2.74301e+08,1.40326e+08,122501000.0
02/21/2006 23:00,2,21,2,23,0,2.65833,51.4167,0,2.01156e+08,2.03683e+06,2.13194e+08,2.17945e+08,201156000.0
02/22/2006 00:00,2,22,3,0,0,1.55833,51.5833,0,2.01573e+08,0,1.92022e+08,2.15179e+08,201573000.0
02/22/2006 01:00,2,22,3,1,0,0.808333,53.1667,0,2.30899e+08,0,1.65311e+08,2.4413e+08,230899000.0
02/22/2006 02:00,2,22,3,2,0,0.25,55.75,0,1.90116e+08,0,1.48252e+08,2.00092e+08,190116000.0
02/22/2006 03:00,2,22,3,3,0,0,54.0833,0,0,0,1.10288e+08,3.60425e+06,0.0
02/22/2006 04:00,2,22,3,4,0,-0.35,52,0,2.86751e+08,0,1.12735e+08,2.93192e+08,286751000.0
02/22/2006 05:00,2,22,3,5,0,-0.891667,51.4167,0,3.6966e+08,0,1.34543e+08,3.79378e+08,369660000.0
02/22/2006 06:00,2,22,3,6,0,-1.45,49.8333,0,3.71132e+08,22525.4,2.16427e+08,3.85128e+08,371132000.0
02/22/2006 07:00,2,22,3,7,0,-1.99167,47.25,0,1.57183e+08,2.56119e+06,4.00987e+08,1.78287e+08,157183000.0
02/22/2006 08:00,2,22,3,8,0,-1.90833,49.5,0,5.44442e+07,6.57721e+06,4.30613e+08,7.82359e+07,54444200.0
02/22/2006 09:00,2,22,3,9,0,-1.05833,49.0833,0,2.38663e+07,7.35953e+06,4.24851e+08,4.79485e+07,23866300.0
02/22/2006 10:00,2,22,3,10,0,0.1,45.8333,0,1.19113e+07,8.38767e+06,4.31995e+08,3.66179e+07,11911300.0
02/22/2006 11:00,2,22,3,11,0,1.53333,42.0833,0,7.53156e+06,9.16559e+06,4.28443e+08,3.40692e+07,7531560.0
02/22/2006 12:00,2,22,3,12,0,2.55,38.8333,0,2.72813e+06,9.63965e+06,4.29307e+08,2.99775e+07,2728130.0
02/22/2006 13:00,2,22,3,13,0,3.73333,35.6667,0,302717,9.55876e+06,4.3088e+08,2.94081e+07,302717.0
02/22/2006 14:00,2,22,3,14,0,5.39167,31.6667,0,0,7.83931e+06,4.25331e+08,3.23332e+07,0.0
02/22/2006 15:00,2,22,3,15,0,6.74167,28.8333,0,0,1.00847e+07,4.53335e+08,2.98932e+07,0.0
02/22/2006 16:00,2,22,3,16,0,7.55,27.4167,0,0,1.11825e+07,4.67255e+08,2.29377e+07,0.0
02/22/2006 17:00,2,22,3,17,0,7.45,32.25,0,0,1.14164e+07,4.54762e+08,2.20595e+07,0.0
02/22/2006 18:00,2,22,3,18,0,6.26667,40.6667,0,0,1.12542e+07,4.78265e+08,2.30942e+07,0.0
02/22/2006 19:00,2,22,3,19,0,5.25,41.6667,0,0,1.21123e+07,5.22689e+08,2.41701e+07,0.0
02/22/2006 20:00,2,22,3,20,0,5,38.8333,0,14998,1.09941e+07,5.0571e+08,2.58838e+07,14998.0
02/22/2006 21:00,2,22,3,21,0,4.00833,42.0833,0,2.09636e+06,8.19837e+06,4.34344e+08,2.67213e+07,2096360.0
02/22/2006 22:00,2,22,3,22,0,3.3,47.3333,0,2.67949e+07,1.87772e+06,2.79828e+08,4.52279e+07,26794900.0
02/22/2006 23:00,2,22,3,23,0,3.3,53.6667,0,7.45133e+07,2.19817e+06,2.1307e+08,8.88736e+07,74513300.0
02/23/2006 00:00,2,23,4,0,0,2.65833,56.4167,0,9.66643e+07,1.41857e+06,1.96435e+08,1.10916e+08,96664300.0
02/23/2006 01:00,2,23,4,1,0,2.55,56.5833,0,1.12108e+08,0,1.65654e+08,1.25075e+08,112108000.0
02/23/2006 02:00,2,23,4,2,0,3.09167,60.5,0,9.15021e+07,0,1.48742e+08,1.02051e+08,91502100.0
02/23/2006 03:00,2,23,4,3,0,3.65,61.25,0,0,0,1.10416e+08,3.0735e+06,0.0
02/23/2006 04:00,2,23,4,4,0,3.55,67,0,1.15502e+08,0,1.08888e+08,1.22787e+08,115502000.0
02/23/2006 05:00,2,23,4,5,0,3.65,74.3333,0,1.3658e+08,0,1.33893e+08,1.45994e+08,136580000.0
02/23/2006 06:00,2,23,4,6,0,3.55,77.75,0,0,12281.9,2.15777e+08,1.43594e+07,0.0
02/23/2006 07:00,2,23,4,7,0,3.3,82.5,0,6.21833e+07,3.66382e+06,4.00861e+08,8.33047e+07,62183300.0
02/23/2006 08:00,2,23,4,8,0,3.94167,79.75,0,1.42936e+06,8.84759e+06,4.49437e+08,2.49099e+07,1429360.0
02/23/2006 09:00,2,23,4,9,0,4.75,74.25,0,337020,9.19e+06,4.22542e+08,2.44048e+07,337020.0
02/23/2006 10:00,2,23,4,10,0,5.35,73,0,181701,9.85357e+06,4.16156e+08,2.48789e+07,181701.0
02/23/2006 11:00,2,23,4,11,0,6.53333,67.1667,0,1389.09,1.04893e+07,4.16146e+08,2.68625e+07,1389.09
02/23/2006 12:00,2,23,4,12,0,7.84167,58.9167,0,0,1.21038e+07,4.36717e+08,2.69153e+07,0.0
02/23/2006 13:00,2,23,4,13,0,8.94167,53.6667,0,0,1.09209e+07,4.18532e+08,2.90974e+07,0.0
02/23/2006 14:00,2,23,4,14,0,10.7417,47.3333,0,0,8.46476e+06,4.0372e+08,3.25127e+07,0.0
02/23/2006 15:00,2,23,4,15,0,11.9917,45.75,0,0,1.15186e+07,4.29188e+08,2.96828e+07,0.0
02/23/2006 16:00,2,23,4,16,0,12.8417,48.1667,0,0,1.26182e+07,4.29698e+08,2.29022e+07,0.0
02/23/2006 17:00,2,23,4,17,0,12.6583,51.9167,0,0,1.29164e+07,4.38759e+08,2.20493e+07,0.0
02/23/2006 18:00,2,23,4,18,0,10.9167,59.25,0,0,1.27439e+07,4.75399e+08,2.30833e+07,0.0
02/23/2006 19:00,2,23,4,19,0,9.35833,65.9167,0,0,1.24878e+07,5.06162e+08,2.41619e+07,0.0
02/23/2006 20:00,2,23,4,20,0,8.9,68,0,0,1.25119e+07,5.0819e+08,2.60975e+07,0.0
02/23/2006 21:00,2,23,4,21,0,8.55,68,0,108133,9.77668e+06,4.36009e+08,2.4659e+07,108133.0
02/23/2006 22:00,2,23,4,22,0,8.3,68,0,6.75374e+06,2.50295e+06,2.71779e+08,2.51687e+07,6753740.0
02/23/2006 23:00,2,23,4,23,0,8.3,68,0,1.76393e+07,2.37401e+06,2.09152e+08,3.19942e+07,17639300.0
02/24/2006 00:00,2,24,5,0,0,8.00833,69.75,0,2.90829e+07,1.58117e+06,1.94943e+08,4.30895e+07,29082900.0
02/24/2006 01:00,2,24,5,1,0,7.45,72.75,0,6.01748e+07,0,1.65775e+08,7.31295e+07,60174800.0
02/24/2006 02:00,2,24,5,2,0,7.2,74,0,5.6182e+07,0,1.47401e+08,6.67046e+07,56182000.0
02/24/2006 03:00,2,24,5,3,0,7.55,70.5,0,0,0,1.10449e+08,3.32393e+06,0.0
02/24/2006 04:00,2,24,5,4,0,7.15833,74.4167,0,8.75409e+07,0,1.09902e+08,9.36917e+07,87540900.0
02/24/2006 05:00,2,24,5,5,0,6.7,72,0,1.9358e+08,0,1.33708e+08,2.03382e+08,193580000.0
02/24/2006 06:00,2,24,5,6,0,6.35,64.0833,0,0,9238.02,2.15774e+08,1.38637e+07,0.0
02/24/2006 07:00,2,24,5,7,0,6.1,57.3333,0,8.25103e+07,4.66259e+06,4.00924e+08,1.03423e+08,82510300.0
02/24/2006 08:00,2,24,5,8,0,5.80833,49.3333,0,6.86115e+06,9.3401e+06,4.35916e+08,3.04779e+07,6861150.0
02/24/2006 09:00,2,24,5,9,0,6.24167,45.4167,0,2.60521e+06,1.06876e+07,4.40366e+08,2.7497e+07,2605210.0
02/24/2006 10:00,2,24,5,10,0,6.99167,40.9167,0,1.09854e+06,1.18014e+07,4.57322e+08,2.72375e+07,1098540.0
02/24/2006 11:00,2,24,5,11,0,6.90833,36.25,0,323523,1.06555e+07,4.32466e+08,2.58887e+07,323523.0
02/24/2006 12:00,2,24,5,12,0,7.98333,31.5,0,12673.8,1.10271e+07,4.33607e+08,2.74274e+07,12673.8
02/24/2006 13:00,2,24,5,13,0,8.55,29,0,0,1.07814e+07,4.34015e+08,2.80056e+07,0.0
02/24/2006 14:00,2,24,5,14,0,8.65,29,0,0,8.03005e+06,4.12694e+08,3.22456e+07,0.0
02/24/2006 15:00,2,24,5,15,0,8.25833,25.5,0,0,1.04474e+07,4.33868e+08,2.95711e+07,0.0
02/24/2006 16:00,2,24,5,16,0,7.15833,26.5,0,0,1.10411e+07,4.35997e+08,2.33797e+07,0.0
02/24/2006 17:00,2,24,5,17,0,5.70833,25.5,0,78632.7,1.0977e+07,4.39034e+08,2.2089e+07,78632.7
02/24/2006 18:00,2,24,5,18,0,4.35833,23.5833,0,757925,1.24975e+07,4.9832e+08,2.40857e+07,757925.0
02/24/2006 19:00,2,24,5,19,0,3.25833,25.75,0,3.3101e+06,1.10863e+07,5.12079e+08,2.83567e+07,3310100.0
02/24/2006 20:00,2,24,5,20,0,2.45,31.0833,0,5.27694e+06,1.02219e+07,5.02109e+08,3.13866e+07,5276940.0
02/24/2006 21:00,2,24,5,21,0,1.90833,36.3333,0,8.52963e+06,7.56981e+06,4.32757e+08,3.2146e+07,8529630.0
02/24/2006 22:00,2,24,5,22,0,1.35,38.5833,0,5.53393e+07,1.70372e+06,2.83841e+08,7.27129e+07,55339300.0
02/24/2006 23:00,2,24,5,23,0,0.808333,41.3333,0,8.91047e+07,2.40043e+06,2.18912e+08,1.05779e+08,89104700.0
02/25/2006 00:00,2,25,6,0,0,0.25,44.1667,0,1.22314e+08,1.95363e+06,1.97727e+08,1.35917e+08,122314000.0
02/25/2006 01:00,2,25,6,1,0,-0.35,46.1667,0,0,0,9.29011e+07,0,0.0
02/25/2006 02:00,2,25,6,2,0,-0.891667,48.1667,0,0,0,8.48446e+07,1.54071e+06,0.0
02/25/2006 03:00,2,25,6,3,0,-1.45,50.75,0,0,0,8.5808e+07,0,0.0
02/25/2006 04:00,2,25,6,4,0,-1.35,50.25,0,631668,0,8.59262e+07,631668,631668.0
02/25/2006 05:00,2,25,6,5,0,-1.74167,50.1667,0,1.17388e+06,0,8.73992e+07,2.71466e+06,1173880.0
02/25/2006 06:00,2,25,6,6,0,-2.2,51,0,3.91893e+08,0,1.13146e+08,3.99794e+08,391893000.0
02/25/2006 07:00,2,25,6,7,0,-2.55,57.4167,0,2.46885e+08,0,1.30894e+08,2.57193e+08,246885000.0
02/25/2006 08:00,2,25,6,8,0,-1.51667,59.0833,0,2.35548e+08,104834,1.39118e+08,2.47841e+08,235548000.0
02/25/2006 09:00,2,25,6,9,0,0.391667,51.75,0,1.14127e+08,0,1.69968e+08,1.27703e+08,114127000.0
02/25/2006 10:00,2,25,6,10,0,2.09167,43.3333,0,7.23677e+07,0,1.81634e+08,8.94126e+07,72367700.0
02/25/2006 11:00,2,25,6,11,0,3.73333,34.75,0,7.12385e+07,0,1.72385e+08,8.59711e+07,71238500.0
02/25/2006 12:00,2,25,6,12,0,5.74167,29.25,0,6.36706e+07,0,1.60528e+08,8.11009e+07,63670600.0
02/25/2006 13:00,2,25,6,13,0,6.7,26.8333,0,4.33612e+07,0,1.40579e+08,5.99013e+07,43361200.0
02/25/2006 14:00,2,25,6,14,0,7.34167,25.4167,0,3.52811e+07,0,1.16685e+08,4.99344e+07,35281100.0
02/25/2006 15:00,2,25,6,15,0,8.09167,23.8333,0,2.53826e+07,0,1.07024e+08,3.88208e+07,25382600.0
02/25/2006 16:00,2,25,6,16,0,8.3,23,0,4.14208e+07,0,1.11441e+08,5.45149e+07,41420800.0
02/25/2006 17:00,2,25,6,17,0,8.00833,27.0833,0,5.22117e+07,0,9.97024e+07,6.52035e+07,52211700.0
02/25/2006 18:00,2,25,6,18,0,7.15833,27.0833,0,0,0,8.51135e+07,1.00598e+07,0.0
02/25/2006 19:00,2,25,6,19,0,6.05833,27.9167,0,0,0,1.06192e+08,9.6975e+06,0.0
02/25/2006 20:00,2,25,6,20,0,5.6,39.3333,0,0,0,9.32332e+07,5.58995e+06,0.0
02/25/2006 21:00,2,25,6,21,0,5.6,43.6667,0,0,0,9.18554e+07,1.54058e+06,0.0
02/25/2006 22:00,2,25,6,22,0,5.6,44.3333,0,0,0,9.18554e+07,0,0.0
02/25/2006 23:00,2,25,6,23,0,5.25,48.9167,0,0,0,9.18554e+07,0,0.0
02/26/2006 00:00,2,26,0,0,0,5.35,46.9167,0,0,0,9.18554e+07,1.54075e+06,0.0
02/26/2006 01:00,2,26,0,1,0,5.25,46.3333,0,0,0,7.85527e+07,0,0.0
02/26/2006 02:00,2,26,0,2,0,5,46.8333,0,0,0,7.85527e+07,1.54077e+06,0.0
02/26/2006 03:00,2,26,0,3,0,4.65,53,0,0,0,7.85527e+07,0,0.0
02/26/2006 04:00,2,26,0,4,0,4.10833,59.1667,0,0,0,7.85527e+07,0,0.0
02/26/2006 05:00,2,26,0,5,0,3.9,65.25,0,1.16278e+06,0,8.0905e+07,1.31074e+07,1162780.0
02/26/2006 06:00,2,26,0,6,0,3.9,70.75,0,1.07642e+06,0,8.37131e+07,8.48888e+06,1076420.0
02/26/2006 07:00,2,26,0,7,0,3.9,72,0,1.77736e+06,0,9.40827e+07,1.0717e+07,1777360.0
02/26/2006 08:00,2,26,0,8,0,3.9,72,0,1.64274e+06,0,6.20325e+07,9.71052e+06,1642740.0
02/26/2006 09:00,2,26,0,9,0,3.9,68.5,0,622829,0,6.0157e+07,1.00158e+07,622829.0
02/26/2006 10:00,2,26,0,10,0,4.19167,66.5833,0,401994,0,5.99635e+07,8.23272e+06,401994.0
02/26/2006 11:00,2,26,0,11,0,5.1,65.25,0,0,0,5.76885e+07,9.6339e+06,0.0
02/26/2006 12:00,2,26,0,12,0,5.6,64,0,0,0,5.77955e+07,9.77399e+06,0.0
02/26/2006 13:00,2,26,0,13,0,4.9,65.75,0,0,0,5.76885e+07,9.75485e+06,0.0
02/26/2006 14:00,2,26,0,14,0,4.4,67,0,0,0,5.76885e+07,1.02772e+07,0.0
02/26/2006 15:00,2,26,0,15,0,4.10833,66.4167,0,0,0,6.48214e+07,9.81064e+06,0.0
02/26/2006 16:00,2,26,0,16,0,2.90833,68.9167,0,0,0,5.78039e+07,7.66973e+06,0.0
02/26/2006 17:00,2,26,0,17,0,1.90833,74.5,0,1.42927e+06,0,6.14346e+07,1.09701e+07,1429270.0
02/26/2006 18:00,2,26,0,18,0,1.05833,78.75,0,3.46608e+06,0,7.0639e+07,1.09822e+07,3466080.0
02/26/2006 19:00,2,26,0,19,0,0.6,80,0,1.58602e+07,0,1.02186e+08,2.32459e+07,15860200.0
02/26/2006 20:00,2,26,0,20,0,0.6,80,0,2.11246e+07,0,1.06154e+08,2.45498e+07,21124600.0
02/26/2006 21:00,2,26,0,21,0,0.25,81.75,0,2.73493e+07,0,1.04515e+08,2.73493e+07,27349300.0
02/26/2006 22:00,2,26,0,22,0,-0.35,83,0,3.13727e+07,0,1.09601e+08,3.13727e+07,31372700.0
02/26/2006 23:00,2,26,0,23,0,-0.6,83,0,4.11363e+07,0,1.09431e+08,4.26768e+07,41136300.0
02/27/2006 00:00,2,27,1,0,0,-0.6,83,0,4.56535e+07,0,1.10104e+08,4.56535e+07,45653500.0
02/27/2006 01:00,2,27,1,1,0,-0.891667,90,0,6.37486e+08,52726.2,1.70695e+08,6.55072e+08,637486000.0
02/27/2006 02:00,2,27,1,2,0,-1.1,92.6667,0,3.3993e+08,0,1.51e+08,3.50329e+08,339930000.0
02/27/2006 03:00,2,27,1,3,0,-1.1,91,0,9.72192e+06,0,1.1165e+08,1.16278e+07,9721920.0
02/27/2006 04:00,2,27,1,4,0,-1.1,93.3333,0,5.22248e+08,0,1.17267e+08,5.29989e+08,522248000.0
02/27/2006 05:00,2,27,1,5,0,-1.1,97.9167,0,5.43842e+08,0,1.3597e+08,5.52852e+08,543842000.0
02/27/2006 06:00,2,27,1,6,0,-1.1,100,0,6.62263e+08,135541,2.17376e+08,6.77096e+08,662263000.0
02/27/2006 07:00,2,27,1,7,0,-0.808333,97.6667,0,2.40711e+08,367411,3.86949e+08,2.6135e+08,240711000.0
02/27/2006 08:00,2,27,1,8,0,-0.25,95.4167,0,9.12108e+07,2.81505e+06,4.37104e+08,1.14654e+08,91210800.0
02/27/2006 09:00,2,27,1,9,0,0.35,90.3333,0,6.22386e+07,4.982e+06,4.20911e+08,8.626e+07,62238600.0
02/27/2006 10:00,2,27,1,10,0,0.891667,85.25,0,3.8596e+07,6.41697e+06,4.1039e+08,6.32535e+07,38596000.0
02/27/2006 11:00,2,27,1,11,0,1.45,88.6667,0,2.48645e+07,7.38583e+06,4.08732e+08,5.19888e+07,24864500.0
02/27/2006 12:00,2,27,1,12,0,1.99167,90.25,0,1.317e+07,8.04744e+06,4.07345e+08,3.97437e+07,13170000.0
02/27/2006 13:00,2,27,1,13,0,2.55,89,0,6.38172e+06,7.95499e+06,4.06952e+08,3.54415e+07,6381720.0
02/27/2006 14:00,2,27,1,14,0,2.8,90.75,0,2.29094e+07,4.98403e+06,3.91219e+08,5.53911e+07,22909400.0
02/27/2006 15:00,2,27,1,15,0,3.09167,90.25,0,6.52033e+06,8.20438e+06,4.04695e+08,3.6169e+07,6520330.0
02/27/2006 16:00,2,27,1,16,0,3.3,89,0,4.74457e+06,9.15309e+06,4.16309e+08,2.76138e+07,4744570.0
02/27/2006 17:00,2,27,1,17,0,3.3,86.6667,0,7.78224e+06,9.48637e+06,4.34493e+08,2.97768e+07,7782240.0
02/27/2006 18:00,2,27,1,18,0,3.3,87.3333,0,1.10893e+07,9.7205e+06,4.56689e+08,3.41154e+07,11089300.0
02/27/2006 19:00,2,27,1,19,0,3.3,90.75,0,7.58496e+06,9.9301e+06,4.91575e+08,3.16911e+07,7584960.0
02/27/2006 20:00,2,27,1,20,0,3.3,94.9167,0,8.90046e+06,1.01724e+07,4.94857e+08,3.45935e+07,8900460.0
02/27/2006 21:00,2,27,1,21,0,3.3,98.75,0,2.58226e+07,7.48957e+06,4.27686e+08,5.03744e+07,25822600.0
02/27/2006 22:00,2,27,1,22,0,3.65,97.6667,0,1.06611e+08,664866,2.68479e+08,1.25015e+08,106611000.0
02/27/2006 23:00,2,27,1,23,0,4.19167,96.5833,0,1.63748e+08,600880,2.16577e+08,1.78088e+08,163748000.0
02/28/2006 00:00,2,28,2,0,0,4.10833,98.75,0,1.58916e+08,0,1.92119e+08,1.73192e+08,158916000.0
02/28/2006 01:00,2,28,2,1,0,4.19167,98.25,0,2.08318e+08,0,1.65252e+08,2.21227e+08,208318000.0
02/28/2006 02:00,2,28,2,2,0,4.10833,98.75,0,1.79592e+08,0,1.44887e+08,1.90096e+08,179592000.0
02/28/2006 03:00,2,28,2,3,0,3.9,100,0,0,0,1.06591e+08,3.10541e+06,0.0
02/28/2006 04:00,2,28,2,4,0,4.19167,98.25,0,2.28498e+08,0,1.09858e+08,2.34764e+08,228498000.0
02/28/2006 05:00,2,28,2,5,0,4.4,97,0,2.45451e+08,0,1.33969e+08,2.55225e+08,245451000.0
02/28/2006 06:00,2,28,2,6,0,4.4,98.75,0,0,13770.1,2.15778e+08,1.37734e+07,0.0
02/28/2006 07:00,2,28,2,7,0,4.75,97.6667,0,8.4615e+07,3.89407e+06,3.92998e+08,1.05388e+08,84615000.0
02/28/2006 08:00,2,28,2,8,0,5.35,96,0,1.22196e+07,9.68562e+06,4.51002e+08,3.59509e+07,12219600.0
02/28/2006 09:00,2,28,2,9,0,5.6,96,0,5.53549e+06,9.70508e+06,4.213e+08,3.03401e+07,5535490.0
02/28/2006 10:00,2,28,2,10,0,5.89167,96.5833,0,3.30173e+06,1.01705e+07,4.16431e+08,2.93415e+07,3301730.0
02/28/2006 11:00,2,28,2,11,0,6.45,98.75,0,1.34542e+06,1.06739e+07,4.13472e+08,2.67921e+07,1345420.0
02/28/2006 12:00,2,28,2,12,0,7.34167,100,0,204764,1.27065e+07,4.39016e+08,2.7482e+07,204764.0
02/28/2006 13:00,2,28,2,13,0,8.44167,100,0,0,1.13186e+07,4.14865e+08,2.78282e+07,0.0
02/28/2006 14:00,2,28,2,14,0,9.54167,97.6667,0,193882,8.56935e+06,3.98183e+08,3.26082e+07,193882.0
02/28/2006 15:00,2,28,2,15,0,10.6417,96.5833,0,0,1.19633e+07,4.13392e+08,2.96143e+07,0.0
02/28/2006 16:00,2,28,2,16,0,11.45,94.6667,0,0,1.31614e+07,4.22664e+08,2.27969e+07,0.0
02/28/2006 17:00,2,28,2,17,0,11.7,90.6667,0,0,1.34669e+07,4.3748e+08,2.19798e+07,0.0
02/28/2006 18:00,2,28,2,18,0,11.35,89,0,0,1.34671e+07,4.6623e+08,2.31942e+07,0.0
02/28/2006 19:00,2,28,2,19,0,11.1,87.25,0,0,1.34214e+07,5.01099e+08,2.49292e+07,0.0
02/28/2006 20:00,2,28,2,20,0,10.8083,86,0,0,1.34076e+07,5.03777e+08,2.66706e+07,0.0
02/28/2006 21:00,2,28,2,21,0,10.25,86,0,1.889e+06,1.04578e+07,4.34238e+08,2.55578e+07,1889000.0
02/28/2006 22:00,2,28,2,22,0,8.89167,86,0,2.98489e+07,2.61033e+06,2.71646e+08,4.72416e+07,29848900.0
02/28/2006 23:00,2,28,2,23,0,6.99167,81.9167,0,7.46965e+07,2.3815e+06,2.1245e+08,9.06405e+07,74696500.0
03/01/2006 00:00,3,1,3,0,0,5.09167,79.5833,0,1.15291e+08,0,1.92549e+08,1.2888e+08,115291000.0
03/01/2006 01:00,3,1,3,1,0,3.19167,57.8333,0,1.76545e+08,120164,1.6689e+08,1.89777e+08,176545000.0
03/01/2006 02:00,3,1,3,2,0,1.29167,44.3333,0,1.60998e+08,270371,1.54753e+08,1.70984e+08,160998000.0
03/01/2006 03:00,3,1,3,3,0,-0.55,47.1667,0,0,0,1.09106e+08,3.82111e+06,0.0
03/01/2006 04:00,3,1,3,4,0,-2.46667,50.9167,0,2.84258e+08,0,1.12621e+08,2.90762e+08,284258000.0
03/01/2006 05:00,3,1,3,5,0,-3.3,51.8333,0,3.18841e+08,0,1.34393e+08,3.28686e+08,318841000.0
03/01/2006 06:00,3,1,3,6,0,-3.3,51,0,5.03835e+08,29112.8,2.16651e+08,5.17642e+08,503835000.0
03/01/2006 07:00,3,1,3,7,0,-3.65,52.1667,0,1.13749e+08,2.49675e+06,3.94193e+08,1.34747e+08,113749000.0
03/01/2006 08:00,3,1,3,8,0,-2.61667,50.6667,0,1.7209e+07,6.20935e+06,4.19029e+08,4.1049e+07,17209000.0
03/01/2006 09:00,3,1,3,9,0,-1.05833,44.9167,0,8.06663e+06,7.56442e+06,4.25169e+08,3.20628e+07,8066630.0
03/01/2006 10:00,3,1,3,10,0,0.1,42.5833,0,4.12692e+06,8.50589e+06,4.34165e+08,2.87377e+07,4126920.0
03/01/2006 11:00,3,1,3,11,0,1.24167,41.25,0,1.95239e+06,9.17253e+06,4.33106e+08,2.7927e+07,1952390.0
03/01/2006 12:00,3,1,3,12,0,2.34167,38.25,0,1.02006e+06,9.63454e+06,4.3397e+08,2.86659e+07,1020060.0
03/01/2006 13:00,3,1,3,13,0,3.44167,35.25,0,197411,9.52857e+06,4.3032e+08,2.92337e+07,197411.0
03/01/2006 14:00,3,1,3,14,0,4.19167,34,0,40666.4,7.96943e+06,4.26271e+08,3.06233e+07,40666.4
03/01/2006 15:00,3,1,3,15,0,4.4,32.25,0,0,1.06031e+07,4.41285e+08,3.10415e+07,0.0
03/01/2006 16:00,3,1,3,16,0,4.75,31,0,0,1.26437e+07,4.76394e+08,2.30901e+07,0.0
03/01/2006 17:00,3,1,3,17,0,4.65,32.1667,0,0,1.28937e+07,4.73721e+08,2.19696e+07,0.0
03/01/2006 18:00,3,1,3,18,0,4.10833,32.4167,0,0,1.06162e+07,4.644e+08,2.32972e+07,0.0
03/01/2006 19:00,3,1,3,19,0,3.55,38.4167,0,222175,1.04911e+07,5.00852e+08,2.43807e+07,222175.0
03/01/2006 20:00,3,1,3,20,0,3.00833,42.4167,0,591067,1.04768e+07,5.02995e+08,2.56167e+07,591067.0
03/01/2006 21:00,3,1,3,21,0,2.45,48.4167,0,4.07008e+06,7.80483e+06,4.33179e+08,2.78118e+07,4070080.0
03/01/2006 22:00,3,1,3,22,0,2.2,53,0,2.79686e+07,1.92549e+06,2.84426e+08,4.64411e+07,27968600.0
03/01/2006 23:00,3,1,3,23,0,2.2,56.5,0,6.75499e+07,2.74436e+06,2.22819e+08,8.30396e+07,67549900.0
03/02/2006 00:00,3,2,4,0,0,2.2,60.75,0,7.59692e+07,2.01845e+06,1.96331e+08,9.07293e+07,75969200.0
03/02/2006 01:00,3,2,4,1,0,1.55833,74.8333,0,1.373e+08,0,1.65657e+08,1.50439e+08,137300000.0
03/02/2006 02:00,3,2,4,2,0,1.1,88.6667,0,1.10568e+08,0,1.47981e+08,1.20575e+08,110568000.0
03/02/2006 03:00,3,2,4,3,0,1.1,92,0,0,0,1.10386e+08,3.45317e+06,0.0
03/02/2006 04:00,3,2,4,4,0,1.1,92,0,1.79075e+08,0,1.0913e+08,1.8463e+08,179075000.0
03/02/2006 05:00,3,2,4,5,0,1.1,87.3333,0,2.42434e+08,0,1.33907e+08,2.5226e+08,242434000.0
03/02/2006 06:00,3,2,4,6,0,1.1,91,0,2.14792e+08,90020.4,2.16155e+08,2.28542e+08,214792000.0
03/02/2006 07:00,3,2,4,7,0,1.1,91.3333,0,5.24791e+07,3.47785e+06,3.93726e+08,7.3304e+07,52479100.0
03/02/2006 08:00,3,2,4,8,0,1.1,90.3333,0,8.65808e+06,7.81979e+06,4.34376e+08,3.25183e+07,8658080.0
03/02/2006 09:00,3,2,4,9,0,1.45,89.6667,0,353655,8.48555e+06,4.11476e+08,2.51291e+07,353655.0
03/02/2006 10:00,3,2,4,10,0,1.7,88,0,2.26581e+06,9.11452e+06,4.15006e+08,2.72097e+07,2265810.0
03/02/2006 11:00,3,2,4,11,0,1.99167,88.5833,0,837500,9.4949e+06,4.14712e+08,2.61066e+07,837500.0
03/02/2006 12:00,3,2,4,12,0,2.84167,84.9167,0,0,9.97571e+06,4.17041e+08,2.82916e+07,0.0
03/02/2006 13:00,3,2,4,13,0,3.65,80.25,0,0,9.90281e+06,4.17202e+08,2.79152e+07,0.0
03/02/2006 14:00,3,2,4,14,0,3.9,79,0,342034,6.96102e+06,3.9837e+08,3.17588e+07,342034.0
03/02/2006 15:00,3,2,4,15,0,3.9,77.25,0,0,9.73667e+06,4.12903e+08,2.95943e+07,0.0
03/02/2006 16:00,3,2,4,16,0,4.19167,76,0,0,1.06289e+07,4.18198e+08,2.32567e+07,0.0
03/02/2006 17:00,3,2,4,17,0,4.4,74.25,0,0,1.10411e+07,4.31129e+08,2.1907e+07,0.0
03/02/2006 18:00,3,2,4,18,0,3.75833,76.5,0,48412.5,1.10534e+07,4.55375e+08,2.32516e+07,48412.5
03/02/2006 19:00,3,2,4,19,0,3.3,80.75,0,193710,1.09438e+07,4.9949e+08,2.50959e+07,193710.0
03/02/2006 20:00,3,2,4,20,0,3.00833,83.75,0,1.40778e+06,1.09586e+07,5.01523e+08,2.75025e+07,1407780.0
03/02/2006 21:00,3,2,4,21,0,2.45,87.3333,0,1.7643e+07,8.07732e+06,4.32042e+08,4.11954e+07,17643000.0
03/02/2006 22:00,3,2,4,22,0,2.2,89,0,6.37995e+07,1.35514e+06,2.7654e+08,8.10958e+07,63799500.0
03/02/2006 23:00,3,2,4,23,0,2.2,89,0,1.01421e+08,2.50776e+06,2.22932e+08,1.17915e+08,101421000.0
03/03/2006 00:00,3,3,5,0,0,2.55,86.6667,0,1.30411e+08,2.18532e+06,1.97522e+08,1.43995e+08,130411000.0
03/03/2006 01:00,3,3,5,1,0,2.8,85,0,1.6264e+08,0,1.64884e+08,1.75851e+08,162640000.0
03/03/2006 02:00,3,3,5,2,0,3.09167,83.25,0,1.53896e+08,0,1.47789e+08,1.63873e+08,153896000.0
03/03/2006 03:00,3,3,5,3,0,2.36667,75,0,0,0,1.10311e+08,3.72555e+06,0.0
03/03/2006 04:00,3,3,5,4,0,1.35,68.25,0,2.27491e+08,0,1.09925e+08,2.33856e+08,227491000.0
03/03/2006 05:00,3,3,5,5,0,1.1,68.75,0,2.40642e+08,0,1.33923e+08,2.50485e+08,240642000.0
03/03/2006 06:00,3,3,5,6,0,1.45,70,0,2.6144e+08,109077,2.16225e+08,2.75221e+08,261440000.0
03/03/2006 07:00,3,3,5,7,0,1.7,68.25,0,9.75694e+07,3.54089e+06,3.89928e+08,1.18532e+08,97569400.0
03/03/2006 08:00,3,3,5,8,0,1.7,63.5,0,2.90556e+07,7.87467e+06,4.23195e+08,5.29029e+07,29055600.0
03/03/2006 09:00,3,3,5,9,0,1.35,53.4167,0,1.48357e+07,8.29528e+06,4.21187e+08,3.88006e+07,14835700.0
03/03/2006 10:00,3,3,5,10,0,1.45,43.3333,0,1.5096e+07,8.88412e+06,4.23501e+08,3.9675e+07,15096000.0
03/03/2006 11:00,3,3,5,11,0,2.63333,35.3333,0,9.88907e+06,9.4666e+06,4.25748e+08,3.56841e+07,9889070.0
03/03/2006 12:00,3,3,5,12,0,3.3,30.8333,0,5.89638e+06,9.77601e+06,4.26274e+08,3.36637e+07,5896380.0
03/03/2006 13:00,3,3,5,13,0,2.65833,30.5833,0,8.32113e+06,9.2352e+06,4.28035e+08,3.73301e+07,8321130.0
03/03/2006 14:00,3,3,5,14,0,1.55833,26.3333,0,1.2838e+07,6.13158e+06,4.10539e+08,4.32598e+07,12838000.0
03/03/2006 15:00,3,3,5,15,0,0.108333,20.0833,0,8.15215e+06,8.48569e+06,4.27983e+08,3.87528e+07,8152150.0
03/03/2006 16:00,3,3,5,16,0,-0.891667,17.4167,0,6.25828e+06,9.11389e+06,4.3886e+08,2.93358e+07,6258280.0
03/03/2006 17:00,3,3,5,17,0,-1.45,17,0,5.5932e+06,9.24388e+06,4.44482e+08,2.75003e+07,5593200.0
03/03/2006 18:00,3,3,5,18,0,-1.99167,17,0,1.87077e+07,9.13943e+06,4.54901e+08,4.19391e+07,18707700.0
03/03/2006 19:00,3,3,5,19,0,-2.84167,18.75,0,2.39432e+07,8.83748e+06,4.96706e+08,4.88139e+07,23943200.0
03/03/2006 20:00,3,3,5,20,0,-3.3,20,0,2.33579e+07,8.73045e+06,4.98922e+08,4.8334e+07,23357900.0
03/03/2006 21:00,3,3,5,21,0,-3.65,21.1667,0,4.73209e+07,6.01295e+06,4.29875e+08,7.06519e+07,47320900.0
03/03/2006 22:00,3,3,5,22,0,-3.9,22,0,1.54185e+08,174769,2.70529e+08,1.72346e+08,154185000.0
03/03/2006 23:00,3,3,5,23,0,-4.19167,22.5833,0,2.15455e+08,2.01005e+06,2.13209e+08,2.31831e+08,215455000.0
03/04/2006 00:00,3,4,6,0,0,-4.75,24.75,0,1.92364e+08,720994,2.04041e+08,2.0626e+08,192364000.0
03/04/2006 01:00,3,4,6,1,0,-5.35,27.75,0,0,60082.4,9.24902e+07,0,0.0
03/04/2006 02:00,3,4,6,2,0,-5.6,29.5833,0,1.22524e+06,0,9.03082e+07,1.22524e+06,1225240.0
03/04/2006 03:00,3,4,6,3,0,-5.6,30,0,1.73813e+06,0,8.72409e+07,3.27891e+06,1738130.0
03/04/2006 04:00,3,4,6,4,0,-5.6,31.1667,0,6.50394e+06,0,8.60171e+07,6.50394e+06,6503940.0
03/04/2006 05:00,3,4,6,5,0,-5.6,32.5833,0,9.95918e+06,0,9.56404e+07,1.07577e+07,9959180.0
03/04/2006 06:00,3,4,6,6,0,-5.6,35.3333,0,5.05597e+08,0,1.11026e+08,5.13939e+08,505597000.0
03/04/2006 07:00,3,4,6,7,0,-5.25,35.25,0,3.93107e+08,0,1.28538e+08,4.0301e+08,393107000.0
03/04/2006 08:00,3,4,6,8,0,-4.00833,31.0833,0,3.79e+08,45784.9,1.35604e+08,3.91673e+08,379000000.0
03/04/2006 09:00,3,4,6,9,0,-3.00833,29,0,3.99602e+08,0,1.7094e+08,4.13158e+08,399602000.0
03/04/2006 10:00,3,4,6,10,0,-1.51667,25.5,0,1.6607e+08,0,1.83204e+08,1.83079e+08,166070000.0
03/04/2006 11:00,3,4,6,11,0,0.1,21.8333,0,1.33914e+08,0,1.73184e+08,1.48395e+08,133914000.0
03/04/2006 12:00,3,4,6,12,0,1.88333,19.8333,0,1.46145e+08,0,1.60354e+08,1.63748e+08,146145000.0
03/04/2006 13:00,3,4,6,13,0,3.44167,17.8333,0,1.54851e+08,0,1.39653e+08,1.70441e+08,154851000.0
03/04/2006 14:00,3,4,6,14,0,4.54167,17.5833,0,9.61431e+07,0,1.16416e+08,1.11656e+08,96143100.0
03/04/2006 15:00,3,4,6,15,0,5.64167,15.0833,0,6.07695e+07,0,1.06549e+08,7.41804e+07,60769500.0
03/04/2006 16:00,3,4,6,16,0,6.45,13.5833,0,6.55531e+07,0,1.10797e+08,7.86275e+07,65553100.0
03/04/2006 17:00,3,4,6,17,0,6.05833,18.6667,0,9.07946e+07,0,9.96131e+07,1.03766e+08,90794600.0
03/04/2006 18:00,3,4,6,18,0,4.9,24.9167,0,0,0,8.3549e+07,1.00354e+07,0.0
03/04/2006 19:00,3,4,6,19,0,3.75833,31.6667,0,0,0,1.02618e+08,9.5228e+06,0.0
03/04/2006 20:00,3,4,6,20,0,3.3,31.5,0,0,0,9.32332e+07,5.71335e+06,0.0
03/04/2006 21:00,3,4,6,21,0,3.00833,30.75,0,0,0,9.18554e+07,122094,0.0
03/04/2006 22:00,3,4,6,22,0,2.15833,39,0,419715,0,9.38631e+07,1.83831e+06,419715.0
03/04/2006 23:00,3,4,6,23,0,1.7,49.25,0,1.7975e+06,0,9.52029e+07,1.7975e+06,1797500.0
03/05/2006 00:00,3,5,0,0,0,1.99167,56.5,0,2.63295e+06,0,9.45348e+07,4.17369e+06,2632950.0
03/05/2006 01:00,3,5,0,1,0,2.84167,59.5833,0,4.04083e+06,0,8.19033e+07,4.04083e+06,4040830.0
03/05/2006 02:00,3,5,0,2,0,3.65,54.1667,0,1.1769e+07,0,8.80054e+07,1.1769e+07,11769000.0
03/05/2006 03:00,3,5,0,3,0,4.19167,48.8333,0,1.00603e+07,0,9.1184e+07,1.16011e+07,10060300.0
03/05/2006 04:00,3,5,0,4,0,4.4,50.9167,0,8.51259e+06,0,9.05128e+07,8.51259e+06,8512590.0
03/05/2006 05:00,3,5,0,5,0,5.1,53,0,1.54349e+07,0,9.6137e+07,2.79726e+07,15434900.0
03/05/2006 06:00,3,5,0,6,0,5.6,57.6667,0,1.24348e+07,0,9.62574e+07,1.98567e+07,12434800.0
03/05/2006 07:00,3,5,0,7,0,6.24167,63.3333,0,1.47173e+07,0,1.023e+08,2.22288e+07,14717300.0
03/05/2006 08:00,3,5,0,8,0,6.99167,65,0,1.04383e+07,0,7.09541e+07,1.8843e+07,10438300.0
03/05/2006 09:00,3,5,0,9,0,7.84167,60.9167,0,6.12311e+06,0,6.8343e+07,1.48795e+07,6123110.0
03/05/2006 10:00,3,5,0,10,0,9.29167,54.5,0,1.48638e+06,0,6.00897e+07,1.0904e+07,1486380.0
03/05/2006 11:00,3,5,0,11,0,11.2833,49.0833,0,0,0,5.76885e+07,7.85487e+06,0.0
03/05/2006 12:00,3,5,0,12,0,14.825,40,0,0,0,5.76885e+07,9.7604e+06,0.0
03/05/2006 13:00,3,5,0,13,0,17.3417,33.25,0,0,0,5.76885e+07,9.8885e+06,0.0
03/05/2006 14:00,3,5,0,14,0,17.8,31.4167,0,0,0,5.76885e+07,1.01295e+07,0.0
03/05/2006 15:00,3,5,0,15,0,18.4417,34.5,0,0,0,5.76885e+07,9.81547e+06,0.0
03/05/2006 16:00,3,5,0,16,0,18.2583,41.6667,0,0,0,5.77654e+07,9.57898e+06,0.0
03/05/2006 17:00,3,5,0,17,0,17.45,46.75,0,0,0,5.83404e+07,7.62809e+06,0.0
03/05/2006 18:00,3,5,0,18,0,17.2,48,0,0,0,6.78366e+07,8.67553e+06,0.0
03/05/2006 19:00,3,5,0,19,0,14.925,60.25,0,0,0,9.18648e+07,7.88376e+06,0.0
03/05/2006 20:00,3,5,0,20,0,15.2833,59.0833,0,0,0,9.18585e+07,2.00559e+06,0.0
03/05/2006 21:00,3,5,0,21,0,16.0583,56.6667,0,0,0,9.18554e+07,0,0.0
03/05/2006 22:00,3,5,0,22,0,14.9,62.9167,0,0,0,9.18554e+07,1.54074e+06,0.0
03/05/2006 23:00,3,5,0,23,0,15.1,62.0833,0,0,0,9.18554e+07,0,0.0
03/06/2006 00:00,3,6,1,0,0,15.6,61.1667,0,0,0,9.18554e+07,1.54076e+06,0.0
03/06/2006 01:00,3,6,1,1,0,16.5333,58.5,0,2.74225e+08,2.33229e+07,2.17634e+08,2.90632e+08,274225000.0
03/06/2006 02:00,3,6,1,2,0,16.5583,58.3333,0,1.35466e+08,1.65411e+07,1.87887e+08,1.46041e+08,135466000.0
03/06/2006 03:00,3,6,1,3,0,16.1,60,0,0,0,9.9572e+07,1.89257e+06,0.0
03/06/2006 04:00,3,6,1,4,0,15.1083,65.8333,0,1.93317e+08,2.48801e+06,1.28187e+08,2.00292e+08,193317000.0
03/06/2006 05:00,3,6,1,5,0,13.7583,79.9167,0,2.19139e+08,833115,1.45824e+08,2.2896e+08,219139000.0
03/06/2006 06:00,3,6,1,6,0,12.3667,90.5,0,0,64788.6,2.15829e+08,1.37549e+07,0.0
03/06/2006 07:00,3,6,1,7,0,11.7,94.75,0,6.26432e+07,2.19792e+06,3.8268e+08,8.34512e+07,62643200.0
03/06/2006 08:00,3,6,1,8,0,12.6333,96.5833,0,908740,8.59104e+06,4.26146e+08,2.46681e+07,908740.0
03/06/2006 09:00,3,6,1,9,0,13.65,96.4167,0,2534.14,1.13151e+07,4.19088e+08,2.46734e+07,2534.14
03/06/2006 10:00,3,6,1,10,0,14.1917,96.5833,0,0,1.45647e+07,4.46447e+08,2.46671e+07,0.0
03/06/2006 11:00,3,6,1,11,0,13.4667,96.4167,0,0,1.27591e+07,4.16871e+08,2.52079e+07,0.0
03/06/2006 12:00,3,6,1,12,0,12.8,98.3333,0,0,1.24274e+07,4.13932e+08,2.82384e+07,0.0
03/06/2006 13:00,3,6,1,13,0,12.8,100,0,0,1.20781e+07,4.16003e+08,2.76459e+07,0.0
03/06/2006 14:00,3,6,1,14,0,13.0917,100,0,0,9.07917e+06,3.96346e+08,3.15645e+07,0.0
03/06/2006 15:00,3,6,1,15,0,14.6417,97.6667,0,0,1.82148e+07,4.47148e+08,2.95339e+07,0.0
03/06/2006 16:00,3,6,1,16,0,15.8917,94.25,0,0,3.9815e+07,4.88392e+08,2.26588e+07,0.0
03/06/2006 17:00,3,6,1,17,0,16.1,93,0,0,4.99376e+07,5.01249e+08,2.19158e+07,0.0
03/06/2006 18:00,3,6,1,18,0,15.4583,94.75,0,0,3.21611e+07,5.09264e+08,2.30048e+07,0.0
03/06/2006 19:00,3,6,1,19,0,15,94.25,0,0,2.01479e+07,5.43448e+08,2.47535e+07,0.0
03/06/2006 20:00,3,6,1,20,0,14.65,95.3333,0,0,1.82025e+07,5.44265e+08,2.67532e+07,0.0
03/06/2006 21:00,3,6,1,21,0,13.7583,92.9167,0,0,1.26086e+07,4.47648e+08,2.36385e+07,0.0
03/06/2006 22:00,3,6,1,22,0,12.3667,91.75,0,2.08995e+06,3.49986e+06,2.71821e+08,1.94107e+07,2089950.0
03/06/2006 23:00,3,6,1,23,0,11.0583,94.75,0,1.02654e+07,3.2463e+06,2.08709e+08,2.58289e+07,10265400.0
03/07/2006 00:00,3,7,2,0,0,9.25833,96.5833,0,2.60249e+07,1.36714e+06,1.91185e+08,3.95897e+07,26024900.0
03/07/2006 01:00,3,7,2,1,0,7.65833,97,0,6.93372e+07,0,1.63833e+08,8.2556e+07,69337200.0
03/07/2006 02:00,3,7,2,2,0,6.55833,98.75,0,8.39525e+07,0,1.45639e+08,9.39387e+07,83952500.0
03/07/2006 03:00,3,7,2,3,0,5.80833,97.6667,0,0,0,1.06691e+08,3.8228e+06,0.0
03/07/2006 04:00,3,7,2,4,0,5.6,96,0,1.55609e+08,0,1.13508e+08,1.61805e+08,155609000.0
03/07/2006 05:00,3,7,2,5,0,5.25,98.3333,0,1.80762e+08,0,1.3143e+08,1.90589e+08,180762000.0
03/07/2006 06:00,3,7,2,6,0,5,100,0,0,13200.7,2.15777e+08,1.37554e+07,0.0
03/07/2006 07:00,3,7,2,7,0,5,100,0,6.5196e+07,4.75158e+06,3.88545e+08,8.6026e+07,65196000.0
03/07/2006 08:00,3,7,2,8,0,5,97.6667,0,1.40997e+07,9.995e+06,4.52149e+08,3.78426e+07,14099700.0
03/07/2006 09:00,3,7,2,9,0,4.65,98.3333,0,8.82054e+06,9.80472e+06,4.27187e+08,3.33743e+07,8820540.0
03/07/2006 10:00,3,7,2,10,0,4.75,95.9167,0,4.27478e+06,1.01927e+07,4.16331e+08,2.87735e+07,4274780.0
03/07/2006 11:00,3,7,2,11,0,4.65,95.3333,0,4.5149e+06,1.03937e+07,4.14436e+08,2.97107e+07,4514900.0
03/07/2006 12:00,3,7,2,12,0,4.4,97,0,3.11305e+06,1.0527e+07,4.15423e+08,3.13376e+07,3113050.0
03/07/2006 13:00,3,7,2,13,0,4.4,97,0,3.31739e+06,1.01863e+07,4.1429e+08,3.10887e+07,3317390.0
03/07/2006 14:00,3,7,2,14,0,4.4,92.3333,0,7.13328e+06,7.07659e+06,3.97347e+08,3.85642e+07,7133280.0
03/07/2006 15:00,3,7,2,15,0,4.4,91.3333,0,1.52962e+06,9.92306e+06,4.10908e+08,3.10524e+07,1529620.0
03/07/2006 16:00,3,7,2,16,0,4.4,90.6667,0,4.64714e+06,1.07762e+07,4.2026e+08,2.72837e+07,4647140.0
03/07/2006 17:00,3,7,2,17,0,3.75833,89,0,1.6028e+07,1.08516e+07,4.37744e+08,3.79278e+07,16028000.0
03/07/2006 18:00,3,7,2,18,0,3.00833,89,0,2.26254e+07,1.0709e+07,4.55184e+08,4.55737e+07,22625400.0
03/07/2006 19:00,3,7,2,19,0,2.15833,86.0833,0,2.87063e+07,1.0495e+07,4.96227e+08,5.34263e+07,28706300.0
03/07/2006 20:00,3,7,2,20,0,1.35,79.9167,0,4.40474e+07,1.02961e+07,4.98743e+08,7.07576e+07,44047400.0
03/07/2006 21:00,3,7,2,21,0,0.808333,76.4167,0,8.307e+07,7.31149e+06,4.30207e+08,1.06782e+08,83070000.0
03/07/2006 22:00,3,7,2,22,0,0.25,77.75,0,2.08969e+08,1.08678e+06,2.80528e+08,2.26288e+08,208969000.0
03/07/2006 23:00,3,7,2,23,0,-0.35,73.1667,0,2.77729e+08,2.96579e+06,2.35123e+08,2.93182e+08,277729000.0
03/08/2006 00:00,3,8,3,0,0,-1.53333,79.5,0,2.66109e+08,0,1.92335e+08,2.79666e+08,266109000.0
03/08/2006 01:00,3,8,3,1,0,-2.84167,89.3333,0,3.4052e+08,0,1.65811e+08,3.53722e+08,340520000.0
03/08/2006 02:00,3,8,3,2,0,-3.94167,93.3333,0,2.63719e+08,0,1.46706e+08,2.73697e+08,263719000.0
03/08/2006 03:00,3,8,3,3,0,-4.75,95,0,2.02709e+06,0,1.07342e+08,5.84519e+06,2027090.0
03/08/2006 04:00,3,8,3,4,0,-5,89.75,0,4.07967e+08,0,1.18339e+08,4.14536e+08,407967000.0
03/08/2006 05:00,3,8,3,5,0,-5.35,86.5833,0,4.43563e+08,0,1.32675e+08,4.53379e+08,443563000.0
03/08/2006 06:00,3,8,3,6,0,-5.25,82.3333,0,6.73956e+08,422221,2.18691e+08,6.87732e+08,673956000.0
03/08/2006 07:00,3,8,3,7,0,-5.64167,81.3333,0,3.33882e+08,1.91981e+06,3.90089e+08,3.54759e+08,333882000.0
03/08/2006 08:00,3,8,3,8,0,-6.45,80.6667,0,1.47382e+08,4.86185e+06,4.27065e+08,1.71068e+08,147382000.0
03/08/2006 09:00,3,8,3,9,0,-6.35,72,0,1.50286e+08,5.64269e+06,4.12972e+08,1.74153e+08,150286000.0
03/08/2006 10:00,3,8,3,10,0,-6.1,67,0,1.40132e+08,6.15949e+06,4.09816e+08,1.64627e+08,140132000.0
03/08/2006 11:00,3,8,3,11,0,-5.10833,55.9167,0,5.2336e+07,6.89815e+06,4.09784e+08,7.78354e+07,52336000.0
03/08/2006 12:00,3,8,3,12,0,-3.75833,45.6667,0,3.42401e+07,7.69364e+06,4.13784e+08,6.21448e+07,34240100.0
03/08/2006 13:00,3,8,3,13,0,-3.3,42.8333,0,3.8004e+07,7.49114e+06,4.14096e+08,6.64141e+07,38004000.0
03/08/2006 14:00,3,8,3,14,0,-3.00833,39.6667,0,5.11123e+07,4.58673e+06,3.95766e+08,8.19541e+07,51112300.0
03/08/2006 15:00,3,8,3,15,0,-2.8,38,0,1.84283e+07,7.53534e+06,4.11295e+08,4.78638e+07,18428300.0
03/08/2006 16:00,3,8,3,16,0,-2.8,35.6667,0,2.45803e+07,8.41536e+06,4.11562e+08,4.75736e+07,24580300.0
03/08/2006 17:00,3,8,3,17,0,-3.44167,37.5,0,5.34173e+07,8.35504e+06,4.19446e+08,7.52125e+07,53417300.0
03/08/2006 18:00,3,8,3,18,0,-3.9,36.5,0,7.30687e+07,8.22157e+06,4.38532e+08,9.61125e+07,73068700.0
03/08/2006 19:00,3,8,3,19,0,-4.54167,36.9167,0,7.63917e+07,8.05665e+06,4.93059e+08,1.01098e+08,76391700.0
03/08/2006 20:00,3,8,3,20,0,-5,37.8333,0,9.35782e+07,8.0092e+06,4.95611e+08,1.19963e+08,93578200.0
03/08/2006 21:00,3,8,3,21,0,-5,39.3333,0,1.71646e+08,5.29431e+06,4.27558e+08,1.9519e+08,171646000.0
03/08/2006 22:00,3,8,3,22,0,-5.64167,39.8333,0,3.76241e+08,41786.3,2.70632e+08,3.93483e+08,376241000.0
03/08/2006 23:00,3,8,3,23,0,-6.1,42.5,0,4.063e+08,51499.4,2.09353e+08,4.22186e+08,406300000.0
03/09/2006 00:00,3,9,4,0,0,-6.45,42.6667,0,3.66322e+08,1.08793e+06,2.11541e+08,3.79873e+08,366322000.0
03/09/2006 01:00,3,9,4,1,0,-6.99167,39.25,0,4.44448e+08,0,1.67069e+08,4.57637e+08,444448000.0
03/09/2006 02:00,3,9,4,2,0,-7.55,40.9167,0,2.82957e+08,0,1.4611e+08,2.92926e+08,282957000.0
03/09/2006 03:00,3,9,4,3,0,-7.8,44.1667,0,3.5726e+06,0,1.10985e+08,7.39016e+06,3572600.0
03/09/2006 04:00,3,9,4,4,0,-7.8,45,0,4.41315e+08,0,1.18312e+08,4.47789e+08,441315000.0
03/09/2006 05:00,3,9,4,5,0,-7.8,46.1667,0,4.56986e+08,0,1.32827e+08,4.66629e+08,456986000.0
03/09/2006 06:00,3,9,4,6,0,-7.8,47,0,6.8824e+08,401111,2.18722e+08,7.02231e+08,688240000.0
03/09/2006 07:00,3,9,4,7,0,-7.45,43.5,0,2.74697e+08,1.97169e+06,3.81375e+08,2.95593e+08,274697000.0
03/09/2006 08:00,3,9,4,8,0,-6.90833,39.8333,0,9.93024e+07,4.47875e+06,4.13712e+08,1.22674e+08,99302400.0
03/09/2006 09:00,3,9,4,9,0,-6.05833,37.8333,0,8.12233e+07,5.69972e+06,4.12647e+08,1.05078e+08,81223300.0
03/09/2006 10:00,3,9,4,10,0,-5.6,38.1667,0,5.00561e+07,6.54509e+06,4.11699e+08,7.45334e+07,50056100.0
03/09/2006 11:00,3,9,4,11,0,-4.60833,36.6667,0,3.73592e+07,7.26113e+06,4.13069e+08,6.30755e+07,37359200.0
03/09/2006 12:00,3,9,4,12,0,-3.55,37.3333,0,3.9338e+07,7.78156e+06,4.14745e+08,6.69978e+07,39338000.0
03/09/2006 13:00,3,9,4,13,0,-3.00833,38.4167,0,2.76598e+07,7.58789e+06,4.15007e+08,5.62281e+07,27659800.0
03/09/2006 14:00,3,9,4,14,0,-2.15833,38,0,2.01439e+07,4.9173e+06,3.97361e+08,5.08178e+07,20143900.0
03/09/2006 15:00,3,9,4,15,0,-1.99167,38,0,7.1736e+06,7.83505e+06,4.12731e+08,3.65908e+07,7173600.0
03/09/2006 16:00,3,9,4,16,0,-1.55833,36.25,0,1.43188e+07,8.75361e+06,4.16178e+08,3.72986e+07,14318800.0
03/09/2006 17:00,3,9,4,17,0,-1.74167,36.75,0,1.84021e+07,8.93868e+06,4.21048e+08,4.01696e+07,18402100.0
03/09/2006 18:00,3,9,4,18,0,-2.55,38,0,2.62539e+07,8.88692e+06,4.37054e+08,4.92778e+07,26253900.0
03/09/2006 19:00,3,9,4,19,0,-3.09167,38.5833,0,3.98154e+07,8.71078e+06,4.94517e+08,6.44716e+07,39815400.0
03/09/2006 20:00,3,9,4,20,0,-3.65,41.9167,0,5.22481e+07,8.58121e+06,4.96821e+08,7.86597e+07,52248100.0
03/09/2006 21:00,3,9,4,21,0,-4.19167,45.1667,0,1.03214e+08,5.73507e+06,4.28417e+08,1.26751e+08,103214000.0
03/09/2006 22:00,3,9,4,22,0,-4.75,47.1667,0,2.70209e+08,101143,2.70459e+08,2.87446e+08,270209000.0
03/09/2006 23:00,3,9,4,23,0,-5.35,49.75,0,3.21589e+08,0,2.07909e+08,3.37378e+08,321589000.0
03/10/2006 00:00,3,10,5,0,0,-5.6,49.25,0,3.11646e+08,772477,2.05489e+08,3.25193e+08,311646000.0
03/10/2006 01:00,3,10,5,1,0,-5.89167,50.9167,0,3.48099e+08,360485,1.72093e+08,3.61286e+08,348099000.0
03/10/2006 02:00,3,10,5,2,0,-6.1,51.25,0,2.43168e+08,0,1.46212e+08,2.53138e+08,243168000.0
03/10/2006 03:00,3,10,5,3,0,-6.1,51.75,0,4.15793e+06,0,1.11186e+08,7.97524e+06,4157930.0
03/10/2006 04:00,3,10,5,4,0,-6.1,53,0,4.27891e+08,0,1.15859e+08,4.34402e+08,427891000.0
03/10/2006 05:00,3,10,5,5,0,-6.45,54.75,0,4.67957e+08,0,1.35052e+08,4.77479e+08,467957000.0
03/10/2006 06:00,3,10,5,6,0,-6.7,54.25,0,6.22765e+08,69021.2,2.17338e+08,6.36891e+08,622765000.0
03/10/2006 07:00,3,10,5,7,0,-6.7,54.75,0,2.63585e+08,2.1217e+06,3.80843e+08,2.84452e+08,263585000.0
03/10/2006 08:00,3,10,5,8,0,-6.05833,54.25,0,4.24064e+07,4.88773e+06,4.1609e+08,6.56473e+07,42406400.0
03/10/2006 09:00,3,10,5,9,0,-3.61667,45.4167,0,2.36077e+07,6.58949e+06,4.21153e+08,4.74429e+07,23607700.0
03/10/2006 10:00,3,10,5,10,0,-1.90833,36.5,0,1.33918e+07,7.73269e+06,4.29247e+08,3.78504e+07,13391800.0
03/10/2006 11:00,3,10,5,11,0,-1.05833,33.4167,0,5.31261e+06,8.36713e+06,4.34033e+08,3.11181e+07,5312610.0
03/10/2006 12:00,3,10,5,12,0,0.1,32.4167,0,1.8397e+06,8.91425e+06,4.36895e+08,2.93746e+07,1839700.0
03/10/2006 13:00,3,10,5,13,0,0.891667,31.4167,0,199953,8.77071e+06,4.33154e+08,2.87713e+07,199953.0
03/10/2006 14:00,3,10,5,14,0,1.74167,31,0,0,6.17113e+06,4.14215e+08,3.06442e+07,0.0
03/10/2006 15:00,3,10,5,15,0,2.55,30.4167,0,0,9.14364e+06,4.45351e+08,2.94206e+07,0.0
03/10/2006 16:00,3,10,5,16,0,2.8,30,0,0,1.19264e+07,4.85247e+08,2.28394e+07,0.0
03/10/2006 17:00,3,10,5,17,0,3.09167,28.8333,0,0,1.259e+07,4.96722e+08,2.17465e+07,0.0
03/10/2006 18:00,3,10,5,18,0,2.65833,29.1667,0,279709,1.09049e+07,4.64841e+08,2.32751e+07,279709.0
03/10/2006 19:00,3,10,5,19,0,0.916667,41.0833,0,4.81951e+06,9.94508e+06,4.99064e+08,2.94361e+07,4819510.0
03/10/2006 20:00,3,10,5,20,0,-0.641667,47.8333,0,4.19347e+06,9.65412e+06,5.01093e+08,3.0717e+07,4193470.0
03/10/2006 21:00,3,10,5,21,0,-1.1,44.0833,0,1.5728e+07,6.89013e+06,4.31499e+08,3.92712e+07,15728000.0
03/10/2006 22:00,3,10,5,22,0,-1.45,43.1667,0,5.76432e+07,444792,2.70389e+08,7.48737e+07,57643200.0
03/10/2006 23:00,3,10,5,23,0,-1.7,45.1667,0,1.11448e+08,1.69748e+06,2.11968e+08,1.27066e+08,111448000.0
03/11/2006 00:00,3,11,6,0,0,-1.99167,47.1667,0,1.19096e+08,2.60761e+06,2.08615e+08,1.32642e+08,119096000.0
03/11/2006 01:00,3,11,6,1,0,-2.2,51.5,0,0,72096.5,9.40404e+07,741090,0.0
03/11/2006 02:00,3,11,6,2,0,-2.2,58.6667,0,0,0,8.46809e+07,799369,0.0
03/11/2006 03:00,3,11,6,3,0,-2.2,62,0,157004,0,8.74494e+07,157004,157004.0
03/11/2006 04:00,3,11,6,4,0,-2.84167,67.8333,0,1.50471e+06,0,8.90111e+07,3.04549e+06,1504710.0
03/11/2006 05:00,3,11,6,5,0,-3.3,67.9167,0,2.23322e+06,0,8.60844e+07,2.23322e+06,2233220.0
03/11/2006 06:00,3,11,6,6,0,-4.29167,73.1667,0,4.8126e+08,0,1.14754e+08,4.89369e+08,481260000.0
03/11/2006 07:00,3,11,6,7,0,-4.00833,76.6667,0,2.8458e+08,0,1.17887e+08,2.94815e+08,284580000.0
03/11/2006 08:00,3,11,6,8,0,-2.01667,67.4167,0,2.71937e+08,108607,1.38249e+08,2.84248e+08,271937000.0
03/11/2006 09:00,3,11,6,9,0,-0.458333,59.0833,0,1.2857e+08,0,1.70251e+08,1.42086e+08,128570000.0
03/11/2006 10:00,3,11,6,10,0,0.991667,51.75,0,8.88244e+07,0,1.81856e+08,1.05784e+08,88824400.0
03/11/2006 11:00,3,11,6,11,0,2.63333,43.9167,0,7.25019e+07,0,1.73494e+08,8.69372e+07,72501900.0
03/11/2006 12:00,3,11,6,12,0,4.29167,40.4167,0,7.19862e+07,0,1.61143e+08,8.95235e+07,71986200.0
03/11/2006 13:00,3,11,6,13,0,5.35,38.8333,0,6.50556e+07,0,1.41633e+08,8.04274e+07,65055600.0
03/11/2006 14:00,3,11,6,14,0,6.24167,33.9167,0,3.95561e+07,0,1.17763e+08,5.51878e+07,39556100.0
03/11/2006 15:00,3,11,6,15,0,6.99167,31,0,2.47603e+07,0,1.07359e+08,3.8137e+07,24760300.0
03/11/2006 16:00,3,11,6,16,0,7.2,32.75,0,3.22469e+07,0,1.12881e+08,4.52972e+07,32246900.0
03/11/2006 17:00,3,11,6,17,0,7.2,34,0,5.22923e+07,0,1.00256e+08,6.5234e+07,52292300.0
03/11/2006 18:00,3,11,6,18,0,6.26667,37.5,0,0,0,8.59303e+07,1.0014e+07,0.0
03/11/2006 19:00,3,11,6,19,0,4.60833,47,0,0,0,1.03963e+08,8.44865e+06,0.0
03/11/2006 20:00,3,11,6,20,0,3.55,50.25,0,0,0,9.32332e+07,6.76927e+06,0.0
03/11/2006 21:00,3,11,6,21,0,2.65833,54.8333,0,0,0,9.18554e+07,0,0.0
03/11/2006 22:00,3,11,6,22,0,1.90833,65.4167,0,0,0,9.18554e+07,1.54077e+06,0.0
03/11/2006 23:00,3,11,6,23,0,1.05833,64.1667,0,0,0,9.18554e+07,0,0.0
03/12/2006 00:00,3,12,0,0,0,0.891667,60.5833,0,1.21201e+06,0,9.5202e+07,1.21201e+06,1212010.0
03/12/2006 01:00,3,12,0,1,0,0.458333,65.6667,0,1.44741e+06,0,8.12304e+07,2.98814e+06,1447410.0
03/12/2006 02:00,3,12,0,2,0,-0.35,69,0,2.17252e+06,0,8.19002e+07,2.17252e+06,2172520.0
03/12/2006 03:00,3,12,0,3,0,-0.6,65.5,0,9.9341e+06,0,9.08124e+07,1.14747e+07,9934100.0
03/12/2006 04:00,3,12,0,4,0,-0.891667,62.4167,0,2.28061e+07,0,9.61215e+07,3.33045e+07,22806100.0
03/12/2006 05:00,3,12,0,5,0,-1.45,63.75,0,2.53987e+07,0,9.85939e+07,3.28023e+07,25398700.0
03/12/2006 06:00,3,12,0,6,0,-1.7,67.3333,0,3.17722e+07,0,1.15744e+08,4.11541e+07,31772200.0
03/12/2006 07:00,3,12,0,7,0,-1.05833,65.5,0,2.47763e+07,0,9.049e+07,3.23827e+07,24776300.0
03/12/2006 08:00,3,12,0,8,0,1.38333,53.0833,0,1.40204e+07,0,7.59343e+07,2.35753e+07,14020400.0
03/12/2006 09:00,3,12,0,9,0,4.725,39.5833,0,3.07963e+06,0,6.65468e+07,1.07243e+07,3079630.0
03/12/2006 10:00,3,12,0,10,0,7.38333,31.5,0,503054,0,7.08575e+07,1.01295e+07,503054.0
03/12/2006 11:00,3,12,0,11,0,9.29167,27.25,0,46985.5,0,7.78237e+07,9.80824e+06,46985.5
03/12/2006 12:00,3,12,0,12,0,10.6417,24.8333,0,0,0,7.39568e+07,9.89019e+06,0.0
03/12/2006 13:00,3,12,0,13,0,11.7417,21.6667,0,0,100696,7.94964e+07,1.01033e+07,0.0
03/12/2006 14:00,3,12,0,14,0,13.1917,20.5833,0,0,480581,7.82031e+07,9.78901e+06,0.0
03/12/2006 15:00,3,12,0,15,0,13.9,18.0833,0,0,1.83452e+06,8.46436e+07,7.65042e+06,0.0
03/12/2006 16:00,3,12,0,16,0,14.1917,16.5833,0,0,2.45066e+06,9.90231e+07,9.51714e+06,0.0
03/12/2006 17:00,3,12,0,17,0,14.1083,17,0,0,1.91291e+06,1.04155e+08,7.49787e+06,0.0
03/12/2006 18:00,3,12,0,18,0,12.6167,17.5833,0,0,137225,6.86228e+07,7.38793e+06,0.0
03/12/2006 19:00,3,12,0,19,0,9.71667,25,0,0,0,9.88134e+07,3.44161e+06,0.0
03/12/2006 20:00,3,12,0,20,0,8.3,31.1667,0,0,0,9.18554e+07,0,0.0
03/12/2006 21:00,3,12,0,21,0,7.36667,32,0,0,0,9.18554e+07,0,0.0
03/12/2006 22:00,3,12,0,22,0,6.7,28.5,0,0,0,9.18554e+07,1.54074e+06,0.0
03/12/2006 23:00,3,12,0,23,0,5.35833,31.8333,0,930031,0,9.52018e+07,930031,930031.0
03/13/2006 00:00,3,13,1,0,0,4.4,40.6667,0,1.2484e+06,0,8.12303e+07,2.78886e+06,1248400.0
03/13/2006 01:00,3,13,1,1,0,3.11667,58,0,3.32653e+08,0,1.50418e+08,3.46339e+08,332653000.0
03/13/2006 02:00,3,13,1,2,0,2.2,71.5,0,310762,0,1.04567e+08,3.81082e+06,310762.0
03/13/2006 03:00,3,13,1,3,0,1.55833,66.4167,0,3.21586e+08,0,1.14471e+08,3.28019e+08,321586000.0
03/13/2006 04:00,3,13,1,4,0,1.45,68.5833,0,3.1113e+08,0,1.34239e+08,3.20686e+08,311130000.0
03/13/2006 05:00,3,13,1,5,0,1.05833,77.5,0,3.27122e+08,107949,2.16376e+08,3.41199e+08,327122000.0
03/13/2006 06:00,3,13,1,6,0,0.6,73.5833,0,8.81125e+07,463520,3.99663e+08,1.08886e+08,88112500.0
03/13/2006 07:00,3,13,1,7,0,1.24167,71.9167,0,2.27047e+07,4.50153e+06,4.52584e+08,4.5877e+07,22704700.0
03/13/2006 08:00,3,13,1,8,0,4.26667,58.25,0,7.40161e+06,6.61145e+06,4.13429e+08,3.1175e+07,7401610.0
03/13/2006 09:00,3,13,1,9,0,7.38333,47.5833,0,2.82486e+06,8.64194e+06,4.20046e+08,2.72249e+07,2824860.0
03/13/2006 10:00,3,13,1,10,0,9.29167,42.75,0,240497,1.05118e+07,4.39801e+08,2.58082e+07,240497.0
03/13/2006 11:00,3,13,1,11,0,11.925,29.6667,0,0,1.06483e+07,4.3552e+08,2.76576e+07,0.0
03/13/2006 12:00,3,13,1,12,0,14.2917,20.0833,0,0,1.28758e+07,4.52959e+08,2.80638e+07,0.0
03/13/2006 13:00,3,13,1,13,0,15.6417,17.4167,0,0,2.96157e+07,4.68669e+08,3.10094e+07,0.0
03/13/2006 14:00,3,13,1,14,0,16.45,15.8333,0,0,8.01922e+07,5.45095e+08,2.94481e+07,0.0
03/13/2006 15:00,3,13,1,15,0,16.9917,13.8333,0,0,1.00033e+08,5.89766e+08,2.25174e+07,0.0
03/13/2006 16:00,3,13,1,16,0,17.2,13.5833,0,0,1.08386e+08,6.10732e+08,2.1759e+07,0.0
03/13/2006 17:00,3,13,1,17,0,16.5583,15.1667,0,0,8.02411e+07,5.75464e+08,2.28111e+07,0.0
03/13/2006 18:00,3,13,1,18,0,15.1083,18.3333,0,0,2.94301e+07,5.21528e+08,2.40288e+07,0.0
03/13/2006 19:00,3,13,1,19,0,13.1167,26.4167,0,0,1.23164e+07,5.18317e+08,2.63978e+07,0.0
03/13/2006 20:00,3,13,1,20,0,10.9167,38,0,0,9.56757e+06,4.39142e+08,2.39321e+07,0.0
03/13/2006 21:00,3,13,1,21,0,10.35,33.6667,0,247085,2.69393e+06,2.71951e+08,1.80232e+07,247085.0
03/13/2006 22:00,3,13,1,22,0,9.60833,30.5,0,3.76935e+06,3.11868e+06,2.10153e+08,1.84404e+07,3769350.0
03/13/2006 23:00,3,13,1,23,0,7.90833,45.8333,0,6.50931e+06,2.19174e+06,1.92889e+08,2.00406e+07,6509310.0
03/14/2006 00:00,3,14,2,0,0,6.90833,54.4167,0,1.52606e+07,529083,1.60996e+08,2.84655e+07,15260600.0
03/14/2006 01:00,3,14,2,1,0,6.05833,63.3333,0,2.68236e+07,0,1.45827e+08,3.68105e+07,26823600.0
03/14/2006 02:00,3,14,2,2,0,5.6,66.5,0,0,0,1.10494e+08,3.82085e+06,0.0
03/14/2006 03:00,3,14,2,3,0,5.25,69.25,0,8.83599e+07,0,1.10458e+08,9.4194e+07,88359900.0
03/14/2006 04:00,3,14,2,4,0,4.35833,78.25,0,1.21806e+08,0,1.33577e+08,1.31597e+08,121806000.0
03/14/2006 05:00,3,14,2,5,0,3.9,80.25,0,0,14967.1,2.15779e+08,1.3704e+07,0.0
03/14/2006 06:00,3,14,2,6,0,3.9,74.9167,0,4.15623e+07,4.08126e+06,4.07454e+08,6.20562e+07,41562300.0
03/14/2006 07:00,3,14,2,7,0,4.89167,60.9167,0,1.94485e+06,9.11861e+06,4.69672e+08,2.54097e+07,1944850.0
03/14/2006 08:00,3,14,2,8,0,6.24167,56.5,0,296400,9.47995e+06,4.28026e+08,2.46702e+07,296400.0
03/14/2006 09:00,3,14,2,9,0,6.99167,52.5833,0,0,1.02481e+07,4.20453e+08,2.55181e+07,0.0
03/14/2006 10:00,3,14,2,10,0,8.48333,42.75,0,0,1.1629e+07,4.52201e+08,2.52997e+07,0.0
03/14/2006 11:00,3,14,2,11,0,11.0333,39,0,0,1.2e+07,4.64401e+08,2.61804e+07,0.0
03/14/2006 12:00,3,14,2,12,0,13.4833,34.9167,0,0,1.26777e+07,4.60159e+08,2.83654e+07,0.0
03/14/2006 13:00,3,14,2,13,0,15.7417,30.25,0,0,3.67441e+07,4.85522e+08,3.23062e+07,0.0
03/14/2006 14:00,3,14,2,14,0,17.3417,31.9167,0,0,1.05376e+08,5.94456e+08,2.94462e+07,0.0
03/14/2006 15:00,3,14,2,15,0,17.45,35.1667,0,0,1.20116e+08,6.22577e+08,2.26327e+07,0.0
03/14/2006 16:00,3,14,2,16,0,18.4833,34.25,0,0,1.45753e+08,6.53206e+08,2.17052e+07,0.0
03/14/2006 17:00,3,14,2,17,0,18.7583,33.5833,0,0,1.53923e+08,6.71414e+08,2.27335e+07,0.0
03/14/2006 18:00,3,14,2,18,0,17.0167,38.0833,0,0,9.26987e+07,6.03284e+08,2.38188e+07,0.0
03/14/2006 19:00,3,14,2,19,0,15.1083,42.75,0,1163.3,3.01632e+07,5.79484e+08,2.4812e+07,1163.3
03/14/2006 20:00,3,14,2,20,0,15.1,41.0833,0,0,2.06696e+07,4.91506e+08,2.38924e+07,0.0
03/14/2006 21:00,3,14,2,21,0,13.325,48.9167,0,0,4.9853e+06,2.87398e+08,1.82972e+07,0.0
03/14/2006 22:00,3,14,2,22,0,11.35,57.75,0,418549,2.44682e+06,2.10486e+08,1.49649e+07,418549.0
03/14/2006 23:00,3,14,2,23,0,11.1,57.8333,0,2.18236e+06,2.82955e+06,1.95491e+08,1.67485e+07,2182360.0
03/15/2006 00:00,3,15,3,0,0,10.8083,60.5,0,5.74554e+06,2.47363e+06,1.67386e+08,1.84075e+07,5745540.0
03/15/2006 01:00,3,15,3,1,0,10.25,65.9167,0,4.26851e+06,434281,1.44976e+08,1.4586e+07,4268510.0
03/15/2006 02:00,3,15,3,2,0,9.65,69.75,0,0,0,1.12502e+08,2.88115e+06,0.0
03/15/2006 03:00,3,15,3,3,0,10.1,69.25,0,3.14654e+07,240330,1.12235e+08,3.83273e+07,31465400.0
03/15/2006 04:00,3,15,3,4,0,10.6,69.75,0,4.5773e+07,0,1.32879e+08,5.5614e+07,45773000.0
03/15/2006 05:00,3,15,3,5,0,10.6,74.5,0,0,0,2.15764e+08,1.36978e+07,0.0
03/15/2006 06:00,3,15,3,6,0,12.175,81.0833,0,6.52871e+06,7.08208e+06,4.11742e+08,2.72097e+07,6528710.0
03/15/2006 07:00,3,15,3,7,0,12.3667,86.9167,0,0,1.1499e+07,4.64781e+08,2.34957e+07,0.0
03/15/2006 08:00,3,15,3,8,0,10.3583,93.6667,0,0,1.19992e+07,4.38367e+08,2.43142e+07,0.0
03/15/2006 09:00,3,15,3,9,0,10.7417,94.6667,0,0,1.26198e+07,4.25144e+08,2.43334e+07,0.0
03/15/2006 10:00,3,15,3,10,0,13.625,87.1667,0,0,1.55955e+07,4.42999e+08,2.5029e+07,0.0
03/15/2006 11:00,3,15,3,11,0,15,81.8333,0,0,2.34739e+07,4.83522e+08,2.76914e+07,0.0
03/15/2006 12:00,3,15,3,12,0,15.35,77.5,0,0,3.28918e+07,4.93394e+08,2.69509e+07,0.0
03/15/2006 13:00,3,15,3,13,0,15.6,71.5,0,0,3.04365e+07,4.66139e+08,3.22423e+07,0.0
03/15/2006 14:00,3,15,3,14,0,15.25,76,0,0,2.78768e+07,4.84467e+08,2.94196e+07,0.0
03/15/2006 15:00,3,15,3,15,0,15.9917,82.75,0,0,4.89057e+07,5.09647e+08,2.25082e+07,0.0
03/15/2006 16:00,3,15,3,16,0,16.9917,78.75,0,0,8.46228e+07,5.54376e+08,2.16901e+07,0.0
03/15/2006 17:00,3,15,3,17,0,17.8417,72.0833,0,0,1.1754e+08,6.00872e+08,2.27379e+07,0.0
03/15/2006 18:00,3,15,3,18,0,18.0083,70,0,0,1.19665e+08,6.17636e+08,2.38216e+07,0.0
03/15/2006 19:00,3,15,3,19,0,17.1583,72.9167,0,0,8.66589e+07,6.36343e+08,2.53753e+07,0.0
03/15/2006 20:00,3,15,3,20,0,16.7,75,0,0,5.96286e+07,5.31087e+08,2.41156e+07,0.0
03/15/2006 21:00,3,15,3,21,0,16.0583,71.5,0,0,2.65097e+07,3.28964e+08,1.82354e+07,0.0
03/15/2006 22:00,3,15,3,22,0,14.6083,62,0,113393,6.3779e+06,2.2727e+08,1.43594e+07,113393.0
03/15/2006 23:00,3,15,3,23,0,12.9083,58.1667,0,2.21925e+06,3.69338e+06,1.96339e+08,1.59491e+07,2219250.0
03/16/2006 00:00,3,16,4,0,0,11.5583,59,0,1.22397e+07,2.23702e+06,1.66507e+08,2.52706e+07,12239700.0
03/16/2006 01:00,3,16,4,1,0,10.8083,53.75,0,2.09697e+07,482093,1.48157e+08,3.09659e+07,20969700.0
03/16/2006 02:00,3,16,4,2,0,9.60833,48.25,0,0,0,1.11757e+08,3.82738e+06,0.0
03/16/2006 03:00,3,16,4,3,0,8.55,46.4167,0,8.59376e+07,0,1.08482e+08,9.19161e+07,85937600.0
03/16/2006 04:00,3,16,4,4,0,7.65833,47.1667,0,1.31778e+08,0,1.33593e+08,1.41565e+08,131778000.0
03/16/2006 05:00,3,16,4,5,0,6.90833,48.5833,0,0,0,2.15764e+08,1.36909e+07,0.0
03/16/2006 06:00,3,16,4,6,0,6.35,51.9167,0,4.78681e+07,5.13207e+06,4.0941e+08,6.82827e+07,47868100.0
03/16/2006 07:00,3,16,4,7,0,6.1,54,0,8.6673e+06,8.91555e+06,4.5309e+08,3.20621e+07,8667300.0
03/16/2006 08:00,3,16,4,8,0,6.74167,50.5,0,1.08336e+06,1.1509e+07,4.52936e+08,2.53665e+07,1083360.0
03/16/2006 09:00,3,16,4,9,0,7.84167,45.6667,0,55689.2,1.07896e+07,4.36332e+08,2.54708e+07,55689.2
03/16/2006 10:00,3,16,4,10,0,8.94167,42.25,0,0,1.14755e+07,4.49798e+08,2.56034e+07,0.0
03/16/2006 11:00,3,16,4,11,0,9.75,39.8333,0,0,1.19296e+07,4.54859e+08,2.5652e+07,0.0
03/16/2006 12:00,3,16,4,12,0,10.6417,37.8333,0,0,1.17819e+07,4.51847e+08,2.88039e+07,0.0
03/16/2006 13:00,3,16,4,13,0,11.7417,35.25,0,0,9.15392e+06,4.26877e+08,3.18449e+07,0.0
03/16/2006 14:00,3,16,4,14,0,12.8417,32.8333,0,0,1.19408e+07,4.61424e+08,2.96502e+07,0.0
03/16/2006 15:00,3,16,4,15,0,13.65,29.0833,0,0,1.30083e+07,4.89864e+08,2.26606e+07,0.0
03/16/2006 16:00,3,16,4,16,0,13.9,27.5833,0,0,1.33083e+07,4.99108e+08,2.16342e+07,0.0
03/16/2006 17:00,3,16,4,17,0,13.9,28,0,0,1.33712e+07,4.85473e+08,2.28921e+07,0.0
03/16/2006 18:00,3,16,4,18,0,11.975,32.0833,0,0,1.29428e+07,4.77566e+08,2.38042e+07,0.0
03/16/2006 19:00,3,16,4,19,0,10.6,42.5833,0,0,1.27397e+07,5.1828e+08,2.47377e+07,0.0
03/16/2006 20:00,3,16,4,20,0,10.25,43.9167,0,0,1.01782e+07,4.44155e+08,2.30464e+07,0.0
03/16/2006 21:00,3,16,4,21,0,9.35833,45.6667,0,507788,2.9834e+06,2.73452e+08,1.87004e+07,507788.0
03/16/2006 22:00,3,16,4,22,0,8.9,46.6667,0,5.46504e+06,2.31888e+06,2.09745e+08,2.11887e+07,5465040.0
03/16/2006 23:00,3,16,4,23,0,8.55,44.4167,0,7.94728e+06,2.30509e+06,1.94965e+08,2.23138e+07,7947280.0
03/17/2006 00:00,3,17,5,0,0,8.3,41.6667,0,1.48313e+07,1.52046e+06,1.65412e+08,2.77402e+07,14831300.0
03/17/2006 01:00,3,17,5,1,0,8.00833,43.5,0,1.56629e+07,0,1.47988e+08,2.58199e+07,15662900.0
03/17/2006 02:00,3,17,5,2,0,7.8,50.0833,0,0,0,1.11283e+08,1.89751e+06,0.0
03/17/2006 03:00,3,17,5,3,0,7.45,57.0833,0,6.41968e+07,0,1.10179e+08,7.14404e+07,64196800.0
03/17/2006 04:00,3,17,5,4,0,6.90833,62.9167,0,9.58181e+07,0,1.3355e+08,1.05647e+08,95818100.0
03/17/2006 05:00,3,17,5,5,0,5.70833,69.6667,0,0,83280.1,2.16968e+08,1.36953e+07,0.0
03/17/2006 06:00,3,17,5,6,0,4.65,74.75,0,4.13597e+07,4.63901e+06,4.0898e+08,6.20383e+07,41359700.0
03/17/2006 07:00,3,17,5,7,0,4.4,76,0,2.72207e+06,9.66749e+06,4.77163e+08,2.61589e+07,2722070.0
03/17/2006 08:00,3,17,5,8,0,4.4,76,0,814529,9.4308e+06,4.35359e+08,2.47404e+07,814529.0
03/17/2006 09:00,3,17,5,9,0,4.75,74.25,0,218658,1.00057e+07,4.20481e+08,2.45101e+07,218658.0
03/17/2006 10:00,3,17,5,10,0,5,73,0,0,1.04009e+07,4.1807e+08,2.49888e+07,0.0
03/17/2006 11:00,3,17,5,11,0,5,78.25,0,0,1.07149e+07,4.19386e+08,2.78066e+07,0.0
03/17/2006 12:00,3,17,5,12,0,5,82,0,0,1.04695e+07,4.18816e+08,2.68061e+07,0.0
03/17/2006 13:00,3,17,5,13,0,5.35,78.5,0,0,8.38265e+06,4.16086e+08,3.21727e+07,0.0
03/17/2006 14:00,3,17,5,14,0,6.24167,74.25,0,0,1.07217e+07,4.21302e+08,2.93841e+07,0.0
03/17/2006 15:00,3,17,5,15,0,7.34167,67.1667,0,0,1.1733e+07,4.25083e+08,2.24778e+07,0.0
03/17/2006 16:00,3,17,5,16,0,8.09167,63,0,0,1.20473e+07,4.27685e+08,2.1636e+07,0.0
03/17/2006 17:00,3,17,5,17,0,8.3,61.25,0,0,1.2166e+07,4.44192e+08,2.26816e+07,0.0
03/17/2006 18:00,3,17,5,18,0,8.00833,61.75,0,0,1.21456e+07,4.65488e+08,2.37676e+07,0.0
03/17/2006 19:00,3,17,5,19,0,7.8,64.1667,0,0,1.2206e+07,5.02215e+08,2.49849e+07,0.0
03/17/2006 20:00,3,17,5,20,0,7.8,65,0,155831,9.57158e+06,4.36215e+08,2.42533e+07,155831.0
03/17/2006 21:00,3,17,5,21,0,7.8,66.75,0,6.60641e+06,2.43709e+06,2.71808e+08,2.48244e+07,6606410.0
03/17/2006 22:00,3,17,5,22,0,7.45,69.1667,0,1.58748e+07,3.20627e+06,2.11595e+08,3.0109e+07,15874800.0
03/17/2006 23:00,3,17,5,23,0,7.2,70,0,2.93397e+07,2.28707e+06,1.95538e+08,4.33978e+07,29339700.0
03/18/2006 00:00,3,18,6,0,0,6.90833,71.75,0,6.16103e+07,583109,1.67525e+08,7.43103e+07,61610300.0
03/18/2006 01:00,3,18,6,1,0,6.99167,73.5833,0,0,0,8.88964e+07,1.5407e+06,0.0
03/18/2006 02:00,3,18,6,2,0,7.2,75.1667,0,0,0,8.92772e+07,0,0.0
03/18/2006 03:00,3,18,6,3,0,6.90833,77.75,0,0,0,8.57576e+07,1.54078e+06,0.0
03/18/2006 04:00,3,18,6,4,0,6.7,80.75,0,0,0,8.47916e+07,0,0.0
03/18/2006 05:00,3,18,6,5,0,6.7,83.75,0,0,0,9.11811e+07,8.04492e+06,0.0
03/18/2006 06:00,3,18,6,6,0,6.7,81.5,0,1.99729e+08,0,1.38167e+08,2.0966e+08,199729000.0
03/18/2006 07:00,3,18,6,7,0,6.99167,79.5833,0,1.8441e+08,107998,1.55342e+08,1.97047e+08,184410000.0
03/18/2006 08:00,3,18,6,8,0,7.55,77.6667,0,1.18474e+08,0,1.72491e+08,1.31957e+08,118474000.0
03/18/2006 09:00,3,18,6,9,0,8.44167,74.25,0,4.21807e+07,0,1.80975e+08,5.85775e+07,42180700.0
03/18/2006 10:00,3,18,6,10,0,9.54167,71.8333,0,1.93368e+07,0,1.7209e+08,3.42083e+07,19336800.0
03/18/2006 11:00,3,18,6,11,0,10.9917,68.0833,0,1.263e+07,0,1.59615e+08,3.00833e+07,12630000.0
03/18/2006 12:00,3,18,6,12,0,12.9833,60.75,0,7.80787e+06,284474,1.42152e+08,2.22512e+07,7807870.0
03/18/2006 13:00,3,18,6,13,0,13.9,57,0,1.68913e+06,1.21196e+06,1.36157e+08,1.8109e+07,1689130.0
03/18/2006 14:00,3,18,6,14,0,14.1917,54.6667,0,0,1.64329e+06,1.30253e+08,1.33394e+07,0.0
03/18/2006 15:00,3,18,6,15,0,14.4,51.8333,0,625814,892137,1.19585e+08,1.32592e+07,625814.0
03/18/2006 16:00,3,18,6,16,0,14.4,51,0,599128,0,9.09812e+07,1.20551e+07,599128.0
03/18/2006 17:00,3,18,6,17,0,14.1083,53.3333,0,0,0,7.26031e+07,1.09877e+07,0.0
03/18/2006 18:00,3,18,6,18,0,13.55,55,0,0,0,6.58668e+07,8.51952e+06,0.0
03/18/2006 19:00,3,18,6,19,0,12.6583,60.25,0,0,0,9.39656e+07,7.43669e+06,0.0
03/18/2006 20:00,3,18,6,20,0,11.2667,68.0833,0,0,0,9.18554e+07,0,0.0
03/18/2006 21:00,3,18,6,21,0,10.6,65.1667,0,0,0,9.89482e+07,0,0.0
03/18/2006 22:00,3,18,6,22,0,10.25,63.9167,0,0,0,9.18554e+07,1.54078e+06,0.0
03/18/2006 23:00,3,18,6,23,0,9.65,67.1667,0,0,0,9.18554e+07,0,0.0
03/19/2006 00:00,3,19,0,0,0,8.75833,72.6667,0,0,0,7.85527e+07,0,0.0
03/19/2006 01:00,3,19,0,1,0,8.3,76,0,0,0,7.85527e+07,1.54077e+06,0.0
03/19/2006 02:00,3,19,0,2,0,8.00833,76,0,0,0,7.85527e+07,0,0.0
03/19/2006 03:00,3,19,0,3,0,7.8,77.75,0,0,0,7.85527e+07,1.54079e+06,0.0
03/19/2006 04:00,3,19,0,4,0,7.45,83.0833,0,0,0,7.85621e+07,1.14435e+07,0.0
03/19/2006 05:00,3,19,0,5,0,7.2,86,0,0,0,8.03666e+07,7.40946e+06,0.0
03/19/2006 06:00,3,19,0,6,0,7.55,83.6667,0,0,0,9.81813e+07,7.49934e+06,0.0
03/19/2006 07:00,3,19,0,7,0,7.8,82,0,0,0,6.6239e+07,9.49186e+06,0.0
03/19/2006 08:00,3,19,0,8,0,7.8,82,0,0,0,5.89987e+07,7.63694e+06,0.0
03/19/2006 09:00,3,19,0,9,0,8.09167,80.8333,0,0,0,5.80585e+07,9.5419e+06,0.0
03/19/2006 10:00,3,19,0,10,0,8.3,81.75,0,0,0,5.77783e+07,7.69421e+06,0.0
03/19/2006 11:00,3,19,0,11,0,8.3,83,0,0,0,5.76949e+07,9.73728e+06,0.0
03/19/2006 12:00,3,19,0,12,0,9.29167,79.5,0,0,0,5.76885e+07,9.85756e+06,0.0
03/19/2006 13:00,3,19,0,13,0,10,80.5,0,0,0,5.76885e+07,1.0111e+07,0.0
03/19/2006 14:00,3,19,0,14,0,10,90.5833,0,0,0,5.76885e+07,9.8005e+06,0.0
03/19/2006 15:00,3,19,0,15,0,10.35,96,0,0,0,5.76885e+07,9.56661e+06,0.0
03/19/2006 16:00,3,19,0,16,0,10.6,96,0,0,0,5.79302e+07,7.62141e+06,0.0
03/19/2006 17:00,3,19,0,17,0,10.8917,91.9167,0,0,0,6.06613e+07,8.80988e+06,0.0
03/19/2006 18:00,3,19,0,18,0,10.8083,90.75,0,0,0,5.33584e+07,7.83229e+06,0.0
03/19/2006 19:00,3,19,0,19,0,10.6,94.3333,0,0,0,8.54777e+07,1.91512e+06,0.0
03/19/2006 20:00,3,19,0,20,0,10.6,91.9167,0,0,0,9.18554e+07,0,0.0
03/19/2006 21:00,3,19,0,21,0,9.9,85.5,0,0,0,9.18554e+07,1.54075e+06,0.0
03/19/2006 22:00,3,19,0,22,0,8.75833,77.75,0,1.18642e+06,0,9.31947e+07,1.18642e+06,1186420.0
03/19/2006 23:00,3,19,0,23,0,8.00833,68.75,0,2.87295e+06,0,9.45344e+07,4.41373e+06,2872950.0
03/20/2006 00:00,3,20,1,0,0,7.8,60.9167,0,4.87951e+06,0,8.19027e+07,4.87951e+06,4879510.0
03/20/2006 01:00,3,20,1,1,0,7.45,57.4167,0,4.14923e+08,0,1.52381e+08,4.29076e+08,414923000.0
03/20/2006 02:00,3,20,1,2,0,6.90833,57,0,686447,0,1.0323e+08,4.22337e+06,686447.0
03/20/2006 03:00,3,20,1,3,0,6.7,57,0,3.79292e+08,0,1.15051e+08,3.85695e+08,379292000.0
03/20/2006 04:00,3,20,1,4,0,6.35,56.4167,0,4.36925e+08,0,1.34988e+08,4.46552e+08,436925000.0
03/20/2006 05:00,3,20,1,5,0,6.1,54.8333,0,0,0,2.15764e+08,1.39407e+07,0.0
03/20/2006 06:00,3,20,1,6,0,5.80833,55.1667,0,2.06347e+08,779920,4.01496e+08,2.26911e+08,206347000.0
03/20/2006 07:00,3,20,1,7,0,5.25,60.6667,0,8.82615e+07,4.99673e+06,4.42211e+08,1.11265e+08,88261500.0
03/20/2006 08:00,3,20,1,8,0,4.65,69.25,0,6.4101e+07,7.84688e+06,4.3777e+08,8.76984e+07,64101000.0
03/20/2006 09:00,3,20,1,9,0,4.4,74.75,0,3.90241e+07,7.71569e+06,4.07224e+08,6.32518e+07,39024100.0
03/20/2006 10:00,3,20,1,10,0,4.4,77.75,0,3.80682e+07,8.3596e+06,4.07303e+08,6.3015e+07,38068200.0
03/20/2006 11:00,3,20,1,11,0,4.75,80.75,0,2.37769e+07,8.85626e+06,4.09101e+08,5.17489e+07,23776900.0
03/20/2006 12:00,3,20,1,12,0,5.35,76.75,0,1.45669e+07,8.72686e+06,4.08758e+08,4.13464e+07,14566900.0
03/20/2006 13:00,3,20,1,13,0,6.24167,64.8333,0,2.62323e+07,6.26906e+06,3.99081e+08,5.81176e+07,26232300.0
03/20/2006 14:00,3,20,1,14,0,6.99167,56.6667,0,4.71017e+06,1.11671e+07,4.42103e+08,3.40379e+07,4710170.0
03/20/2006 15:00,3,20,1,15,0,7.55,53.8333,0,1.44716e+06,1.21735e+07,4.44686e+08,2.38668e+07,1447160.0
03/20/2006 16:00,3,20,1,16,0,8.09167,48.9167,0,1.8754e+06,1.25848e+07,4.46874e+08,2.3427e+07,1875400.0
03/20/2006 17:00,3,20,1,17,0,8.3,44.8333,0,2.70532e+06,1.06133e+07,4.25992e+08,2.53009e+07,2705320.0
03/20/2006 18:00,3,20,1,18,0,8.00833,46.3333,0,2.9953e+06,1.06952e+07,4.49642e+08,2.6679e+07,2995300.0
03/20/2006 19:00,3,20,1,19,0,7.8,46.8333,0,5.17221e+06,1.08418e+07,4.90853e+08,2.985e+07,5172210.0
03/20/2006 20:00,3,20,1,20,0,7.45,47.1667,0,2.75178e+07,8.22129e+06,4.29643e+08,5.13976e+07,27517800.0
03/20/2006 21:00,3,20,1,21,0,6.90833,50.3333,0,1.00219e+08,1.42982e+06,2.70123e+08,1.18419e+08,100219000.0
03/20/2006 22:00,3,20,1,22,0,6.7,52,0,1.61202e+08,1.98996e+06,2.13132e+08,1.75416e+08,161202000.0
03/20/2006 23:00,3,20,1,23,0,6.05833,55.5,0,1.61687e+08,0,1.91537e+08,1.76038e+08,161687000.0
03/21/2006 00:00,3,21,2,0,0,5.25,61.5,0,2.16003e+08,0,1.64781e+08,2.28513e+08,216003000.0
03/21/2006 01:00,3,21,2,1,0,4.65,67.5,0,1.77264e+08,0,1.46648e+08,1.87389e+08,177264000.0
03/21/2006 02:00,3,21,2,2,0,4.4,71.75,0,0,0,1.07847e+08,3.57692e+06,0.0
03/21/2006 03:00,3,21,2,3,0,4.10833,74.75,0,2.36625e+08,0,1.12184e+08,2.43167e+08,236625000.0
03/21/2006 04:00,3,21,2,4,0,3.55,79.5,0,2.70353e+08,0,1.33965e+08,2.80133e+08,270353000.0
03/21/2006 05:00,3,21,2,5,0,3.00833,83.75,0,0,12101.9,2.15776e+08,1.36716e+07,0.0
03/21/2006 06:00,3,21,2,6,0,3.09167,81.5,0,1.12434e+08,3.28083e+06,4.05802e+08,1.32934e+08,112434000.0
03/21/2006 07:00,3,21,2,7,0,3.00833,80.75,0,3.73797e+07,8.45311e+06,4.59935e+08,6.0641e+07,37379700.0
03/21/2006 08:00,3,21,2,8,0,3.44167,76.1667,0,2.68714e+07,8.60795e+06,4.29609e+08,5.09771e+07,26871400.0
03/21/2006 09:00,3,21,2,9,0,4.19167,69.0833,0,1.79245e+07,9.19523e+06,4.15824e+08,4.25747e+07,17924500.0
03/21/2006 10:00,3,21,2,10,0,5.39167,60.5833,0,8.96651e+06,9.75971e+06,4.12539e+08,3.38391e+07,8966510.0
03/21/2006 11:00,3,21,2,11,0,7.38333,53.0833,0,162749,1.13064e+07,4.27853e+08,2.66307e+07,162749.0
03/21/2006 12:00,3,21,2,12,0,8.00833,50.4167,0,0,1.06566e+07,4.18268e+08,2.7792e+07,0.0
03/21/2006 13:00,3,21,2,13,0,8.09167,50.5833,0,0,7.86299e+06,4.02208e+08,3.20801e+07,0.0
03/21/2006 14:00,3,21,2,14,0,8.94167,48.6667,0,0,1.08205e+07,4.20539e+08,2.91646e+07,0.0
03/21/2006 15:00,3,21,2,15,0,9.4,44.6667,0,0,1.18124e+07,4.24902e+08,2.24966e+07,0.0
03/21/2006 16:00,3,21,2,16,0,8.75833,43.5833,0,0,1.18034e+07,4.25725e+08,2.14899e+07,0.0
03/21/2006 17:00,3,21,2,17,0,8.65,42.8333,0,0,1.17718e+07,4.3366e+08,2.2717e+07,0.0
03/21/2006 18:00,3,21,2,18,0,7.90833,44.3333,0,0,1.16433e+07,4.52198e+08,2.38413e+07,0.0
03/21/2006 19:00,3,21,2,19,0,6.55833,45.4167,0,390095,1.24971e+07,5.13809e+08,2.49989e+07,390095.0
03/21/2006 20:00,3,21,2,20,0,5.80833,43.25,0,8.79477e+06,1.0809e+07,4.68488e+08,3.17802e+07,8794770.0
03/21/2006 21:00,3,21,2,21,0,4.9,44.3333,0,6.56608e+07,1.61687e+06,2.71222e+08,8.33528e+07,65660800.0
03/21/2006 22:00,3,21,2,22,0,4.10833,46.5833,0,1.06392e+08,2.07864e+06,2.12808e+08,1.22401e+08,106392000.0
03/21/2006 23:00,3,21,2,23,0,3.55,48.1667,0,1.18135e+08,1.97819e+06,1.9705e+08,1.32157e+08,118135000.0
03/22/2006 00:00,3,22,3,0,0,3.00833,50.1667,0,1.73869e+08,0,1.6492e+08,1.86911e+08,173869000.0
03/22/2006 01:00,3,22,3,1,0,2.15833,53.3333,0,1.44656e+08,0,1.48129e+08,1.5465e+08,144656000.0
03/22/2006 02:00,3,22,3,2,0,1.7,53.8333,0,0,0,1.09169e+08,1.89804e+06,0.0
03/22/2006 03:00,3,22,3,3,0,1.35,52.4167,0,2.28501e+08,0,1.12129e+08,2.36137e+08,228501000.0
03/22/2006 04:00,3,22,3,4,0,0.808333,53.1667,0,2.51359e+08,0,1.33954e+08,2.60301e+08,251359000.0
03/22/2006 05:00,3,22,3,5,0,0.6,55.75,0,2.58575e+08,99611.7,2.16211e+08,2.73145e+08,258575000.0
03/22/2006 06:00,3,22,3,6,0,0.6,55.25,0,7.67767e+07,3.1305e+06,4.05794e+08,9.67789e+07,76776700.0
03/22/2006 07:00,3,22,3,7,0,0.891667,54.5833,0,2.07769e+07,7.28881e+06,4.44632e+08,4.37452e+07,20776900.0
03/22/2006 08:00,3,22,3,8,0,1.74167,55.5833,0,8.61677e+06,8.09066e+06,4.19209e+08,3.21729e+07,8616770.0
03/22/2006 09:00,3,22,3,9,0,2.84167,53.6667,0,6.66996e+06,9.0937e+06,4.17774e+08,3.08572e+07,6669960.0
03/22/2006 10:00,3,22,3,10,0,3.94167,48.5,0,1.8635e+06,9.83033e+06,4.1744e+08,2.74197e+07,1863500.0
03/22/2006 11:00,3,22,3,11,0,4.4,43.0833,0,89712,1.02258e+07,4.21297e+08,2.73743e+07,89712.0
03/22/2006 12:00,3,22,3,12,0,5.1,40.4167,0,34096.8,1.00565e+07,4.20357e+08,2.7249e+07,34096.8
03/22/2006 13:00,3,22,3,13,0,5.89167,39.4167,0,235138,8.06755e+06,4.13402e+08,3.16762e+07,235138.0
03/22/2006 14:00,3,22,3,14,0,6.45,39,0,0,1.00319e+07,4.17182e+08,2.92867e+07,0.0
03/22/2006 15:00,3,22,3,15,0,6.35,34.9167,0,0,1.19622e+07,4.38263e+08,2.23653e+07,0.0
03/22/2006 16:00,3,22,3,16,0,6.1,34.9167,0,0,1.1733e+07,4.32005e+08,2.14946e+07,0.0
03/22/2006 17:00,3,22,3,17,0,6.1,37,0,25141.3,1.17671e+07,4.40046e+08,2.25648e+07,25141.3
03/22/2006 18:00,3,22,3,18,0,5.45833,37.5833,0,0,1.31394e+07,4.70036e+08,2.3629e+07,0.0
03/22/2006 19:00,3,22,3,19,0,4.65,39.1667,0,1.12369e+06,1.12638e+07,5.00883e+08,2.57471e+07,1123690.0
03/22/2006 20:00,3,22,3,20,0,4.10833,39.4167,0,1.09048e+07,8.16794e+06,4.32575e+08,3.46214e+07,10904800.0
03/22/2006 21:00,3,22,3,21,0,3.55,41.3333,0,6.72039e+07,1.88002e+06,2.80037e+08,8.53785e+07,67203900.0
03/22/2006 22:00,3,22,3,22,0,3.00833,44.75,0,1.21516e+08,2.06162e+06,2.12913e+08,1.35714e+08,121516000.0
03/22/2006 23:00,3,22,3,23,0,2.8,44.8333,0,1.52754e+08,1.97678e+06,1.96893e+08,1.67108e+08,152754000.0
03/23/2006 00:00,3,23,4,0,0,2.45,45.1667,0,1.96049e+08,0,1.65218e+08,2.08499e+08,196049000.0
03/23/2006 01:00,3,23,4,1,0,1.90833,47.1667,0,1.35994e+08,0,1.47758e+08,1.46066e+08,135994000.0
03/23/2006 02:00,3,23,4,2,0,1.35,49.1667,0,0,0,1.10347e+08,3.64789e+06,0.0
03/23/2006 03:00,3,23,4,3,0,0.808333,52.3333,0,2.18415e+08,0,1.09876e+08,2.24963e+08,218415000.0
03/23/2006 04:00,3,23,4,4,0,0.6,54,0,2.72679e+08,0,1.34101e+08,2.82456e+08,272679000.0
03/23/2006 05:00,3,23,4,5,0,0.6,54,0,2.85185e+08,96726.5,2.1627e+08,2.98816e+08,285185000.0
03/23/2006 06:00,3,23,4,6,0,0.6,54,0,9.60584e+07,3.09391e+06,4.05949e+08,1.16499e+08,96058400.0
03/23/2006 07:00,3,23,4,7,0,1.24167,53.4167,0,4.19044e+07,7.30425e+06,4.43313e+08,6.50885e+07,41904400.0
03/23/2006 08:00,3,23,4,8,0,2.63333,49.5,0,2.18274e+07,8.12489e+06,4.14225e+08,4.58456e+07,21827400.0
03/23/2006 09:00,3,23,4,9,0,3.94167,43.5,0,1.58849e+07,8.90831e+06,4.13973e+08,4.05124e+07,15884900.0
03/23/2006 10:00,3,23,4,10,0,4.75,35.1667,0,9.13822e+06,9.41826e+06,4.12944e+08,3.3957e+07,9138220.0
03/23/2006 11:00,3,23,4,11,0,5.35,32.1667,0,1.83855e+06,9.90825e+06,4.17128e+08,2.80461e+07,1838550.0
03/23/2006 12:00,3,23,4,12,0,6.88333,31.8333,0,507215,1.08207e+07,4.33206e+08,2.84599e+07,507215.0
03/23/2006 13:00,3,23,4,13,0,8.44167,29.8333,0,945233,7.64011e+06,4.03761e+08,3.23127e+07,945233.0
03/23/2006 14:00,3,23,4,14,0,9.54167,27.8333,0,0,1.04833e+07,4.25467e+08,2.91376e+07,0.0
03/23/2006 15:00,3,23,4,15,0,10.9917,24.6667,0,0,1.17467e+07,4.41449e+08,2.246e+07,0.0
03/23/2006 16:00,3,23,4,16,0,11.7,21.8333,0,0,1.22072e+07,4.57701e+08,2.141e+07,0.0
03/23/2006 17:00,3,23,4,17,0,11.7,21,0,0,1.23185e+07,4.55305e+08,2.26148e+07,0.0
03/23/2006 18:00,3,23,4,18,0,11.0583,20.4167,0,0,1.21775e+07,4.58221e+08,2.41719e+07,0.0
03/23/2006 19:00,3,23,4,19,0,9.60833,21.1667,0,0,1.18497e+07,5.03001e+08,2.49986e+07,0.0
03/23/2006 20:00,3,23,4,20,0,8.55,22.5833,0,651014,9.10428e+06,4.35901e+08,2.37522e+07,651014.0
03/23/2006 21:00,3,23,4,21,0,8.00833,23,0,1.20204e+07,2.32412e+06,2.71702e+08,2.87835e+07,12020400.0
03/23/2006 22:00,3,23,4,22,0,7.45,24.75,0,3.07499e+07,2.1247e+06,2.12448e+08,4.72367e+07,30749900.0
03/23/2006 23:00,3,23,4,23,0,6.90833,27.1667,0,4.34967e+07,1.54472e+06,1.98093e+08,5.69717e+07,43496700.0
03/24/2006 00:00,3,24,5,0,0,6.35,28,0,6.39506e+07,1.37674e+06,1.68455e+08,7.70618e+07,63950600.0
03/24/2006 01:00,3,24,5,1,0,5.80833,29.1667,0,6.50094e+07,0,1.47552e+08,7.49379e+07,65009400.0
03/24/2006 02:00,3,24,5,2,0,5.25,31.75,0,0,0,1.10477e+08,3.47473e+06,0.0
03/24/2006 03:00,3,24,5,3,0,4.65,34.75,0,1.58422e+08,0,1.08938e+08,1.64035e+08,158422000.0
03/24/2006 04:00,3,24,5,4,0,4.4,36,0,1.94672e+08,0,1.3425e+08,2.04466e+08,194672000.0
03/24/2006 05:00,3,24,5,5,0,4.10833,36.5833,0,0,11270,2.15776e+08,1.36471e+07,0.0
03/24/2006 06:00,3,24,5,6,0,3.55,38.1667,0,8.06856e+07,3.51758e+06,4.07277e+08,1.01107e+08,80685600.0
03/24/2006 07:00,3,24,5,7,0,3.65,36.0833,0,1.23268e+07,8.17059e+06,4.50084e+08,3.54771e+07,12326800.0
03/24/2006 08:00,3,24,5,8,0,5.18333,31.6667,0,1.58551e+06,8.74456e+06,4.21604e+08,2.55524e+07,1585510.0
03/24/2006 09:00,3,24,5,9,0,7.09167,27.0833,0,73067.3,1.07937e+07,4.44781e+08,2.47409e+07,73067.3
03/24/2006 10:00,3,24,5,10,0,8.73333,23.25,0,0,1.07349e+07,4.39939e+08,2.47901e+07,0.0
03/24/2006 11:00,3,24,5,11,0,10.1,20.8333,0,0,1.13343e+07,4.48589e+08,2.59904e+07,0.0
03/24/2006 12:00,3,24,5,12,0,11.8833,18.25,0,0,1.13963e+07,4.448e+08,2.81214e+07,0.0
03/24/2006 13:00,3,24,5,13,0,13.0917,16.4167,0,0,8.88847e+06,4.21931e+08,3.09157e+07,0.0
03/24/2006 14:00,3,24,5,14,0,13.3,19.5,0,0,1.14045e+07,4.67699e+08,2.91009e+07,0.0
03/24/2006 15:00,3,24,5,15,0,13.9417,19.6667,0,0,1.29385e+07,4.93887e+08,2.24738e+07,0.0
03/24/2006 16:00,3,24,5,16,0,14.4,17.4167,0,0,1.54313e+07,5.289e+08,2.13723e+07,0.0
03/24/2006 17:00,3,24,5,17,0,14.1083,23.4167,0,0,1.34196e+07,4.83174e+08,2.25615e+07,0.0
03/24/2006 18:00,3,24,5,18,0,14.1917,23.9167,0,0,1.4295e+07,4.93171e+08,2.41016e+07,0.0
03/24/2006 19:00,3,24,5,19,0,12.825,29.1667,0,0,1.28843e+07,5.20442e+08,2.55147e+07,0.0
03/24/2006 20:00,3,24,5,20,0,11.0583,37.9167,0,0,1.01339e+07,4.4479e+08,2.31748e+07,0.0
03/24/2006 21:00,3,24,5,21,0,9.9,41.75,0,145134,3.01851e+06,2.73403e+08,1.69525e+07,145134.0
03/24/2006 22:00,3,24,5,22,0,8.75833,42.4167,0,3.35813e+06,2.32796e+06,2.10049e+08,1.92029e+07,3358130.0
03/24/2006 23:00,3,24,5,23,0,8.00833,45.5,0,5.94073e+06,3.37978e+06,1.9731e+08,1.94074e+07,5940730.0
03/25/2006 00:00,3,25,6,0,0,7.8,44.5,0,1.2862e+07,2.19018e+06,1.66812e+08,2.5973e+07,12862000.0
03/25/2006 01:00,3,25,6,1,0,7.45,49.5833,0,0,0,8.99787e+07,0,0.0
03/25/2006 02:00,3,25,6,2,0,6.90833,57.3333,0,0,0,8.81301e+07,1.54079e+06,0.0
03/25/2006 03:00,3,25,6,3,0,6.7,60.75,0,0,0,8.33637e+07,0,0.0
03/25/2006 04:00,3,25,6,4,0,6.35,66.6667,0,0,0,8.82492e+07,0,0.0
03/25/2006 05:00,3,25,6,5,0,6.74167,65.9167,0,0,0,9.34994e+07,9.05977e+06,0.0
03/25/2006 06:00,3,25,6,6,0,7.84167,58.9167,0,1.56946e+08,0,1.38445e+08,1.66865e+08,156946000.0
03/25/2006 07:00,3,25,6,7,0,8.94167,56,0,1.06956e+08,99043,1.39515e+08,1.19573e+08,106956000.0
03/25/2006 08:00,3,25,6,8,0,10.7417,52.5,0,3.87636e+07,0,1.69649e+08,5.22243e+07,38763600.0
03/25/2006 09:00,3,25,6,9,0,12.9833,49.4167,0,1.08904e+07,838201,1.83154e+08,2.53912e+07,10890400.0
03/25/2006 10:00,3,25,6,10,0,15.5333,49.5833,0,3.89132e+06,1.22208e+07,2.2112e+08,2.04934e+07,3891320.0
03/25/2006 11:00,3,25,6,11,0,17.9833,48.8333,0,885566,5.08435e+07,2.47287e+08,1.68545e+07,885566.0
03/25/2006 12:00,3,25,6,12,0,19.8917,46.25,0,25192.1,6.54847e+07,2.39718e+08,1.57449e+07,25192.1
03/25/2006 13:00,3,25,6,13,0,20.6,44.4167,0,0,6.46509e+07,2.11533e+08,1.40981e+07,0.0
03/25/2006 14:00,3,25,6,14,0,21.8833,40.5,0,0,6.67546e+07,2.00301e+08,1.35205e+07,0.0
03/25/2006 15:00,3,25,6,15,0,21.8083,40.3333,0,0,8.0673e+07,2.22892e+08,1.27269e+07,0.0
03/25/2006 16:00,3,25,6,16,0,21.1,42,0,0,5.60618e+07,1.78966e+08,1.2893e+07,0.0
03/25/2006 17:00,3,25,6,17,0,21.1,42,0,0,6.44873e+07,1.83548e+08,1.00144e+07,0.0
03/25/2006 18:00,3,25,6,18,0,20.8083,43.1667,0,0,2.4554e+07,1.06373e+08,9.67412e+06,0.0
03/25/2006 19:00,3,25,6,19,0,20.25,45.75,0,0,2.57634e+07,1.37799e+08,5.58226e+06,0.0
03/25/2006 20:00,3,25,6,20,0,19.3583,48.75,0,0,2.01933e+07,1.37014e+08,1.54073e+06,0.0
03/25/2006 21:00,3,25,6,21,0,18.9,51.1667,0,0,1.24606e+07,1.20863e+08,0,0.0
03/25/2006 22:00,3,25,6,22,0,18.9,53.1667,0,0,5.95401e+06,1.05993e+08,0,0.0
03/25/2006 23:00,3,25,6,23,0,18.9,56.9167,0,0,1.78616e+07,1.34497e+08,1.54075e+06,0.0
03/26/2006 00:00,3,26,0,0,0,17.9083,62.5,0,0,0,7.85527e+07,0,0.0
03/26/2006 01:00,3,26,0,1,0,17.55,66.1667,0,0,1.2367e+07,1.15444e+08,1.54047e+06,0.0
03/26/2006 02:00,3,26,0,2,0,17.45,68.75,0,0,0,7.85527e+07,0,0.0
03/26/2006 03:00,3,26,0,3,0,16.9083,63,0,0,1.04587e+07,1.13361e+08,0,0.0
03/26/2006 04:00,3,26,0,4,0,14.7167,52.75,0,0,0,7.85621e+07,1.20863e+07,0.0
03/26/2006 05:00,3,26,0,5,0,13.0083,44.3333,0,0,0,8.03666e+07,7.40256e+06,0.0
03/26/2006 06:00,3,26,0,6,0,12.1583,41.5833,0,0,0,1.05339e+08,7.89021e+06,0.0
03/26/2006 07:00,3,26,0,7,0,11.35,40.25,0,0,0,5.9145e+07,9.08511e+06,0.0
03/26/2006 08:00,3,26,0,8,0,10.8083,36.6667,0,0,0,6.53421e+07,7.85167e+06,0.0
03/26/2006 09:00,3,26,0,9,0,10.25,36.75,0,0,0,6.65702e+07,9.33111e+06,0.0
03/26/2006 10:00,3,26,0,10,0,10.6417,37.4167,0,0,0,7.61569e+07,9.32251e+06,0.0
03/26/2006 11:00,3,26,0,11,0,11.7417,36.4167,0,0,0,7.52608e+07,8.08823e+06,0.0
03/26/2006 12:00,3,26,0,12,0,12.55,34.8333,0,0,388416,7.9194e+07,9.83132e+06,0.0
03/26/2006 13:00,3,26,0,13,0,13.4417,32.8333,0,0,561656,7.79192e+07,1.08727e+07,0.0
03/26/2006 14:00,3,26,0,14,0,14.1917,32,0,0,3.10603e+06,1.02382e+08,9.02822e+06,0.0
03/26/2006 15:00,3,26,0,15,0,14.4,32,0,0,3.16649e+06,1.08776e+08,9.55754e+06,0.0
03/26/2006 16:00,3,26,0,16,0,14.4,32,0,0,3.95537e+06,1.07673e+08,7.60567e+06,0.0
03/26/2006 17:00,3,26,0,17,0,14.4,30.8333,0,0,3.22158e+06,1.11407e+08,9.36694e+06,0.0
03/26/2006 18:00,3,26,0,18,0,13.7583,27.6667,0,0,1.19401e+06,7.80238e+07,7.36352e+06,0.0
03/26/2006 19:00,3,26,0,19,0,12.6583,26.5833,0,0,0,9.1622e+07,1.82352e+06,0.0
03/26/2006 20:00,3,26,0,20,0,11.5583,28.1667,0,0,0,9.18554e+07,1.54078e+06,0.0
03/26/2006 21:00,3,26,0,21,0,10.4583,26.6667,0,0,0,9.18554e+07,0,0.0
03/26/2006 22:00,3,26,0,22,0,9.65,23.25,0,0,0,9.18554e+07,0,0.0
03/26/2006 23:00,3,26,0,23,0,8.75833,22,0,0,0,9.18554e+07,1.54051e+06,0.0
03/27/2006 00:00,3,27,1,0,0,7.65833,24.3333,0,0,0,7.85527e+07,0,0.0
03/27/2006 01:00,3,27,1,1,0,6.90833,25.4167,0,1.45949e+08,0,1.44547e+08,1.60258e+08,145949000.0
03/27/2006 02:00,3,27,1,2,0,6.05833,26.1667,0,0,0,9.9572e+07,3.54498e+06,0.0
03/27/2006 03:00,3,27,1,3,0,5.25,27,0,2.22131e+08,0,1.0889e+08,2.27844e+08,222131000.0
03/27/2006 04:00,3,27,1,4,0,4.00833,28.75,0,2.97957e+08,0,1.34322e+08,3.07727e+08,297957000.0
03/27/2006 05:00,3,27,1,5,0,3.3,30,0,0,11959.1,2.15776e+08,1.36256e+07,0.0
03/27/2006 06:00,3,27,1,6,0,2.65833,32.3333,0,1.2518e+08,1.06782e+06,4.01903e+08,1.45511e+08,125180000.0
03/27/2006 07:00,3,27,1,7,0,2.2,35.1667,0,3.81439e+07,5.62251e+06,4.28949e+08,6.11608e+07,38143900.0
03/27/2006 08:00,3,27,1,8,0,3.19167,34.8333,0,1.78192e+07,7.07648e+06,4.12739e+08,4.16462e+07,17819200.0
03/27/2006 09:00,3,27,1,9,0,4.54167,32.25,0,7.34006e+06,8.18031e+06,4.14279e+08,3.21091e+07,7340060.0
03/27/2006 10:00,3,27,1,10,0,5.64167,29.25,0,2.01258e+06,8.8783e+06,4.20297e+08,2.6715e+07,2012580.0
03/27/2006 11:00,3,27,1,11,0,6.45,26.8333,0,40174.1,1.07984e+07,4.48858e+08,2.54682e+07,40174.1
03/27/2006 12:00,3,27,1,12,0,7.34167,25.4167,0,0,9.70144e+06,4.30283e+08,2.85223e+07,0.0
03/27/2006 13:00,3,27,1,13,0,8.09167,24.4167,0,0,6.79001e+06,4.05342e+08,3.00139e+07,0.0
03/27/2006 14:00,3,27,1,14,0,8.94167,23.4167,0,0,9.75274e+06,4.37842e+08,2.91087e+07,0.0
03/27/2006 15:00,3,27,1,15,0,9.4,18.9167,0,0,1.08335e+07,4.51653e+08,2.21319e+07,0.0
03/27/2006 16:00,3,27,1,16,0,9.75,16,0,0,1.11893e+07,4.52813e+08,2.13772e+07,0.0
03/27/2006 17:00,3,27,1,17,0,10,17.75,0,0,1.13785e+07,4.46854e+08,2.24387e+07,0.0
03/27/2006 18:00,3,27,1,18,0,8.71667,30.0833,0,0,1.12894e+07,4.48425e+08,2.36126e+07,0.0
03/27/2006 19:00,3,27,1,19,0,6.80833,38.5833,0,0,1.11331e+07,4.93925e+08,2.56431e+07,0.0
03/27/2006 20:00,3,27,1,20,0,5.80833,37.8333,0,54445.9,9.84946e+06,4.57981e+08,2.35539e+07,54445.9
03/27/2006 21:00,3,27,1,21,0,5.25,37.5833,0,4.01415e+06,1.78832e+06,2.73511e+08,2.20305e+07,4014150.0
03/27/2006 22:00,3,27,1,22,0,5,39.1667,0,1.08472e+07,2.18578e+06,2.08515e+08,2.49828e+07,10847200.0
03/27/2006 23:00,3,27,1,23,0,5,42.3333,0,2.37187e+07,1.4947e+06,1.97272e+08,3.71617e+07,23718700.0
03/28/2006 00:00,3,28,2,0,0,5,45.1667,0,5.03553e+07,0,1.64591e+08,6.34845e+07,50355300.0
03/28/2006 01:00,3,28,2,1,0,5,44.8333,0,5.00757e+07,0,1.47279e+08,6.00312e+07,50075700.0
03/28/2006 02:00,3,28,2,2,0,5,52.1667,0,0,0,1.10337e+08,3.81425e+06,0.0
03/28/2006 03:00,3,28,2,3,0,4.65,63.25,0,1.13255e+08,0,1.08866e+08,1.19006e+08,113255000.0
03/28/2006 04:00,3,28,2,4,0,4.4,68.75,0,1.63578e+08,0,1.34232e+08,1.7336e+08,163578000.0
03/28/2006 05:00,3,28,2,5,0,4.4,70,0,0,14786.4,2.15779e+08,1.36136e+07,0.0
03/28/2006 06:00,3,28,2,6,0,4.10833,71.1667,0,5.73303e+07,3.96931e+06,4.07477e+08,7.75897e+07,57330300.0
03/28/2006 07:00,3,28,2,7,0,3.9,76.0833,0,1.18326e+07,8.86027e+06,4.53404e+08,3.47982e+07,11832600.0
03/28/2006 08:00,3,28,2,8,0,3.55,73.1667,0,5.69266e+06,8.88992e+06,4.24809e+08,2.94729e+07,5692660.0
03/28/2006 09:00,3,28,2,9,0,3.3,74.8333,0,2.91293e+06,9.31735e+06,4.15375e+08,2.77638e+07,2912930.0
03/28/2006 10:00,3,28,2,10,0,3.00833,82.5,0,5.54215e+06,9.65534e+06,4.14031e+08,3.0366e+07,5542150.0
03/28/2006 11:00,3,28,2,11,0,2.8,85,0,7.36512e+06,9.84105e+06,4.15725e+08,3.26955e+07,7365120.0
03/28/2006 12:00,3,28,2,12,0,2.8,89.0833,0,9.9474e+06,9.48316e+06,4.13978e+08,3.85081e+07,9947400.0
03/28/2006 13:00,3,28,2,13,0,2.8,94.3333,0,3.32226e+07,6.42837e+06,3.96842e+08,6.32176e+07,33222600.0
03/28/2006 14:00,3,28,2,14,0,3.09167,96.5833,0,1.7462e+07,9.43067e+06,4.10449e+08,4.661e+07,17462000.0
03/28/2006 15:00,3,28,2,15,0,3.3,94.0833,0,1.09461e+07,1.03067e+07,4.12645e+08,3.30591e+07,10946100.0
03/28/2006 16:00,3,28,2,16,0,3.3,94.9167,0,1.52308e+07,1.05428e+07,4.16198e+08,3.65594e+07,15230800.0
03/28/2006 17:00,3,28,2,17,0,3.3,94.0833,0,2.01368e+07,1.06684e+07,4.3284e+08,4.2527e+07,20136800.0
03/28/2006 18:00,3,28,2,18,0,3.65,92.5833,0,2.50633e+07,1.08156e+07,4.53937e+08,4.85452e+07,25063300.0
03/28/2006 19:00,3,28,2,19,0,3.55,92.4167,0,2.70241e+07,1.09e+07,4.86696e+08,5.20539e+07,27024100.0
03/28/2006 20:00,3,28,2,20,0,3.00833,94.3333,0,5.96959e+07,7.95515e+06,4.30971e+08,8.32728e+07,59695900.0
03/28/2006 21:00,3,28,2,21,0,2.8,96,0,1.54484e+08,1.60673e+06,2.82672e+08,1.72518e+08,154484000.0
03/28/2006 22:00,3,28,2,22,0,2.8,96,0,2.27605e+08,2.16954e+06,2.1356e+08,2.41738e+08,227605000.0
03/28/2006 23:00,3,28,2,23,0,2.8,96,0,2.21811e+08,0,1.91695e+08,2.35244e+08,221811000.0
03/29/2006 00:00,3,29,3,0,0,2.8,93.6667,0,2.60151e+08,0,1.65292e+08,2.73278e+08,260151000.0
03/29/2006 01:00,3,29,3,1,0,2.8,92,0,1.86628e+08,0,1.47506e+08,1.9658e+08,186628000.0
03/29/2006 02:00,3,29,3,2,0,2.8,94.3333,0,0,0,1.09101e+08,3.81697e+06,0.0
03/29/2006 03:00,3,29,3,3,0,2.8,96,0,2.6859e+08,0,1.12504e+08,2.75152e+08,268590000.0
03/29/2006 04:00,3,29,3,4,0,2.8,96,0,3.01747e+08,0,1.34245e+08,3.11541e+08,301747000.0
03/29/2006 05:00,3,29,3,5,0,2.8,96,0,0,30740.9,2.15795e+08,1.36521e+07,0.0
03/29/2006 06:00,3,29,3,6,0,3.09167,93.6667,0,1.45218e+08,3.48593e+06,4.06922e+08,1.65648e+08,145218000.0
03/29/2006 07:00,3,29,3,7,0,3.3,92,0,4.69877e+07,8.87727e+06,4.53865e+08,6.97341e+07,46987700.0
03/29/2006 08:00,3,29,3,8,0,3.00833,94.3333,0,4.12964e+07,8.82474e+06,4.297e+08,6.46321e+07,41296400.0
03/29/2006 09:00,3,29,3,9,0,3.44167,94.25,0,5.15468e+07,9.33268e+06,4.17015e+08,7.55134e+07,51546800.0
03/29/2006 10:00,3,29,3,10,0,4.19167,93,0,3.18138e+07,9.80232e+06,4.14161e+08,5.64785e+07,31813800.0
03/29/2006 11:00,3,29,3,11,0,5.1,88.3333,0,1.26536e+07,1.03231e+07,4.15007e+08,3.9338e+07,12653600.0
03/29/2006 12:00,3,29,3,12,0,5.89167,83.25,0,4.0946e+06,1.0203e+07,4.13852e+08,3.12854e+07,4094600.0
03/29/2006 13:00,3,29,3,13,0,6.1,84.3333,0,1.01299e+07,7.96372e+06,4.09116e+08,4.10291e+07,10129900.0
03/29/2006 14:00,3,29,3,14,0,6.1,86,0,854578,1.05832e+07,4.1694e+08,2.9434e+07,854578.0
03/29/2006 15:00,3,29,3,15,0,6.1,86,0,309899,1.33107e+07,4.49221e+08,2.26426e+07,309899.0
03/29/2006 16:00,3,29,3,16,0,6.1,87.75,0,2.0189e+06,1.35689e+07,4.52382e+08,2.32291e+07,2018900.0
03/29/2006 17:00,3,29,3,17,0,6.45,84.9167,0,2.81823e+06,1.37649e+07,4.66286e+08,2.51755e+07,2818230.0
03/29/2006 18:00,3,29,3,18,0,6.7,82,0,5.08042e+06,1.3881e+07,4.89153e+08,2.89282e+07,5080420.0
03/29/2006 19:00,3,29,3,19,0,6.7,82,0,8.86139e+06,1.18184e+07,4.87711e+08,3.44485e+07,8861390.0
03/29/2006 20:00,3,29,3,20,0,6.7,80.25,0,2.14908e+07,9.42758e+06,4.38146e+08,4.47042e+07,21490800.0
03/29/2006 21:00,3,29,3,21,0,6.35,83.0833,0,7.25069e+07,1.80245e+06,2.70761e+08,8.94477e+07,72506900.0
03/29/2006 22:00,3,29,3,22,0,6.1,81.9167,0,1.17771e+08,1.83464e+06,2.11827e+08,1.32867e+08,117771000.0
03/29/2006 23:00,3,29,3,23,0,5.80833,80.75,0,1.1519e+08,0,1.90686e+08,1.28623e+08,115190000.0
03/30/2006 00:00,3,30,4,0,0,5.25,84.3333,0,1.51798e+08,0,1.64723e+08,1.64885e+08,151798000.0
03/30/2006 01:00,3,30,4,1,0,5,86,0,1.14518e+08,0,1.4538e+08,1.2445e+08,114518000.0
03/30/2006 02:00,3,30,4,2,0,4.65,86,0,0,0,1.092e+08,3.52649e+06,0.0
03/30/2006 03:00,3,30,4,3,0,4.10833,87.75,0,2.18142e+08,0,1.13526e+08,2.23878e+08,218142000.0
03/30/2006 04:00,3,30,4,4,0,4.19167,89,0,2.18101e+08,0,1.3152e+08,2.27879e+08,218101000.0
03/30/2006 05:00,3,30,4,5,0,3.75833,93.6667,0,0,13340.6,2.15778e+08,1.36006e+07,0.0
03/30/2006 06:00,3,30,4,6,0,3.00833,96.4167,0,8.69905e+07,3.67543e+06,4.0677e+08,1.07245e+08,86990500.0
03/30/2006 07:00,3,30,4,7,0,3.09167,96.5833,0,1.08361e+07,8.9855e+06,4.37578e+08,3.37283e+07,10836100.0
03/30/2006 08:00,3,30,4,8,0,5.28333,90,0,638426,9.77565e+06,4.20185e+08,2.43188e+07,638426.0
03/30/2006 09:00,3,30,4,9,0,6.99167,85.5833,0,37045.3,1.23521e+07,4.47463e+08,2.47288e+07,37045.3
03/30/2006 10:00,3,30,4,10,0,9.18333,75.5,0,0,1.1831e+07,4.22636e+08,2.46107e+07,0.0
03/30/2006 11:00,3,30,4,11,0,11.5333,63.9167,0,0,1.24714e+07,4.22799e+08,2.52741e+07,0.0
03/30/2006 12:00,3,30,4,12,0,12.2,63.9167,0,0,1.22333e+07,4.22101e+08,2.85122e+07,0.0
03/30/2006 13:00,3,30,4,13,0,12.55,64.8333,0,0,9.43674e+06,4.03707e+08,2.99506e+07,0.0
03/30/2006 14:00,3,30,4,14,0,13.0917,62.8333,0,0,1.24119e+07,4.28308e+08,2.91022e+07,0.0
03/30/2006 15:00,3,30,4,15,0,13.0083,62,0,0,1.32712e+07,4.29423e+08,2.20549e+07,0.0
03/30/2006 16:00,3,30,4,16,0,12.8,63.1667,0,0,1.34058e+07,4.30168e+08,2.12555e+07,0.0
03/30/2006 17:00,3,30,4,17,0,12.8,62.8333,0,0,1.35056e+07,4.43255e+08,2.23187e+07,0.0
03/30/2006 18:00,3,30,4,18,0,12.45,64.3333,0,0,1.35079e+07,4.56493e+08,2.34102e+07,0.0
03/30/2006 19:00,3,30,4,19,0,11.2667,68.9167,0,0,1.33821e+07,4.99729e+08,2.45622e+07,0.0
03/30/2006 20:00,3,30,4,20,0,10.25,74.5,0,0,1.04846e+07,4.37775e+08,2.35802e+07,0.0
03/30/2006 21:00,3,30,4,21,0,9.00833,84.5833,0,2.36625e+06,2.86705e+06,2.72135e+08,2.03916e+07,2366250.0
03/30/2006 22:00,3,30,4,22,0,8.65,85.9167,0,9.95597e+06,3.34684e+06,2.11659e+08,2.40736e+07,9955970.0
03/30/2006 23:00,3,30,4,23,0,8.55,84.75,0,1.43426e+07,737537,1.8862e+08,2.77674e+07,14342600.0
03/31/2006 00:00,3,31,5,0,0,8.00833,87.75,0,3.20818e+07,2.10081e+06,1.6757e+08,4.52113e+07,32081800.0
03/31/2006 01:00,3,31,5,1,0,7.15833,91.3333,0,4.40392e+07,0,1.51205e+08,5.40004e+07,44039200.0
03/31/2006 02:00,3,31,5,2,0,6.35,93,0,0,0,1.10436e+08,3.81385e+06,0.0
03/31/2006 03:00,3,31,5,3,0,6.1,90.6667,0,1.14615e+08,0,1.08935e+08,1.20461e+08,114615000.0
03/31/2006 04:00,3,31,5,4,0,6.1,91.3333,0,1.50948e+08,0,1.33962e+08,1.60716e+08,150948000.0
03/31/2006 05:00,3,31,5,5,0,6.74167,88.9167,0,0,0,2.15764e+08,1.35834e+07,0.0
03/31/2006 06:00,3,31,5,6,0,7.2,86,0,3.94355e+07,5.36157e+06,4.09178e+08,5.95747e+07,39435500.0
03/31/2006 07:00,3,31,5,7,0,7.2,83.6667,0,154839,1.03784e+07,4.42438e+08,2.29859e+07,154839.0
03/31/2006 08:00,3,31,5,8,0,8.19167,79.0833,0,0,1.1862e+07,4.43365e+08,2.362e+07,0.0
03/31/2006 09:00,3,31,5,9,0,9.89167,73.5,0,0,1.18611e+07,4.3394e+08,2.4674e+07,0.0
03/31/2006 10:00,3,31,5,10,0,11.8833,66.9167,0,0,1.2787e+07,4.45284e+08,2.51778e+07,0.0
03/31/2006 11:00,3,31,5,11,0,13.4417,62.8333,0,0,1.34623e+07,4.55504e+08,2.52301e+07,0.0
03/31/2006 12:00,3,31,5,12,0,14.8917,57.9167,0,0,2.37448e+07,4.92867e+08,2.84851e+07,0.0
03/31/2006 13:00,3,31,5,13,0,16.2417,53.25,0,0,5.57761e+07,5.06276e+08,2.99325e+07,0.0
03/31/2006 14:00,3,31,5,14,0,16.9917,49.6667,0,0,8.67521e+07,5.73363e+08,2.90814e+07,0.0
03/31/2006 15:00,3,31,5,15,0,16.9083,50.3333,0,0,1.06809e+08,6.07543e+08,2.20912e+07,0.0
03/31/2006 16:00,3,31,5,16,0,16.9917,49.6667,0,0,9.74809e+07,5.99153e+08,2.12088e+07,0.0
03/31/2006 17:00,3,31,5,17,0,16.5583,52.6667,0,0,8.4164e+07,5.70674e+08,2.22604e+07,0.0
03/31/2006 18:00,3,31,5,18,0,15.1083,55.4167,0,1159.84,2.89608e+07,5.1821e+08,2.33565e+07,1159.84
03/31/2006 19:00,3,31,5,19,0,13.7583,56.1667,0,0,1.44927e+07,5.16212e+08,2.43522e+07,0.0
03/31/2006 20:00,3,31,5,20,0,12.6583,57,0,0,1.11749e+07,4.44374e+08,2.29037e+07,0.0
03/31/2006 21:00,3,31,5,21,0,11.2667,63.4167,0,0,3.54189e+06,2.73909e+08,1.80575e+07,0.0
03/31/2006 22:00,3,31,5,22,0,10.3667,71.5,0,1.13571e+06,2.43976e+06,2.09921e+08,1.55785e+07,1135710.0
03/31/2006 23:00,3,31,5,23,0,9.96667,74,0,3.01796e+06,2.37663e+06,1.94202e+08,1.70831e+07,3017960.0
04/01/2006 00:00,4,1,6,0,0,9.56667,79.25,0,6.70062e+06,1.59752e+06,1.64509e+08,1.89195e+07,6700620.0
04/01/2006 01:00,4,1,6,1,0,9.16667,81.25,0,0,0,9.03651e+07,1.54078e+06,0.0
04/01/2006 02:00,4,1,6,2,0,8.76667,77.0833,0,0,0,8.94821e+07,0,0.0
04/01/2006 03:00,4,1,6,3,0,8.36667,72.6667,0,0,0,8.5113e+07,1.54049e+06,0.0
04/01/2006 04:00,4,1,6,4,0,7.96667,72.1667,0,0,0,8.83731e+07,0,0.0
04/01/2006 05:00,4,1,6,5,0,7.45,77.0833,0,0,0,9.58177e+07,9.20624e+06,0.0
04/01/2006 06:00,4,1,6,6,0,7.2,80,0,4.47539e+07,0,1.29074e+08,5.47047e+07,44753900.0
04/01/2006 07:00,4,1,6,7,0,6.90833,81.1667,0,6.33689e+07,98006.2,1.4074e+08,7.38698e+07,63368900.0
04/01/2006 08:00,4,1,6,8,0,6.99167,80.8333,0,4.71965e+07,0,1.72461e+08,6.07967e+07,47196500.0
04/01/2006 09:00,4,1,6,9,0,7.55,75.9167,0,1.70535e+07,0,1.8145e+08,3.35506e+07,17053500.0
04/01/2006 10:00,4,1,6,10,0,8.09167,70.0833,0,4.32716e+06,0,1.71895e+08,1.85797e+07,4327160.0
04/01/2006 11:00,4,1,6,11,0,8.65,66.8333,0,4.42515e+06,0,1.59608e+08,2.16887e+07,4425150.0
04/01/2006 12:00,4,1,6,12,0,8.9,66,0,1.68162e+07,0,1.36804e+08,3.14552e+07,16816200.0
04/01/2006 13:00,4,1,6,13,0,8.55,70.6667,0,1.23364e+07,0,1.07601e+08,2.82982e+07,12336400.0
04/01/2006 14:00,4,1,6,14,0,8.3,74,0,1.1337e+07,0,1.00844e+08,2.45907e+07,11337000.0
04/01/2006 15:00,4,1,6,15,0,8.3,75.1667,0,6.93468e+06,0,9.83708e+07,1.90594e+07,6934680.0
04/01/2006 16:00,4,1,6,16,0,8.3,80.0833,0,6.50562e+06,0,8.94683e+07,1.80475e+07,6505620.0
04/01/2006 17:00,4,1,6,17,0,8.00833,84.75,0,0,0,7.36882e+07,1.00613e+07,0.0
04/01/2006 18:00,4,1,6,18,0,7.8,86,0,0,0,6.40174e+07,9.63482e+06,0.0
04/01/2006 19:00,4,1,6,19,0,7.8,81.9167,0,0,0,8.7607e+07,7.28357e+06,0.0
04/01/2006 20:00,4,1,6,20,0,8.09167,77.25,0,0,0,9.18554e+07,0,0.0
04/01/2006 21:00,4,1,6,21,0,7.65833,79.5,0,0,0,9.18554e+07,0,0.0
04/01/2006 22:00,4,1,6,22,0,7.55,80.25,0,0,0,9.18554e+07,1.54074e+06,0.0
04/01/2006 23:00,4,1,6,23,0,7.8,79,0,0,0,9.18554e+07,0,0.0
04/02/2006 00:00,4,2,0,0,0,7.15833,79,0,0,0,7.85527e+07,0,0.0
04/02/2006 01:00,4,2,0,1,0,6.7,77.25,0,0,0,7.85527e+07,1.54076e+06,0.0
04/02/2006 02:00,4,2,0,2,0,6.7,67.8333,0,0,0,7.85527e+07,0,0.0
04/02/2006 03:00,4,2,0,3,0,6.35,63.75,0,0,0,7.85527e+07,0,0.0
04/02/2006 04:00,4,2,0,4,0,6.1,65,0,0,0,7.85621e+07,1.18736e+07,0.0
04/02/2006 05:00,4,2,0,5,0,6.45,61.5,0,0,0,8.03666e+07,7.53265e+06,0.0
04/02/2006 06:00,4,2,0,6,0,6.7,59,0,0,0,9.17621e+07,9.22395e+06,0.0
04/02/2006 07:00,4,2,0,7,0,6.99167,57.8333,0,0,0,5.88082e+07,7.58742e+06,0.0
04/02/2006 08:00,4,2,0,8,0,7.55,54.6667,0,0,0,5.79579e+07,9.52914e+06,0.0
04/02/2006 09:00,4,2,0,9,0,8.09167,51.8333,0,0,0,5.77462e+07,7.6243e+06,0.0
04/02/2006 10:00,4,2,0,10,0,8.94167,48.6667,0,0,0,5.76885e+07,9.59747e+06,0.0
04/02/2006 11:00,4,2,0,11,0,9.75,44.6667,0,0,0,5.76885e+07,9.22966e+06,0.0
04/02/2006 12:00,4,2,0,12,0,10.9917,41.8333,0,0,0,6.36263e+07,9.10247e+06,0.0
04/02/2006 13:00,4,2,0,13,0,11.9917,38.6667,0,0,0,7.52706e+07,1.13335e+07,0.0
04/02/2006 14:00,4,2,0,14,0,12.55,34.6667,0,0,0,7.60294e+07,8.39353e+06,0.0
04/02/2006 15:00,4,2,0,15,0,13.0917,32.4167,0,0,185657,7.68028e+07,8.97654e+06,0.0
04/02/2006 16:00,4,2,0,16,0,13.65,30.8333,0,0,182844,7.92519e+07,8.41008e+06,0.0
04/02/2006 17:00,4,2,0,17,0,13.9,29.4167,0,0,1.54282e+06,1.02645e+08,8.56677e+06,0.0
04/02/2006 18:00,4,2,0,18,0,12.9083,31.3333,0,0,0,7.01202e+07,7.37163e+06,0.0
04/02/2006 19:00,4,2,0,19,0,10.9167,35.9167,0,0,0,8.10107e+07,1.8243e+06,0.0
04/02/2006 20:00,4,2,0,20,0,9.65,39.75,0,0,0,9.18554e+07,1.54078e+06,0.0
04/02/2006 21:00,4,2,0,21,0,8.75833,50.9167,0,0,0,9.18554e+07,0,0.0
04/02/2006 22:00,4,2,0,22,0,8.00833,58,0,0,0,9.18554e+07,0,0.0
04/02/2006 23:00,4,2,0,23,0,7.45,60.9167,0,0,0,9.18554e+07,1.54045e+06,0.0
04/03/2006 00:00,4,3,1,0,0,5.91667,70.5833,0,0,0,7.85527e+07,0,0.0
04/03/2006 01:00,4,3,1,1,0,5.35,74.25,0,2.25029e+08,0,1.4498e+08,2.3946e+08,225029000.0
04/03/2006 02:00,4,3,1,2,0,5.25,80.5833,0,0,0,9.9572e+07,3.54609e+06,0.0
04/03/2006 03:00,4,3,1,3,0,5,81.9167,0,1.96663e+08,0,1.09586e+08,2.02972e+08,196663000.0
04/03/2006 04:00,4,3,1,4,0,4.65,81.3333,0,2.25127e+08,0,1.33819e+08,2.34696e+08,225127000.0
04/03/2006 05:00,4,3,1,5,0,3.75833,84.1667,0,27674.8,0,2.15764e+08,1.39361e+07,27674.8
04/03/2006 06:00,4,3,1,6,0,3.94167,85.5833,0,9.01247e+07,1.06472e+06,3.93397e+08,1.09922e+08,90124700.0
04/03/2006 07:00,4,3,1,7,0,4.75,86,0,4.14684e+06,6.57196e+06,4.18986e+08,2.67272e+07,4146840.0
04/03/2006 08:00,4,3,1,8,0,6.28333,76.6667,0,362715,8.71026e+06,4.17081e+08,2.35481e+07,362715.0
04/03/2006 09:00,4,3,1,9,0,8.48333,63.5833,0,0,1.0686e+07,4.37469e+08,2.38138e+07,0.0
04/03/2006 10:00,4,3,1,10,0,10.3917,54.9167,0,0,1.07779e+07,4.33149e+08,2.45129e+07,0.0
04/03/2006 11:00,4,3,1,11,0,12.0917,51.4167,0,0,1.14085e+07,4.39366e+08,2.64722e+07,0.0
04/03/2006 12:00,4,3,1,12,0,13.7333,48.0833,0,0,1.19532e+07,4.43e+08,2.71224e+07,0.0
04/03/2006 13:00,4,3,1,13,0,15.1,40.75,0,0,1.66464e+07,4.5489e+08,2.98493e+07,0.0
04/03/2006 14:00,4,3,1,14,0,15.6,37,0,0,3.98179e+07,5.13719e+08,2.89698e+07,0.0
04/03/2006 15:00,4,3,1,15,0,15.8917,37.5833,0,0,5.97426e+07,5.53344e+08,2.19076e+07,0.0
04/03/2006 16:00,4,3,1,16,0,15.8083,36.8333,0,0,6.11328e+07,5.61574e+08,2.11297e+07,0.0
04/03/2006 17:00,4,3,1,17,0,14.6083,45.9167,0,0,2.28047e+07,4.95576e+08,2.21965e+07,0.0
04/03/2006 18:00,4,3,1,18,0,12.9083,59.4167,0,0,1.32743e+07,4.58572e+08,2.32921e+07,0.0
04/03/2006 19:00,4,3,1,19,0,11.5583,68.0833,0,0,1.32135e+07,5.05868e+08,2.47862e+07,0.0
04/03/2006 20:00,4,3,1,20,0,10.8083,74.5,0,0,1.04908e+07,4.41561e+08,2.33396e+07,0.0
04/03/2006 21:00,4,3,1,21,0,9.60833,80.5,0,0,2.94876e+06,2.72234e+08,1.79398e+07,0.0
04/03/2006 22:00,4,3,1,22,0,9.54167,83,0,469934,3.52151e+06,2.11622e+08,1.4539e+07,469934.0
04/03/2006 23:00,4,3,1,23,0,10,84.75,0,2.5596e+06,3.01777e+06,1.96291e+08,1.5953e+07,2559600.0
04/04/2006 00:00,4,4,2,0,0,9.65,77.25,0,1.12318e+07,0,1.59026e+08,2.4314e+07,11231800.0
04/04/2006 01:00,4,4,2,1,0,9.4,71,0,2.06227e+07,0,1.48477e+08,3.05653e+07,20622700.0
04/04/2006 02:00,4,4,2,2,0,9.10833,71,0,0,0,1.10415e+08,3.81162e+06,0.0
04/04/2006 03:00,4,4,2,3,0,8.55,71,0,6.35599e+07,0,1.08642e+08,6.93075e+07,63559900.0
04/04/2006 04:00,4,4,2,4,0,8.00833,73.9167,0,1.03854e+08,0,1.33873e+08,1.13625e+08,103854000.0
04/04/2006 05:00,4,4,2,5,0,7.8,74.25,0,0,0,2.15764e+08,1.3553e+07,0.0
04/04/2006 06:00,4,4,2,6,0,7.8,71.8333,0,3.47341e+07,5.73368e+06,4.0204e+08,5.48403e+07,34734100.0
04/04/2006 07:00,4,4,2,7,0,7.8,69.25,0,683046,9.79689e+06,4.26089e+08,2.33475e+07,683046.0
04/04/2006 08:00,4,4,2,8,0,8.09167,65.0833,0,33868.9,1.05801e+07,4.17716e+08,2.3477e+07,33868.9
04/04/2006 09:00,4,4,2,9,0,8.94167,60.6667,0,0,1.12134e+07,4.18559e+08,2.44634e+07,0.0
04/04/2006 10:00,4,4,2,10,0,10.7417,50.25,0,0,1.20624e+07,4.42123e+08,2.4679e+07,0.0
04/04/2006 11:00,4,4,2,11,0,12.3417,41.0833,0,0,1.26888e+07,4.55363e+08,2.51072e+07,0.0
04/04/2006 12:00,4,4,2,12,0,13.4417,35.5,0,0,1.24889e+07,4.5139e+08,2.83812e+07,0.0
04/04/2006 13:00,4,4,2,13,0,14.5417,33,0,0,1.33867e+07,4.57701e+08,2.98368e+07,0.0
04/04/2006 14:00,4,4,2,14,0,15,30.0833,0,0,2.84827e+07,5.20435e+08,2.89818e+07,0.0
04/04/2006 15:00,4,4,2,15,0,15.35,29.1667,0,0,4.95903e+07,5.6708e+08,2.20486e+07,0.0
04/04/2006 16:00,4,4,2,16,0,15.25,30,0,0,5.01802e+07,5.75348e+08,2.10655e+07,0.0
04/04/2006 17:00,4,4,2,17,0,15,31.75,0,0,3.46014e+07,5.40904e+08,2.21001e+07,0.0
04/04/2006 18:00,4,4,2,18,0,14.0083,34.1667,0,0,1.52504e+07,4.8843e+08,2.32007e+07,0.0
04/04/2006 19:00,4,4,2,19,0,12.0167,37.9167,0,0,1.31481e+07,5.15458e+08,2.41994e+07,0.0
04/04/2006 20:00,4,4,2,20,0,11.45,40.5833,0,0,1.04938e+07,4.4574e+08,2.25861e+07,0.0
04/04/2006 21:00,4,4,2,21,0,11.0583,46.25,0,0,3.40407e+06,2.74787e+08,1.72732e+07,0.0
04/04/2006 22:00,4,4,2,22,0,10.25,47.0833,0,203042,2.43691e+06,2.10704e+08,1.56843e+07,203042.0
04/04/2006 23:00,4,4,2,23,0,9.65,50.25,0,1.24358e+06,2.8323e+06,1.95383e+08,1.51851e+07,1243580.0
04/05/2006 00:00,4,5,3,0,0,8.75833,60.4167,0,4.18395e+06,2.49704e+06,1.67391e+08,1.6247e+07,4183950.0
04/05/2006 01:00,4,5,3,1,0,7.36667,73.1667,0,6.11829e+06,435330,1.49074e+08,1.59842e+07,6118290.0
04/05/2006 02:00,4,5,3,2,0,6.05833,79,0,0,0,1.10651e+08,3.1784e+06,0.0
04/05/2006 03:00,4,5,3,3,0,6.24167,73.75,0,4.7592e+07,0,1.08357e+08,5.36283e+07,47592000.0
04/05/2006 04:00,4,5,3,4,0,6.35,67.0833,0,5.97626e+07,0,1.31641e+08,6.95284e+07,59762600.0
04/05/2006 05:00,4,5,3,5,0,5.45833,74.9167,0,0,14777,2.15779e+08,1.35426e+07,0.0
04/05/2006 06:00,4,5,3,6,0,5.35,80.25,0,1.8512e+07,4.91839e+06,4.00672e+08,3.8461e+07,18512000.0
04/05/2006 07:00,4,5,3,7,0,6.24167,73.75,0,40210.1,1.02156e+07,4.39365e+08,2.26333e+07,40210.1
04/05/2006 08:00,4,5,3,8,0,7.98333,63,0,0,1.15123e+07,4.49718e+08,2.33683e+07,0.0
04/05/2006 09:00,4,5,3,9,0,10.1833,55.6667,0,0,1.19451e+07,4.59712e+08,2.43723e+07,0.0
04/05/2006 10:00,4,5,3,10,0,11.7417,51.6667,0,0,1.2697e+07,4.73674e+08,2.56401e+07,0.0
04/05/2006 11:00,4,5,3,11,0,13.4833,47.6667,0,0,1.37542e+07,4.8845e+08,2.50583e+07,0.0
04/05/2006 12:00,4,5,3,12,0,15.1,40.1667,0,0,3.30228e+07,5.27555e+08,2.73373e+07,0.0
04/05/2006 13:00,4,5,3,13,0,15.8917,35.4167,0,0,4.78549e+07,5.1328e+08,3.07303e+07,0.0
04/05/2006 14:00,4,5,3,14,0,16.45,33.25,0,0,9.37067e+07,6.07701e+08,2.83299e+07,0.0
04/05/2006 15:00,4,5,3,15,0,16.9917,33.1667,0,0,1.26941e+08,6.72197e+08,2.19354e+07,0.0
04/05/2006 16:00,4,5,3,16,0,17.55,34,0,0,1.51462e+08,7.01552e+08,2.09909e+07,0.0
04/05/2006 17:00,4,5,3,17,0,17.8,32.8333,0,0,1.5113e+08,6.86618e+08,2.21156e+07,0.0
04/05/2006 18:00,4,5,3,18,0,16.8083,37.8333,0,0,1.02178e+08,6.24355e+08,2.35482e+07,0.0
04/05/2006 19:00,4,5,3,19,0,15.1083,48.4167,0,0,3.45845e+07,5.83672e+08,2.45733e+07,0.0
04/05/2006 20:00,4,5,3,20,0,13.7583,51.8333,0,0,1.18879e+07,4.59185e+08,2.27792e+07,0.0
04/05/2006 21:00,4,5,3,21,0,13.0083,51,0,0,4.03089e+06,2.75686e+08,1.63407e+07,0.0
04/05/2006 22:00,4,5,3,22,0,12.1583,52.75,0,45488.2,3.48628e+06,2.12298e+08,1.60854e+07,45488.2
04/05/2006 23:00,4,5,3,23,0,11.35,55.75,0,280644,3.05681e+06,1.9592e+08,1.36602e+07,280644.0
04/06/2006 00:00,4,6,4,0,0,10.8083,59.3333,0,2.10105e+06,2.21073e+06,1.66956e+08,1.51322e+07,2101050.0
04/06/2006 01:00,4,6,4,1,0,10.6,63.3333,0,3.21087e+06,0,1.44463e+08,1.31032e+07,3210870.0
04/06/2006 02:00,4,6,4,2,0,10.6,65,0,0,0,1.11786e+08,1.90346e+06,0.0
04/06/2006 03:00,4,6,4,3,0,10.6,65,0,2.7881e+07,0,1.10445e+08,3.48816e+07,27881000.0
04/06/2006 04:00,4,6,4,4,0,10.25,66.75,0,4.81123e+07,0,1.33572e+08,5.7903e+07,48112300.0
04/06/2006 05:00,4,6,4,5,0,10,68,0,0,0,2.15764e+08,1.35327e+07,0.0
04/06/2006 06:00,4,6,4,6,0,10,68,0,1.22781e+07,6.44336e+06,4.04895e+08,3.24064e+07,12278100.0
04/06/2006 07:00,4,6,4,7,0,10.35,66.25,0,0,1.04777e+07,4.38236e+08,2.26062e+07,0.0
04/06/2006 08:00,4,6,4,8,0,10.8917,67.3333,0,0,1.15325e+07,4.21763e+08,2.33557e+07,0.0
04/06/2006 09:00,4,6,4,9,0,12.0917,66.0833,0,0,1.24136e+07,4.23832e+08,2.3911e+07,0.0
04/06/2006 10:00,4,6,4,10,0,13.4417,66.9167,0,0,1.31737e+07,4.30026e+08,2.43894e+07,0.0
04/06/2006 11:00,4,6,4,11,0,14.8917,64.9167,0,0,2.58807e+07,4.80818e+08,2.50532e+07,0.0
04/06/2006 12:00,4,6,4,12,0,14.6083,72.5,0,0,1.93354e+07,4.65428e+08,2.83285e+07,0.0
04/06/2006 13:00,4,6,4,13,0,13.9,84.0833,0,0,1.20301e+07,4.30081e+08,2.9784e+07,0.0
04/06/2006 14:00,4,6,4,14,0,14.8917,88.75,0,0,2.19336e+07,4.71643e+08,2.89282e+07,0.0
04/06/2006 15:00,4,6,4,15,0,16.8833,84.1667,0,0,7.68865e+07,5.43255e+08,2.19632e+07,0.0
04/06/2006 16:00,4,6,4,16,0,19.0833,77.6667,0,0,1.48757e+08,6.29847e+08,2.09916e+07,0.0
04/06/2006 17:00,4,6,4,17,0,20.6417,70.1667,0,0,1.57852e+08,6.49745e+08,2.2031e+07,0.0
04/06/2006 18:00,4,6,4,18,0,20.8083,68.3333,0,0,1.57894e+08,6.59622e+08,2.3133e+07,0.0
04/06/2006 19:00,4,6,4,19,0,20.25,71.75,0,0,1.57854e+08,7.0154e+08,2.41327e+07,0.0
04/06/2006 20:00,4,6,4,20,0,18.3667,79.4167,0,0,1.09904e+08,5.88043e+08,2.25116e+07,0.0
04/06/2006 21:00,4,6,4,21,0,17.55,81.6667,0,0,4.97656e+07,3.54219e+08,1.72349e+07,0.0
04/06/2006 22:00,4,6,4,22,0,16.8083,84.0833,0,0,3.02979e+07,2.68436e+08,1.53542e+07,0.0
04/06/2006 23:00,4,6,4,23,0,16.45,86.4167,0,0,1.88451e+07,2.34883e+08,1.38723e+07,0.0
04/07/2006 00:00,4,7,5,0,0,15.7083,90.0833,0,355275,1.16322e+07,2.02128e+08,1.234e+07,355275.0
04/07/2006 01:00,4,7,5,1,0,15,93,0,469062,1.40243e+06,1.6522e+08,1.02545e+07,469062.0
04/07/2006 02:00,4,7,5,2,0,14.65,95.3333,0,0,0,1.12935e+08,3.44474e+06,0.0
04/07/2006 03:00,4,7,5,3,0,14.4,94.6667,0,4.71107e+06,0,1.04973e+08,1.07011e+07,4711070.0
04/07/2006 04:00,4,7,5,4,0,14.1083,94.75,0,1.09159e+07,0,1.27066e+08,2.06924e+07,10915900.0
04/07/2006 05:00,4,7,5,5,0,13.55,98.3333,0,0,0,2.15764e+08,1.35267e+07,0.0
04/07/2006 06:00,4,7,5,6,0,13.3,98.25,0,163932,8.99133e+06,4.003e+08,2.00925e+07,163932.0
04/07/2006 07:00,4,7,5,7,0,14.2917,94.6667,0,0,1.56761e+07,4.5993e+08,2.25025e+07,0.0
04/07/2006 08:00,4,7,5,8,0,15,93,0,0,1.97346e+07,4.71137e+08,2.32823e+07,0.0
04/07/2006 09:00,4,7,5,9,0,16.6333,89.5,0,0,8.37312e+07,5.49318e+08,2.42635e+07,0.0
04/07/2006 10:00,4,7,5,10,0,18.4417,80,0,0,1.49709e+08,6.3214e+08,2.54105e+07,0.0
04/07/2006 11:00,4,7,5,11,0,18.2583,73.8333,0,0,1.21861e+08,5.95011e+08,2.49926e+07,0.0
04/07/2006 12:00,4,7,5,12,0,18.0917,68.3333,0,0,1.09488e+08,5.75856e+08,2.71724e+07,0.0
04/07/2006 13:00,4,7,5,13,0,18.9417,65.5833,0,0,1.14565e+08,5.60997e+08,3.07752e+07,0.0
04/07/2006 14:00,4,7,5,14,0,17.825,69.5,0,0,1.11774e+08,5.85199e+08,2.787e+07,0.0
04/07/2006 15:00,4,7,5,15,0,15.0667,73.1667,0,0,3.49924e+07,5.00491e+08,2.18817e+07,0.0
04/07/2006 16:00,4,7,5,16,0,12.9083,74,0,0,1.44711e+07,4.45029e+08,2.09127e+07,0.0
04/07/2006 17:00,4,7,5,17,0,11.5583,74,0,0,1.39911e+07,4.52562e+08,2.20155e+07,0.0
04/07/2006 18:00,4,7,5,18,0,10.8083,74,0,0,1.3699e+07,4.68971e+08,2.34228e+07,0.0
04/07/2006 19:00,4,7,5,19,0,9.9,77.5,0,0,1.35157e+07,4.95722e+08,2.50224e+07,0.0
04/07/2006 20:00,4,7,5,20,0,9.10833,80,0,0,1.06136e+07,4.39553e+08,2.27848e+07,0.0
04/07/2006 21:00,4,7,5,21,0,8.9,80,0,802805,3.10713e+06,2.73274e+08,1.71473e+07,802805.0
04/07/2006 22:00,4,7,5,22,0,8.95833,80.5833,0,4.45548e+06,2.503e+06,2.09935e+08,1.98729e+07,4455480.0
04/07/2006 23:00,4,7,5,23,0,8.59167,86.25,0,9.36887e+06,2.46485e+06,1.95123e+08,2.27352e+07,9368870.0
04/08/2006 00:00,4,8,6,0,0,8.3,87.6667,0,1.95361e+07,1.6199e+06,1.6453e+08,3.25551e+07,19536100.0
04/08/2006 01:00,4,8,6,1,0,8.3,86,0,0,0,8.80137e+07,0,0.0
04/08/2006 02:00,4,8,6,2,0,8.00833,87.75,0,0,0,8.95702e+07,0,0.0
04/08/2006 03:00,4,8,6,3,0,7.8,89,0,0,0,8.81731e+07,1.54077e+06,0.0
04/08/2006 04:00,4,8,6,4,0,7.45,93.6667,0,0,0,8.34654e+07,0,0.0
04/08/2006 05:00,4,8,6,5,0,7.2,97,0,0,0,9.34994e+07,8.66934e+06,0.0
04/08/2006 06:00,4,8,6,6,0,7.55,94.6667,0,1.1085e+08,0,1.25061e+08,1.20751e+08,110850000.0
04/08/2006 07:00,4,8,6,7,0,7.8,94.75,0,9.58876e+07,104051,1.40856e+08,1.08434e+08,95887600.0
04/08/2006 08:00,4,8,6,8,0,7.8,98.3333,0,6.02287e+07,0,1.72472e+08,7.35622e+07,60228700.0
04/08/2006 09:00,4,8,6,9,0,8.09167,98.25,0,2.57132e+07,0,1.81458e+08,3.9953e+07,25713200.0
04/08/2006 10:00,4,8,6,10,0,8.94167,94.6667,0,6.57368e+06,0,1.71935e+08,2.29148e+07,6573680.0
04/08/2006 11:00,4,8,6,11,0,10.1,88.9167,0,1.47943e+06,0,1.59605e+08,1.63872e+07,1479430.0
04/08/2006 12:00,4,8,6,12,0,11.2417,84.25,0,156058,0,1.38554e+08,1.67625e+07,156058.0
04/08/2006 13:00,4,8,6,13,0,12.9833,77.75,0,0,121875,1.16775e+08,1.38735e+07,0.0
04/08/2006 14:00,4,8,6,14,0,14.8917,69.9167,0,0,6.28788e+06,1.42906e+08,1.31993e+07,0.0
04/08/2006 15:00,4,8,6,15,0,16.8833,64.6667,0,0,3.08954e+07,1.79237e+08,1.28943e+07,0.0
04/08/2006 16:00,4,8,6,16,0,19.0833,59.5,0,0,5.37113e+07,1.95259e+08,1.21258e+07,0.0
04/08/2006 17:00,4,8,6,17,0,20.35,57,0,0,7.5574e+07,2.01379e+08,1.05864e+07,0.0
04/08/2006 18:00,4,8,6,18,0,20.25,58.1667,0,0,5.51968e+07,1.68256e+08,7.70686e+06,0.0
04/08/2006 19:00,4,8,6,19,0,18.7167,63.6667,0,0,4.20864e+07,1.69946e+08,7.42785e+06,0.0
04/08/2006 20:00,4,8,6,20,0,16.8083,69.9167,0,0,9.53479e+06,1.33122e+08,0,0.0
04/08/2006 21:00,4,8,6,21,0,15.4583,73.75,0,0,2.22712e+06,1.18152e+08,0,0.0
04/08/2006 22:00,4,8,6,22,0,14.3583,79.6667,0,0,0,9.44103e+07,1.54054e+06,0.0
04/08/2006 23:00,4,8,6,23,0,13.9,83,0,0,0,9.64919e+07,0,0.0
04/09/2006 00:00,4,9,0,0,0,13.375,85.9167,0,0,0,8.56386e+07,1.54053e+06,0.0
04/09/2006 01:00,4,9,0,1,0,12.8833,85.0833,0,0,0,7.85527e+07,0,0.0
04/09/2006 02:00,4,9,0,2,0,12.45,87.0833,0,0,0,8.10104e+07,0,0.0
04/09/2006 03:00,4,9,0,3,0,12.55,87.6667,0,0,0,8.31893e+07,1.54047e+06,0.0
04/09/2006 04:00,4,9,0,4,0,12.45,88.3333,0,0,0,7.85621e+07,1.14432e+07,0.0
04/09/2006 05:00,4,9,0,5,0,12.2,91.75,0,0,0,8.03666e+07,7.4019e+06,0.0
04/09/2006 06:00,4,9,0,6,0,12.2,93,0,0,0,9.23636e+07,7.49342e+06,0.0
04/09/2006 07:00,4,9,0,7,0,12.8417,91.25,0,0,0,5.81968e+07,9.47908e+06,0.0
04/09/2006 08:00,4,9,0,8,0,14.2917,85.9167,0,0,1.53991e+06,9.35511e+07,7.62183e+06,0.0
04/09/2006 09:00,4,9,0,9,0,16.2833,76.5833,0,0,1.9794e+07,1.29002e+08,9.52681e+06,0.0
04/09/2006 10:00,4,9,0,10,0,19.475,66.75,0,0,4.96795e+07,1.51577e+08,7.67048e+06,0.0
04/09/2006 11:00,4,9,0,11,0,22.7333,59.5,0,0,1.05106e+08,2.21838e+08,9.70782e+06,0.0
04/09/2006 12:00,4,9,0,12,0,27.1083,48.25,0,0,9.81065e+07,2.05382e+08,9.82769e+06,0.0
04/09/2006 13:00,4,9,0,13,0,30.1,39.0833,0,0,1.29721e+08,2.51379e+08,1.00307e+07,0.0
04/09/2006 14:00,4,9,0,14,0,30.6,36.4167,0,0,1.0542e+08,2.18923e+08,9.74614e+06,0.0
04/09/2006 15:00,4,9,0,15,0,30.8917,36,0,0,1.32639e+08,2.6424e+08,7.74601e+06,0.0
04/09/2006 16:00,4,9,0,16,0,29.175,40.6667,0,0,1.07418e+08,2.26046e+08,9.37974e+06,0.0
04/09/2006 17:00,4,9,0,17,0,29.725,37.5833,0,0,1.2731e+08,2.55375e+08,7.48732e+06,0.0
04/09/2006 18:00,4,9,0,18,0,30.4583,33,0,0,9.57093e+07,1.9976e+08,7.37448e+06,0.0
04/09/2006 19:00,4,9,0,19,0,26.7333,42.9167,0,0,1.03331e+08,2.33442e+08,3.45126e+06,0.0
04/09/2006 20:00,4,9,0,20,0,23.7583,52.9167,0,0,7.20197e+07,2.06797e+08,0,0.0
04/09/2006 21:00,4,9,0,21,0,21.725,63.75,0,0,7.58109e+07,2.19821e+08,0,0.0
04/09/2006 22:00,4,9,0,22,0,20.8917,65.9167,0,0,4.45309e+07,1.73086e+08,1.54074e+06,0.0
04/09/2006 23:00,4,9,0,23,0,19.8167,73.5,0,0,4.04773e+07,1.73127e+08,0,0.0
04/10/2006 00:00,4,10,1,0,0,18.2583,84.5,0,0,6.5334e+06,9.34772e+07,1.54047e+06,0.0
04/10/2006 01:00,4,10,1,1,0,17.8,85.25,0,0,2.79051e+07,2.07718e+08,1.31477e+07,0.0
04/10/2006 02:00,4,10,1,2,0,18.0917,82.25,0,0,1.0413e+07,1.37483e+08,3.80638e+06,0.0
04/10/2006 03:00,4,10,1,3,0,18.65,79.25,0,0,1.07449e+07,1.23396e+08,5.14401e+06,0.0
04/10/2006 04:00,4,10,1,4,0,18.2583,81.5,0,0,1.56665e+07,1.54268e+08,9.84283e+06,0.0
04/10/2006 05:00,4,10,1,5,0,17.1583,87.5,0,0,3.46633e+07,2.86223e+08,1.34953e+07,0.0
04/10/2006 06:00,4,10,1,6,0,16.35,83,0,0,3.44932e+07,4.58051e+08,1.98134e+07,0.0
04/10/2006 07:00,4,10,1,7,0,16.1,76.25,0,0,3.96818e+07,4.92226e+08,2.23614e+07,0.0
04/10/2006 08:00,4,10,1,8,0,15.8083,75,0,0,3.65954e+07,4.82889e+08,2.31251e+07,0.0
04/10/2006 09:00,4,10,1,9,0,16.2417,73.25,0,0,5.73537e+07,5.22839e+08,2.40796e+07,0.0
04/10/2006 10:00,4,10,1,10,0,17.3417,69.0833,0,0,1.08071e+08,6.02217e+08,2.53053e+07,0.0
04/10/2006 11:00,4,10,1,11,0,18.0917,64.6667,0,0,1.35175e+08,6.32249e+08,2.52074e+07,0.0
04/10/2006 12:00,4,10,1,12,0,18.9417,63,0,0,1.54183e+08,6.49311e+08,2.6322e+07,0.0
04/10/2006 13:00,4,10,1,13,0,18.7583,64.1667,0,0,1.35519e+08,6.02874e+08,3.07247e+07,0.0
04/10/2006 14:00,4,10,1,14,0,18.0083,66.1667,0,0,1.2889e+08,6.18834e+08,2.72462e+07,0.0
04/10/2006 15:00,4,10,1,15,0,18.4417,65.8333,0,0,1.53915e+08,6.82322e+08,2.19161e+07,0.0
04/10/2006 16:00,4,10,1,16,0,18.2583,67.9167,0,0,1.53175e+08,6.77128e+08,2.07966e+07,0.0
04/10/2006 17:00,4,10,1,17,0,17.1583,71.1667,0,0,1.10187e+08,6.11525e+08,2.18499e+07,0.0
04/10/2006 18:00,4,10,1,18,0,16.0583,73.75,0,0,6.71243e+07,5.68175e+08,2.32193e+07,0.0
04/10/2006 19:00,4,10,1,19,0,14.9,75,0,0,2.69481e+07,5.62075e+08,2.47898e+07,0.0
04/10/2006 20:00,4,10,1,20,0,14.4,75,0,0,1.48912e+07,4.88952e+08,2.2891e+07,0.0
04/10/2006 21:00,4,10,1,21,0,14.1667,73.25,0,0,6.60873e+06,3.07454e+08,1.7749e+07,0.0
04/10/2006 22:00,4,10,1,22,0,12.8333,84.8333,0,201912,3.94083e+06,2.11733e+08,1.42168e+07,201912.0
04/10/2006 23:00,4,10,1,23,0,12.1167,93.4167,0,245772,2.87559e+06,1.94787e+08,1.35837e+07,245772.0
04/11/2006 00:00,4,11,2,0,0,11.9083,90.6667,0,442722,2.29525e+06,1.66569e+08,1.34617e+07,442722.0
04/11/2006 01:00,4,11,2,1,0,11.7,87.25,0,477797,0,1.45278e+08,1.03811e+07,477797.0
04/11/2006 02:00,4,11,2,2,0,11.35,90.0833,0,0,0,1.10387e+08,3.47641e+06,0.0
04/11/2006 03:00,4,11,2,3,0,11.1,90.6667,0,9.90392e+06,0,1.07817e+08,1.55577e+07,9903920.0
04/11/2006 04:00,4,11,2,4,0,11.1,91.3333,0,8.63571e+06,0,1.24444e+08,1.84246e+07,8635710.0
04/11/2006 05:00,4,11,2,5,0,10.8083,94.75,0,0,0,2.15764e+08,1.3487e+07,0.0
04/11/2006 06:00,4,11,2,6,0,10.6,96,0,2.50289e+06,7.4674e+06,3.99512e+08,2.24294e+07,2502890.0
04/11/2006 07:00,4,11,2,7,0,10.6,96,0,0,1.16232e+07,4.49807e+08,2.23633e+07,0.0
04/11/2006 08:00,4,11,2,8,0,10.6,96,0,0,1.23913e+07,4.41714e+08,2.30915e+07,0.0
04/11/2006 09:00,4,11,2,9,0,10.8333,98.3333,0,0,1.28467e+07,4.33405e+08,2.40587e+07,0.0
04/11/2006 10:00,4,11,2,10,0,11.0583,98.25,0,0,1.31938e+07,4.27357e+08,2.43831e+07,0.0
04/11/2006 11:00,4,11,2,11,0,11.1,97,0,0,1.33894e+07,4.28881e+08,2.4865e+07,0.0
04/11/2006 12:00,4,11,2,12,0,11.7417,94.6667,0,0,1.3142e+07,4.24748e+08,2.74617e+07,0.0
04/11/2006 13:00,4,11,2,13,0,12.2,93,0,0,1.01754e+07,4.0468e+08,3.03092e+07,0.0
04/11/2006 14:00,4,11,2,14,0,12.2,93,0,0,1.31481e+07,4.24486e+08,2.7342e+07,0.0
04/11/2006 15:00,4,11,2,15,0,12.2,93,0,0,1.4027e+07,4.29771e+08,2.17536e+07,0.0
04/11/2006 16:00,4,11,2,16,0,12.2,95.3333,0,0,1.42676e+07,4.36627e+08,2.07637e+07,0.0
04/11/2006 17:00,4,11,2,17,0,12.55,94.6667,0,0,1.45003e+07,4.43063e+08,2.18362e+07,0.0
04/11/2006 18:00,4,11,2,18,0,12.8,94.75,0,0,1.47338e+07,4.52911e+08,2.31926e+07,0.0
04/11/2006 19:00,4,11,2,19,0,12.8,96,0,0,1.49049e+07,4.99627e+08,2.47655e+07,0.0
04/11/2006 20:00,4,11,2,20,0,12.45,98.3333,0,0,1.19782e+07,4.42327e+08,2.26747e+07,0.0
04/11/2006 21:00,4,11,2,21,0,12.55,97.6667,0,0,4.07163e+06,2.74064e+08,1.6949e+07,0.0
04/11/2006 22:00,4,11,2,22,0,12.45,98.3333,0,1.96966e+06,3.72948e+06,2.10825e+08,1.67054e+07,1969660.0
04/11/2006 23:00,4,11,2,23,0,12.2,100,0,3.18307e+06,3.20469e+06,1.96627e+08,1.65136e+07,3183070.0
04/12/2006 00:00,4,12,3,0,0,12.2,98.25,0,8.88808e+06,678275,1.62598e+08,2.18827e+07,8888080.0
04/12/2006 01:00,4,12,3,1,0,11.9083,98.75,0,8.0889e+06,0,1.43773e+08,1.79784e+07,8088900.0
04/12/2006 02:00,4,12,3,2,0,11.7,100,0,0,0,1.09976e+08,3.4658e+06,0.0
04/12/2006 03:00,4,12,3,3,0,11.7,100,0,4.68648e+07,0,1.11046e+08,5.24131e+07,46864800.0
04/12/2006 04:00,4,12,3,4,0,11.7,100,0,3.10526e+07,0,1.26686e+08,4.08406e+07,31052600.0
04/12/2006 05:00,4,12,3,5,0,11.7,100,0,0,48796.4,2.15813e+08,1.34797e+07,0.0
04/12/2006 06:00,4,12,3,6,0,11.875,100,0,4.5586e+06,7.90621e+06,3.98909e+08,2.44951e+07,4558600.0
04/12/2006 07:00,4,12,3,7,0,12.1167,98.25,0,0,1.22827e+07,4.35938e+08,2.23286e+07,0.0
04/12/2006 08:00,4,12,3,8,0,12.2,98.75,0,0,1.30266e+07,4.3098e+08,2.30457e+07,0.0
04/12/2006 09:00,4,12,3,9,0,13.25,96.5,0,0,1.40946e+07,4.31217e+08,2.38032e+07,0.0
04/12/2006 10:00,4,12,3,10,0,13.9417,95.1667,0,0,1.42838e+07,4.28566e+08,2.41718e+07,0.0
04/12/2006 11:00,4,12,3,11,0,14.8917,94.25,0,0,2.27655e+07,4.76876e+08,2.48343e+07,0.0
04/12/2006 12:00,4,12,3,12,0,16.5333,91.25,0,0,7.60087e+07,5.37224e+08,2.77255e+07,0.0
04/12/2006 13:00,4,12,3,13,0,17.8417,88.25,0,0,1.36007e+08,5.90312e+08,3.00148e+07,0.0
04/12/2006 14:00,4,12,3,14,0,19.9333,80.5833,0,0,1.75723e+08,6.82972e+08,2.73506e+07,0.0
04/12/2006 15:00,4,12,3,15,0,22.3833,70.1667,0,0,2.17288e+08,7.52917e+08,2.17067e+07,0.0
04/12/2006 16:00,4,12,3,16,0,23.65,64.8333,0,0,2.21222e+08,7.59156e+08,2.0728e+07,0.0
04/12/2006 17:00,4,12,3,17,0,24.5417,61.6667,0,0,2.18101e+08,7.47757e+08,2.17897e+07,0.0
04/12/2006 18:00,4,12,3,18,0,24.65,60,0,0,2.20188e+08,7.61499e+08,2.31459e+07,0.0
04/12/2006 19:00,4,12,3,19,0,22.825,65.8333,0,0,1.93768e+08,7.5594e+08,2.47014e+07,0.0
04/12/2006 20:00,4,12,3,20,0,21.35,71.75,0,0,1.64029e+08,6.55306e+08,2.26461e+07,0.0
04/12/2006 21:00,4,12,3,21,0,22.0917,68.9167,0,0,1.42233e+08,4.57698e+08,1.68561e+07,0.0
04/12/2006 22:00,4,12,3,22,0,22.45,66,0,0,1.1637e+08,3.68046e+08,1.48024e+07,0.0
04/12/2006 23:00,4,12,3,23,0,20.9167,70.0833,0,183749,6.15819e+07,2.79198e+08,1.35041e+07,183749.0
04/13/2006 00:00,4,13,4,0,0,20,73,0,256770,5.6719e+07,2.51477e+08,1.32445e+07,256770.0
04/13/2006 01:00,4,13,4,1,0,19.65,73,0,0,4.15495e+07,2.13958e+08,9.88708e+06,0.0
04/13/2006 02:00,4,13,4,2,0,21.0333,62.5,0,0,5.99629e+07,2.06314e+08,3.45719e+06,0.0
04/13/2006 03:00,4,13,4,3,0,22.2,53.8333,0,0,5.34261e+07,1.94075e+08,5.78003e+06,0.0
04/13/2006 04:00,4,13,4,4,0,19.6333,68.75,0,0,4.46753e+07,2.04058e+08,9.77219e+06,0.0
04/13/2006 05:00,4,13,4,5,0,20.075,65.4167,0,0,6.83009e+07,3.21608e+08,1.34998e+07,0.0
04/13/2006 06:00,4,13,4,6,0,21.35,57.3333,0,0,1.32491e+08,5.68716e+08,1.98978e+07,0.0
04/13/2006 07:00,4,13,4,7,0,19.8167,70.0833,0,0,1.38333e+08,6.23256e+08,2.22009e+07,0.0
04/13/2006 08:00,4,13,4,8,0,18.2583,83.25,0,0,1.31294e+08,6.04249e+08,2.2806e+07,0.0
04/13/2006 09:00,4,13,4,9,0,17.8,87,0,0,1.34885e+08,6.04598e+08,2.34421e+07,0.0
04/13/2006 10:00,4,13,4,10,0,17.8,88.75,0,0,1.51384e+08,6.23938e+08,2.41456e+07,0.0
04/13/2006 11:00,4,13,4,11,0,19.0833,81.8333,0,0,1.59151e+08,6.59386e+08,2.48102e+07,0.0
04/13/2006 12:00,4,13,4,12,0,21.6333,64.9167,0,0,1.66639e+08,6.83442e+08,2.81249e+07,0.0
04/13/2006 13:00,4,13,4,13,0,23.0917,52.9167,0,0,1.63011e+08,6.51315e+08,2.95967e+07,0.0
04/13/2006 14:00,4,13,4,14,0,24.2917,41.25,0,0,1.9337e+08,7.43917e+08,2.76509e+07,0.0
04/13/2006 15:00,4,13,4,15,0,25.35,30.9167,0,0,2.12683e+08,7.93197e+08,2.16315e+07,0.0
04/13/2006 16:00,4,13,4,16,0,25.25,28,0,0,2.15987e+08,8.03396e+08,2.06963e+07,0.0
04/13/2006 17:00,4,13,4,17,0,24.65,25.0833,0,0,2.0181e+08,7.69194e+08,2.17567e+07,0.0
04/13/2006 18:00,4,13,4,18,0,23.7583,22.4167,0,0,1.84256e+08,7.31388e+08,2.31042e+07,0.0
04/13/2006 19:00,4,13,4,19,0,22.3667,24.9167,0,0,1.65169e+08,7.34725e+08,2.46523e+07,0.0
04/13/2006 20:00,4,13,4,20,0,20.3583,29.9167,0,0,1.45099e+08,6.37833e+08,2.254e+07,0.0
04/13/2006 21:00,4,13,4,21,0,19.75,30.8333,0,0,8.61066e+07,3.9621e+08,1.64732e+07,0.0
04/13/2006 22:00,4,13,4,22,0,18.3667,35.25,0,0,5.13308e+07,3.01629e+08,1.51351e+07,0.0
04/13/2006 23:00,4,13,4,23,0,16.5583,40.75,0,0,2.20438e+07,2.38053e+08,1.33177e+07,0.0
04/14/2006 00:00,4,14,5,0,0,15.4583,43.75,0,262312,9.25162e+06,1.95986e+08,1.32395e+07,262312.0
04/14/2006 01:00,4,14,5,1,0,14.3583,47.3333,0,19790.5,1.07333e+06,1.49631e+08,9.89705e+06,19790.5
04/14/2006 02:00,4,14,5,2,0,14.1917,49,0,0,120165,1.15271e+08,1.90038e+06,0.0
04/14/2006 03:00,4,14,5,3,0,14.1083,47.8333,0,1.6808e+06,120164,1.09606e+08,8.92258e+06,1680800.0
04/14/2006 04:00,4,14,5,4,0,13.55,48.1667,0,2.89457e+06,0,1.26921e+08,1.26767e+07,2894570.0
04/14/2006 05:00,4,14,5,5,0,13.0083,48.4167,0,0,0,2.15764e+08,1.3536e+07,0.0
04/14/2006 06:00,4,14,5,6,0,12.45,50.9167,0,705696,7.22202e+06,3.90014e+08,2.02817e+07,705696.0
04/14/2006 07:00,4,14,5,7,0,12.55,52.4167,0,0,1.10366e+07,4.3439e+08,2.21767e+07,0.0
04/14/2006 08:00,4,14,5,8,0,13.7333,46.1667,0,0,1.28392e+07,4.62602e+08,2.27696e+07,0.0
04/14/2006 09:00,4,14,5,9,0,15.1,39.0833,0,0,3.58028e+07,5.38288e+08,2.34085e+07,0.0
04/14/2006 10:00,4,14,5,10,0,16.2417,36.4167,0,0,8.15431e+07,5.9933e+08,2.41117e+07,0.0
04/14/2006 11:00,4,14,5,11,0,16.9917,35.4167,0,0,1.11751e+08,6.32364e+08,2.47773e+07,0.0
04/14/2006 12:00,4,14,5,12,0,17.8417,33.8333,0,0,1.35206e+08,6.45189e+08,2.80949e+07,0.0
04/14/2006 13:00,4,14,5,13,0,18.65,31.25,0,0,1.40788e+08,6.20185e+08,2.95678e+07,0.0
04/14/2006 14:00,4,14,5,14,0,19.5417,31.75,0,0,1.54777e+08,6.89946e+08,2.7583e+07,0.0
04/14/2006 15:00,4,14,5,15,0,20.9917,31.25,0,0,1.67343e+08,7.30813e+08,2.1592e+07,0.0
04/14/2006 16:00,4,14,5,16,0,21.7,27.0833,0,0,1.76886e+08,7.56054e+08,2.06592e+07,0.0
04/14/2006 17:00,4,14,5,17,0,22.3417,24.4167,0,0,1.80028e+08,7.50941e+08,2.17121e+07,0.0
04/14/2006 18:00,4,14,5,18,0,21.1667,31,0,0,1.65168e+08,7.17056e+08,2.30495e+07,0.0
04/14/2006 19:00,4,14,5,19,0,19.3583,40.0833,0,0,1.56199e+08,7.26044e+08,2.45837e+07,0.0
04/14/2006 20:00,4,14,5,20,0,18.55,47.0833,0,0,1.29704e+08,6.23655e+08,2.25064e+07,0.0
04/14/2006 21:00,4,14,5,21,0,17.3667,53.5,0,0,5.33928e+07,3.63053e+08,1.65307e+07,0.0
04/14/2006 22:00,4,14,5,22,0,15.0667,70,0,0,1.48404e+07,2.51735e+08,1.50505e+07,0.0
04/14/2006 23:00,4,14,5,23,0,15.1833,66,0,0,9.37954e+06,2.23237e+08,1.33061e+07,0.0
04/15/2006 00:00,4,15,6,0,0,15.8083,59.5,0,465256,1.3385e+07,2.06546e+08,1.3435e+07,465256.0
04/15/2006 01:00,4,15,6,1,0,14.9,69.5833,0,0,1.73515e+06,1.06129e+08,0,0.0
04/15/2006 02:00,4,15,6,2,0,14.75,68.5833,0,0,406227,9.86963e+07,0,0.0
04/15/2006 03:00,4,15,6,3,0,14.3583,65.75,0,0,0,8.98832e+07,1.54052e+06,0.0
04/15/2006 04:00,4,15,6,4,0,13.55,74.5833,0,0,0,9.10595e+07,0,0.0
04/15/2006 05:00,4,15,6,5,0,13.3,75.3333,0,0,0,9.18502e+07,8.90998e+06,0.0
04/15/2006 06:00,4,15,6,6,0,13.65,69.0833,0,620405,1.13868e+06,1.1619e+08,1.05216e+07,620405.0
04/15/2006 07:00,4,15,6,7,0,14.5417,71.6667,0,150401,2.44316e+06,1.59572e+08,1.13252e+07,150401.0
04/15/2006 08:00,4,15,6,8,0,15.6417,65.0833,0,0,1.67831e+07,2.25781e+08,1.33925e+07,0.0
04/15/2006 09:00,4,15,6,9,0,17.0917,50.4167,0,0,4.35354e+07,2.71753e+08,1.55662e+07,0.0
04/15/2006 10:00,4,15,6,10,0,18.4417,43.8333,0,0,7.76029e+07,2.99571e+08,1.40974e+07,0.0
04/15/2006 11:00,4,15,6,11,0,19.5417,40.6667,0,0,9.88081e+07,3.07915e+08,1.70425e+07,0.0
04/15/2006 12:00,4,15,6,12,0,20.35,39.5833,0,0,1.02052e+08,2.89109e+08,1.41465e+07,0.0
04/15/2006 13:00,4,15,6,13,0,20.6,39.4167,0,0,8.0915e+07,2.35072e+08,1.52397e+07,0.0
04/15/2006 14:00,4,15,6,14,0,20.8917,37.25,0,0,6.75954e+07,2.08268e+08,1.27967e+07,0.0
04/15/2006 15:00,4,15,6,15,0,21.1,38.9167,0,0,9.67079e+07,2.5111e+08,1.18848e+07,0.0
04/15/2006 16:00,4,15,6,16,0,19.4667,47.4167,0,0,4.8675e+07,1.86415e+08,1.27646e+07,0.0
04/15/2006 17:00,4,15,6,17,0,17.0167,62.5,0,0,2.34087e+07,1.37203e+08,9.96256e+06,0.0
04/15/2006 18:00,4,15,6,18,0,15.1083,76.4167,0,0,3.69862e+06,9.3908e+07,9.63332e+06,0.0
04/15/2006 19:00,4,15,6,19,0,13.4667,82.1667,0,0,0,8.57557e+07,5.56017e+06,0.0
04/15/2006 20:00,4,15,6,20,0,12.1583,79.5,0,0,0,9.97608e+07,1.54063e+06,0.0
04/15/2006 21:00,4,15,6,21,0,11.2917,82.8333,0,0,0,1.0023e+08,0,0.0
04/15/2006 22:00,4,15,6,22,0,10.4167,90.5,0,0,0,9.4372e+07,0,0.0
04/15/2006 23:00,4,15,6,23,0,10.35,92.4167,0,0,0,9.64919e+07,1.54078e+06,0.0
04/16/2006 00:00,4,16,0,0,0,10.6,92,0,0,0,8.5659e+07,0,0.0
04/16/2006 01:00,4,16,0,1,0,10.6,92,0,0,0,8.33558e+07,0,0.0
04/16/2006 02:00,4,16,0,2,0,10.6,92,0,0,0,8.0871e+07,1.54051e+06,0.0
04/16/2006 03:00,4,16,0,3,0,10.25,92.5833,0,0,0,8.5657e+07,0,0.0
04/16/2006 04:00,4,16,0,4,0,10,93,0,0,0,7.85621e+07,1.22603e+07,0.0
04/16/2006 05:00,4,16,0,5,0,10,93,0,0,0,8.03666e+07,7.39982e+06,0.0
04/16/2006 06:00,4,16,0,6,0,10,93,0,0,0,8.59532e+07,7.48871e+06,0.0
04/16/2006 07:00,4,16,0,7,0,9.65,93,0,0,0,5.87084e+07,9.11254e+06,0.0
04/16/2006 08:00,4,16,0,8,0,9.10833,94.75,0,0,0,6.54426e+07,7.97063e+06,0.0
04/16/2006 09:00,4,16,0,9,0,8.9,96,0,0,0,6.26087e+07,8.94097e+06,0.0
04/16/2006 10:00,4,16,0,10,0,9.19167,92.5,0,0,0,6.01992e+07,8.25123e+06,0.0
04/16/2006 11:00,4,16,0,11,0,9.75,87.6667,0,0,0,6.48219e+07,9.7019e+06,0.0
04/16/2006 12:00,4,16,0,12,0,10,82.5,0,0,0,5.7727e+07,9.81594e+06,0.0
04/16/2006 13:00,4,16,0,13,0,10.35,78.25,0,0,0,6.48434e+07,1.00255e+07,0.0
04/16/2006 14:00,4,16,0,14,0,10.8917,73.5,0,0,0,5.77141e+07,9.72847e+06,0.0
04/16/2006 15:00,4,16,0,15,0,11.45,71,0,0,0,6.47948e+07,7.62796e+06,0.0
04/16/2006 16:00,4,16,0,16,0,11.7,68.0833,0,0,0,5.76885e+07,9.48561e+06,0.0
04/16/2006 17:00,4,16,0,17,0,12.3417,63.6667,0,0,0,6.6674e+07,7.48327e+06,0.0
04/16/2006 18:00,4,16,0,18,0,12.45,63.1667,0,0,0,5.19973e+07,7.36859e+06,0.0
04/16/2006 19:00,4,16,0,19,0,11.9083,61.0833,0,0,0,6.62605e+07,1.82771e+06,0.0
04/16/2006 20:00,4,16,0,20,0,11.7,59,0,0,0,9.18554e+07,1.54079e+06,0.0
04/16/2006 21:00,4,16,0,21,0,10.3583,71.25,0,0,0,9.18554e+07,0,0.0
04/16/2006 22:00,4,16,0,22,0,9.10833,81.75,0,0,0,9.18554e+07,1.54073e+06,0.0
04/16/2006 23:00,4,16,0,23,0,9.19167,81.25,0,0,0,9.18554e+07,0,0.0
04/17/2006 00:00,4,17,1,0,0,7.475,85.25,0,0,0,7.85527e+07,0,0.0
04/17/2006 01:00,4,17,1,1,0,6.1,84.9167,0,2.92227e+08,0,1.46625e+08,3.06766e+08,292227000.0
04/17/2006 02:00,4,17,1,2,0,6.45,80.25,0,0,0,1.00241e+08,3.5158e+06,0.0
04/17/2006 03:00,4,17,1,3,0,6.35,80.75,0,2.15332e+08,0,1.0915e+08,2.21022e+08,215332000.0
04/17/2006 04:00,4,17,1,4,0,5.80833,69.75,0,2.81465e+08,0,1.34069e+08,2.91202e+08,281465000.0
04/17/2006 05:00,4,17,1,5,0,4.9,57.5,0,0,0,2.15764e+08,1.34467e+07,0.0
04/17/2006 06:00,4,17,1,6,0,4.10833,55,0,1.05221e+08,1.38842e+06,3.83753e+08,1.2501e+08,105221000.0
04/17/2006 07:00,4,17,1,7,0,4.89167,51.5,0,7.64084e+06,6.18929e+06,4.12644e+08,2.97247e+07,7640840.0
04/17/2006 08:00,4,17,1,8,0,5.89167,44.3333,0,2.49997e+06,7.98311e+06,4.15153e+08,2.52794e+07,2499970.0
04/17/2006 09:00,4,17,1,9,0,7.09167,39.25,0,784565,9.78932e+06,4.32668e+08,2.44902e+07,784565.0
04/17/2006 10:00,4,17,1,10,0,7.8,38,0,47940.7,9.58292e+06,4.21223e+08,2.4038e+07,47940.7
04/17/2006 11:00,4,17,1,11,0,8.44167,36.25,0,0,9.96703e+06,4.25346e+08,2.46418e+07,0.0
04/17/2006 12:00,4,17,1,12,0,9.19167,33.25,0,0,9.89346e+06,4.22466e+08,2.66235e+07,0.0
04/17/2006 13:00,4,17,1,13,0,9.4,34.3333,0,0,7.20243e+06,4.01473e+08,2.96637e+07,0.0
04/17/2006 14:00,4,17,1,14,0,10.1,35.4167,0,0,1.01861e+07,4.25201e+08,2.7386e+07,0.0
04/17/2006 15:00,4,17,1,15,0,10.6,32.0833,0,0,1.13348e+07,4.38067e+08,2.13666e+07,0.0
04/17/2006 16:00,4,17,1,16,0,9.9,29.4167,0,0,1.15225e+07,4.44441e+08,2.05769e+07,0.0
04/17/2006 17:00,4,17,1,17,0,9.4,30.75,0,0,1.15838e+07,4.43169e+08,2.16581e+07,0.0
04/17/2006 18:00,4,17,1,18,0,8.75833,34.9167,0,0,1.15683e+07,4.42299e+08,2.27658e+07,0.0
04/17/2006 19:00,4,17,1,19,0,7.01667,45.1667,0,0,1.13767e+07,4.78861e+08,2.37747e+07,0.0
04/17/2006 20:00,4,17,1,20,0,6.1,51,0,140914,8.65965e+06,4.33705e+08,2.28132e+07,140914.0
04/17/2006 21:00,4,17,1,21,0,6.1,52.75,0,6.32035e+06,1.8426e+06,2.70775e+08,2.40147e+07,6320350.0
04/17/2006 22:00,4,17,1,22,0,5.80833,55.1667,0,2.45202e+07,2.24787e+06,2.11569e+08,3.84456e+07,24520200.0
04/17/2006 23:00,4,17,1,23,0,5.6,58.9167,0,4.71618e+07,1.51101e+06,1.96932e+08,6.04434e+07,47161800.0
04/18/2006 00:00,4,18,2,0,0,4.9,71.5,0,1.1352e+08,0,1.64749e+08,1.26498e+08,113520000.0
04/18/2006 01:00,4,18,2,1,0,3.75833,84.8333,0,1.23095e+08,0,1.47562e+08,1.3298e+08,123095000.0
04/18/2006 02:00,4,18,2,2,0,3.65,87.25,0,0,0,1.1029e+08,3.60371e+06,0.0
04/18/2006 03:00,4,18,2,3,0,4.54167,74.9167,0,1.87646e+08,0,1.09244e+08,1.93383e+08,187646000.0
04/18/2006 04:00,4,18,2,4,0,5,65.25,0,2.10966e+08,0,1.33814e+08,2.20709e+08,210966000.0
04/18/2006 05:00,4,18,2,5,0,4.65,60.5,0,0,11066.8,2.15775e+08,1.34347e+07,0.0
04/18/2006 06:00,4,18,2,6,0,4.10833,56.25,0,9.57692e+07,3.82299e+06,3.81741e+08,1.15524e+08,95769200.0
04/18/2006 07:00,4,18,2,7,0,4.19167,50.9167,0,1.17025e+07,8.70101e+06,4.27588e+08,3.37386e+07,11702500.0
04/18/2006 08:00,4,18,2,8,0,4.75,45.6667,0,5.36677e+06,9.11994e+06,4.21396e+08,2.80937e+07,5366770.0
04/18/2006 09:00,4,18,2,9,0,5.64167,42.25,0,2.13119e+06,1.14068e+07,4.52293e+08,2.57766e+07,2131190.0
04/18/2006 10:00,4,18,2,10,0,7.09167,38.0833,0,560407,1.06951e+07,4.3403e+08,2.45262e+07,560407.0
04/18/2006 11:00,4,18,2,11,0,8.09167,36.5833,0,15176.9,1.1178e+07,4.3462e+08,2.46173e+07,15176.9
04/18/2006 12:00,4,18,2,12,0,8.94167,35.25,0,0,1.10406e+07,4.30584e+08,2.64414e+07,0.0
04/18/2006 13:00,4,18,2,13,0,9.4,32.8333,0,0,8.31017e+06,4.08504e+08,2.9516e+07,0.0
04/18/2006 14:00,4,18,2,14,0,9.75,30.8333,0,0,1.09056e+07,4.27043e+08,2.76409e+07,0.0
04/18/2006 15:00,4,18,2,15,0,9.35833,30,0,0,1.16707e+07,4.30728e+08,2.13306e+07,0.0
04/18/2006 16:00,4,18,2,16,0,9.19167,28.25,0,0,1.18458e+07,4.34501e+08,2.05261e+07,0.0
04/18/2006 17:00,4,18,2,17,0,9.75,27,0,0,1.2068e+07,4.38683e+08,2.16067e+07,0.0
04/18/2006 18:00,4,18,2,18,0,9.00833,34,0,0,1.19916e+07,4.49233e+08,2.27172e+07,0.0
04/18/2006 19:00,4,18,2,19,0,7.65833,41.3333,0,0,1.18412e+07,4.83839e+08,2.37246e+07,0.0
04/18/2006 20:00,4,18,2,20,0,6.90833,46.5,0,15177.6,9.18215e+06,4.36631e+08,2.23775e+07,15177.6
04/18/2006 21:00,4,18,2,21,0,6.7,49,0,2.9125e+06,2.27575e+06,2.71725e+08,2.06095e+07,2912500.0
04/18/2006 22:00,4,18,2,22,0,6.35,51.9167,0,8.82292e+06,3.20246e+06,2.11628e+08,2.27419e+07,8822920.0
04/18/2006 23:00,4,18,2,23,0,5.80833,53.4167,0,1.98034e+07,2.30328e+06,1.95309e+08,3.30767e+07,19803400.0
04/19/2006 00:00,4,19,3,0,0,5.6,53,0,4.02941e+07,0,1.64056e+08,5.32731e+07,40294100.0
04/19/2006 01:00,4,19,3,1,0,4.60833,62.3333,0,4.25433e+07,0,1.50366e+08,5.24376e+07,42543300.0
04/19/2006 02:00,4,19,3,2,0,3.55,70.75,0,0,0,1.10495e+08,3.63816e+06,0.0
04/19/2006 03:00,4,19,3,3,0,3.3,68.5,0,1.2659e+08,0,1.10393e+08,1.32728e+08,126590000.0
04/19/2006 04:00,4,19,3,4,0,3.00833,65.4167,0,1.54588e+08,0,1.33732e+08,1.64349e+08,154588000.0
04/19/2006 05:00,4,19,3,5,0,2.45,68.5,0,0,39894.2,2.15804e+08,1.34976e+07,0.0
04/19/2006 06:00,4,19,3,6,0,2.2,72.75,0,4.69726e+07,3.66088e+06,3.82396e+08,6.62129e+07,46972600.0
04/19/2006 07:00,4,19,3,7,0,3.48333,69.9167,0,911376,8.87302e+06,4.31515e+08,2.28835e+07,911376.0
04/19/2006 08:00,4,19,3,8,0,5.74167,55.3333,0,0,9.78232e+06,4.33953e+08,2.25732e+07,0.0
04/19/2006 09:00,4,19,3,9,0,7.34167,50.5,0,0,1.15294e+07,4.59692e+08,2.32112e+07,0.0
04/19/2006 10:00,4,19,3,10,0,9.43333,47.75,0,0,1.17141e+07,4.54966e+08,2.39165e+07,0.0
04/19/2006 11:00,4,19,3,11,0,11.8833,39.3333,0,0,1.24667e+07,4.58018e+08,2.45826e+07,0.0
04/19/2006 12:00,4,19,3,12,0,13.7333,34.8333,0,0,1.28864e+07,4.5827e+08,2.75605e+07,0.0
04/19/2006 13:00,4,19,3,13,0,14.75,31.6667,0,0,1.37789e+07,4.64215e+08,2.93547e+07,0.0
04/19/2006 14:00,4,19,3,14,0,15,28.8333,0,0,2.59482e+07,5.14391e+08,2.65695e+07,0.0
04/19/2006 15:00,4,19,3,15,0,15,29.1667,0,0,3.14555e+07,5.30065e+08,2.12778e+07,0.0
04/19/2006 16:00,4,19,3,16,0,15.35,29.4167,0,0,4.38837e+07,5.42571e+08,2.04975e+07,0.0
04/19/2006 17:00,4,19,3,17,0,15.6,27.8333,0,0,4.83268e+07,5.3542e+08,2.15868e+07,0.0
04/19/2006 18:00,4,19,3,18,0,15.6,28.1667,0,0,4.44011e+07,5.32799e+08,2.2696e+07,0.0
04/19/2006 19:00,4,19,3,19,0,14.9,33.6667,0,0,2.45792e+07,5.50251e+08,2.40393e+07,0.0
04/19/2006 20:00,4,19,3,20,0,13.7583,37.5833,0,0,1.13696e+07,4.54414e+08,2.25861e+07,0.0
04/19/2006 21:00,4,19,3,21,0,11.725,43.8333,0,0,3.56674e+06,2.74131e+08,1.76412e+07,0.0
04/19/2006 22:00,4,19,3,22,0,10.6,48,0,407772,2.43287e+06,2.10239e+08,1.4304e+07,407772.0
04/19/2006 23:00,4,19,3,23,0,9.9,58.5,0,2.1206e+06,3.56646e+06,1.97589e+08,1.5384e+07,2120600.0
04/20/2006 00:00,4,20,4,0,0,9.4,66,0,5.2242e+06,2.07984e+06,1.66143e+08,1.81767e+07,5224200.0
04/20/2006 01:00,4,20,4,1,0,9.10833,68.9167,0,6.71419e+06,0,1.44264e+08,1.65942e+07,6714190.0
04/20/2006 02:00,4,20,4,2,0,8.55,73.9167,0,0,0,1.11584e+08,3.47239e+06,0.0
04/20/2006 03:00,4,20,4,3,0,8.3,74.8333,0,3.572e+07,0,1.08195e+08,4.13414e+07,35720000.0
04/20/2006 04:00,4,20,4,4,0,8.3,75.1667,0,5.05264e+07,0,1.32878e+08,6.02958e+07,50526400.0
04/20/2006 05:00,4,20,4,5,0,7.65833,79.5,0,0,0,2.15764e+08,1.34117e+07,0.0
04/20/2006 06:00,4,20,4,6,0,7.55,76.75,0,1.46673e+07,5.64323e+06,3.83878e+08,3.43576e+07,14667300.0
04/20/2006 07:00,4,20,4,7,0,8.44167,70.0833,0,0,9.94562e+06,4.20148e+08,2.19438e+07,0.0
04/20/2006 08:00,4,20,4,8,0,9.89167,62.1667,0,0,1.12978e+07,4.25109e+08,2.2624e+07,0.0
04/20/2006 09:00,4,20,4,9,0,11.5333,58.5833,0,0,1.22331e+07,4.30953e+08,2.35259e+07,0.0
04/20/2006 10:00,4,20,4,10,0,13.1917,54.3333,0,0,1.29911e+07,4.44301e+08,2.38593e+07,0.0
04/20/2006 11:00,4,20,4,11,0,15.1833,48.0833,0,0,3.59546e+07,5.22012e+08,2.4523e+07,0.0
04/20/2006 12:00,4,20,4,12,0,17.0917,43.0833,0,0,9.17046e+07,5.76119e+08,2.61457e+07,0.0
04/20/2006 13:00,4,20,4,13,0,19.0833,36.3333,0,0,1.30883e+08,5.89826e+08,2.92234e+07,0.0
04/20/2006 14:00,4,20,4,14,0,19.65,33,0,0,1.54659e+08,6.44234e+08,2.80479e+07,0.0
04/20/2006 15:00,4,20,4,15,0,19.4,32.4167,0,0,1.55365e+08,6.37786e+08,2.12751e+07,0.0
04/20/2006 16:00,4,20,4,16,0,19.1083,34.9167,0,0,1.53147e+08,6.32946e+08,2.04285e+07,0.0
04/20/2006 17:00,4,20,4,17,0,17.6167,48.0833,0,0,1.12832e+08,5.97003e+08,2.15097e+07,0.0
04/20/2006 18:00,4,20,4,18,0,16.9917,51.3333,0,0,7.84928e+07,5.80098e+08,2.26223e+07,0.0
04/20/2006 19:00,4,20,4,19,0,16.9083,49.1667,0,0,7.96573e+07,6.05884e+08,2.36299e+07,0.0
04/20/2006 20:00,4,20,4,20,0,16.0583,55.8333,0,0,5.1438e+07,5.23033e+08,2.18785e+07,0.0
04/20/2006 21:00,4,20,4,21,0,15.8917,56.5,0,0,2.23389e+07,3.24822e+08,1.75518e+07,0.0
04/20/2006 22:00,4,20,4,22,0,15.8083,52.25,0,0,1.32081e+07,2.50137e+08,1.39073e+07,0.0
04/20/2006 23:00,4,20,4,23,0,15.8917,51,0,9318.84,1.25144e+07,2.2801e+08,1.32708e+07,9318.84
04/21/2006 00:00,4,21,5,0,0,16.7417,45.1667,0,79962.3,2.1052e+07,2.14437e+08,1.30505e+07,79962.3
04/21/2006 01:00,4,21,5,1,0,16.9083,42.75,0,0,1.56632e+07,1.88675e+08,9.89624e+06,0.0
04/21/2006 02:00,4,21,5,2,0,15.7083,53.3333,0,0,6.88303e+06,1.4471e+08,3.76529e+06,0.0
04/21/2006 03:00,4,21,5,3,0,15,57.0833,0,2.16491e+06,862699,1.14758e+08,8.1167e+06,2164910.0
04/21/2006 04:00,4,21,5,4,0,15.35,51.5,0,5.366e+06,5.0851e+06,1.61846e+08,1.51303e+07,5366000.0
04/21/2006 05:00,4,21,5,5,0,14.6083,53.6667,0,0,3.97818e+06,2.53472e+08,1.34074e+07,0.0
04/21/2006 06:00,4,21,5,6,0,13.9,59.9167,0,852918,9.89347e+06,4.14959e+08,2.04842e+07,852918.0
04/21/2006 07:00,4,21,5,7,0,14.1917,63.75,0,0,1.47879e+07,4.66373e+08,2.18704e+07,0.0
04/21/2006 08:00,4,21,5,8,0,16.0333,58.5833,0,0,5.72345e+07,5.24558e+08,2.24798e+07,0.0
04/21/2006 09:00,4,21,5,9,0,17.2,54,0,0,9.99816e+07,5.86814e+08,2.31194e+07,0.0
04/21/2006 10:00,4,21,5,10,0,17.2,59.25,0,0,9.74171e+07,5.824e+08,2.38273e+07,0.0
04/21/2006 11:00,4,21,5,11,0,18.1917,60.6667,0,0,1.34794e+08,6.28643e+08,2.44923e+07,0.0
04/21/2006 12:00,4,21,5,12,0,19.1917,56.0833,0,0,1.55193e+08,6.39044e+08,2.66054e+07,0.0
04/21/2006 13:00,4,21,5,13,0,19.4,55.75,0,0,1.3932e+08,5.95332e+08,2.90694e+07,0.0
04/21/2006 14:00,4,21,5,14,0,20.1,57,0,0,1.55853e+08,6.40403e+08,2.7681e+07,0.0
04/21/2006 15:00,4,21,5,15,0,21.5333,51.75,0,0,1.58893e+08,6.55816e+08,2.12164e+07,0.0
04/21/2006 16:00,4,21,5,16,0,22.2,46.8333,0,0,1.62746e+08,6.62233e+08,2.03867e+07,0.0
04/21/2006 17:00,4,21,5,17,0,21.9083,47.75,0,0,1.61243e+08,6.6482e+08,2.14722e+07,0.0
04/21/2006 18:00,4,21,5,18,0,20.0667,57.1667,0,0,1.56649e+08,6.60339e+08,2.25856e+07,0.0
04/21/2006 19:00,4,21,5,19,0,18.2583,64.1667,0,0,1.31946e+08,6.69849e+08,2.35933e+07,0.0
04/21/2006 20:00,4,21,5,20,0,18.0917,62.6667,0,0,1.00899e+08,5.81811e+08,2.18457e+07,0.0
04/21/2006 21:00,4,21,5,21,0,17.3667,67.4167,0,0,4.78672e+07,3.52942e+08,1.76499e+07,0.0
04/21/2006 22:00,4,21,5,22,0,16.7,72,0,0,2.77672e+07,2.66087e+08,1.38925e+07,0.0
04/21/2006 23:00,4,21,5,23,0,16.9917,72,0,0,2.18779e+07,2.36968e+08,1.32508e+07,0.0
04/22/2006 00:00,4,22,6,0,0,17.2,72,0,0,2.82143e+07,2.22555e+08,1.29609e+07,0.0
04/22/2006 01:00,4,22,6,1,0,16.9083,73.75,0,0,1.56042e+07,1.346e+08,0,0.0
04/22/2006 02:00,4,22,6,2,0,16.35,76.75,0,0,1.31887e+07,1.33707e+08,1.54079e+06,0.0
04/22/2006 03:00,4,22,6,3,0,15.4583,80.9167,0,0,3.7713e+06,1.10574e+08,0,0.0
04/22/2006 04:00,4,22,6,4,0,15.35,83,0,0,3.58152e+06,1.15795e+08,1.54078e+06,0.0
04/22/2006 05:00,4,22,6,5,0,15.25,85.3333,0,0,2.10854e+06,1.09248e+08,8.82411e+06,0.0
04/22/2006 06:00,4,22,6,6,0,15.35,84.6667,0,5.3004e+06,4.77426e+06,1.35448e+08,1.47494e+07,5300400.0
04/22/2006 07:00,4,22,6,7,0,16.5333,78.3333,0,3.79169e+06,2.14232e+07,1.91911e+08,1.4688e+07,3791690.0
04/22/2006 08:00,4,22,6,8,0,18.4833,69.75,0,51778.2,5.22048e+07,2.56569e+08,1.32678e+07,51778.2
04/22/2006 09:00,4,22,6,9,0,18.7583,70.0833,0,0,6.01487e+07,2.78303e+08,1.48247e+07,0.0
04/22/2006 10:00,4,22,6,10,0,19.9333,70.0833,0,0,7.45264e+07,2.8528e+08,1.56052e+07,0.0
04/22/2006 11:00,4,22,6,11,0,22.3833,65.6667,0,0,1.40688e+08,3.51037e+08,1.4701e+07,0.0
04/22/2006 12:00,4,22,6,12,0,26.2167,51.75,0,0,1.53732e+08,3.58595e+08,1.62137e+07,0.0
04/22/2006 13:00,4,22,6,13,0,28.65,43,0,50524.2,1.30889e+08,2.93066e+08,1.37733e+07,50524.2
04/22/2006 14:00,4,22,6,14,0,29.1917,42.4167,0,0,1.10655e+08,2.64126e+08,1.30918e+07,0.0
04/22/2006 15:00,4,22,6,15,0,29.4,42,0,0,1.32219e+08,2.95557e+08,1.28086e+07,0.0
04/22/2006 16:00,4,22,6,16,0,30.1,42,0,148773,1.15783e+08,2.6466e+08,1.07681e+07,148773.0
04/22/2006 17:00,4,22,6,17,0,29.9,42.5833,0,0,1.35749e+08,2.74367e+08,9.94455e+06,0.0
04/22/2006 18:00,4,22,6,18,0,29.1083,43,0,0,1.0508e+08,2.19031e+08,9.63011e+06,0.0
04/22/2006 19:00,4,22,6,19,0,27.6167,46.5,0,1467.48,1.16736e+08,2.43414e+08,7.12962e+06,1467.48
04/22/2006 20:00,4,22,6,20,0,24.7167,55.4167,0,0,7.83258e+07,2.13543e+08,0,0.0
04/22/2006 21:00,4,22,6,21,0,23.3,60,0,0,9.03526e+07,2.39738e+08,0,0.0
04/22/2006 22:00,4,22,6,22,0,22.0167,66.4167,0,0,6.15445e+07,1.91978e+08,1.54074e+06,0.0
04/22/2006 23:00,4,22,6,23,0,20.1083,75.6667,0,0,5.3337e+07,1.90131e+08,0,0.0
04/23/2006 00:00,4,23,0,0,0,18.7583,81.9167,0,75341.7,1.87065e+07,1.30921e+08,75341.7,75341.7
04/23/2006 01:00,4,23,0,1,0,18.0083,87.5,0,0,6.62637e+06,9.35692e+07,1.54076e+06,0.0
04/23/2006 02:00,4,23,0,2,0,17.45,91.75,0,0,2.64151e+07,1.32738e+08,0,0.0
04/23/2006 03:00,4,23,0,3,0,16.5583,95.3333,0,0,7.96042e+06,1.03155e+08,0,0.0
04/23/2006 04:00,4,23,0,4,0,16.45,94.6667,0,0,3.59433e+06,9.03152e+07,1.24556e+07,0.0
04/23/2006 05:00,4,23,0,5,0,16.0583,94.75,0,0,9.86135e+06,1.14957e+08,7.4022e+06,0.0
04/23/2006 06:00,4,23,0,6,0,16.2417,92.5,0,52499.6,7.32353e+06,1.04461e+08,7.5323e+06,52499.6
04/23/2006 07:00,4,23,0,7,0,17.3417,86.5,0,0,0,5.854e+07,9.46037e+06,0.0
04/23/2006 08:00,4,23,0,8,0,19.0833,79.3333,0,0,4.10824e+07,1.38255e+08,7.60694e+06,0.0
04/23/2006 09:00,4,23,0,9,0,20.6417,74.25,0,0,9.34464e+07,2.07538e+08,9.50977e+06,0.0
04/23/2006 10:00,4,23,0,10,0,22.3833,68.9167,0,5763.63,9.45034e+07,2.02427e+08,7.65906e+06,5763.63
04/23/2006 11:00,4,23,0,11,0,24.2917,61.3333,0,17166.7,1.24843e+08,2.46777e+08,9.69547e+06,17166.7
04/23/2006 12:00,4,23,0,12,0,25.9917,58,0,273.957,1.03029e+08,2.11364e+08,9.80151e+06,273.957
04/23/2006 13:00,4,23,0,13,0,27.6333,52.75,0,0,1.3289e+08,2.54763e+08,9.98551e+06,0.0
04/23/2006 14:00,4,23,0,14,0,28.0083,50.1667,0,0,1.10473e+08,2.25014e+08,9.71049e+06,0.0
04/23/2006 15:00,4,23,0,15,0,28.0917,49.8333,0,0,1.36186e+08,2.68223e+08,7.61177e+06,0.0
04/23/2006 16:00,4,23,0,16,0,28.0083,50.1667,0,0,1.13504e+08,2.33055e+08,9.46783e+06,0.0
04/23/2006 17:00,4,23,0,17,0,26.8083,52.75,0,0,1.31039e+08,2.6021e+08,7.46746e+06,0.0
04/23/2006 18:00,4,23,0,18,0,25.8083,54,0,0,9.74787e+07,2.00456e+08,7.3672e+06,0.0
04/23/2006 19:00,4,23,0,19,0,24.9,56.3333,0,0,1.09923e+08,2.33683e+08,3.36694e+06,0.0
04/23/2006 20:00,4,23,0,20,0,23.4667,59.75,0,0,7.50603e+07,2.10133e+08,0,0.0
04/23/2006 21:00,4,23,0,21,0,22.45,62.75,0,0,8.199e+07,2.30988e+08,0,0.0
04/23/2006 22:00,4,23,0,22,0,21.9083,63.4167,0,0,5.45677e+07,1.8471e+08,1.54073e+06,0.0
04/23/2006 23:00,4,23,0,23,0,21.35,64.75,0,0,6.23504e+07,2.01481e+08,0,0.0
04/24/2006 00:00,4,24,1,0,0,20.8083,68.3333,0,0,3.86921e+07,1.58313e+08,0,0.0
04/24/2006 01:00,4,24,1,1,0,20.8917,67.6667,0,0,4.27054e+07,2.22584e+08,1.37279e+07,0.0
04/24/2006 02:00,4,24,1,2,0,20.1083,68.3333,0,0,3.94864e+07,1.86631e+08,3.8037e+06,0.0
04/24/2006 03:00,4,24,1,3,0,19.4,70,0,0,0,9.60731e+07,5.75748e+06,0.0
04/24/2006 04:00,4,24,1,4,0,20.1,65.9167,0,0,2.42988e+07,1.63677e+08,9.42123e+06,0.0
04/24/2006 05:00,4,24,1,5,0,19.2583,70.5833,0,58412.9,5.84486e+07,3.11295e+08,1.34145e+07,58412.9
04/24/2006 06:00,4,24,1,6,0,18.65,74.25,0,0,7.48924e+07,4.88877e+08,1.93534e+07,0.0
04/24/2006 07:00,4,24,1,7,0,19.8917,68.3333,0,0,1.28098e+08,5.86631e+08,2.17016e+07,0.0
04/24/2006 08:00,4,24,1,8,0,20.8917,65.5833,0,0,1.55539e+08,6.2342e+08,2.23879e+07,0.0
04/24/2006 09:00,4,24,1,9,0,21.7417,67.1667,0,0,1.74537e+08,6.85197e+08,2.32327e+07,0.0
04/24/2006 10:00,4,24,1,10,0,22.55,66.8333,0,0,2.07544e+08,7.47846e+08,2.43088e+07,0.0
04/24/2006 11:00,4,24,1,11,0,24.0833,62.5,0,0,2.32342e+08,7.96656e+08,2.55103e+07,0.0
04/24/2006 12:00,4,24,1,12,0,25.6417,57.6667,0,0,2.34938e+08,7.94141e+08,2.54659e+07,0.0
04/24/2006 13:00,4,24,1,13,0,28.025,46.0833,0,0,2.16049e+08,7.46345e+08,2.92621e+07,0.0
04/24/2006 14:00,4,24,1,14,0,26.4833,46.5833,0,0,2.27568e+08,8.02965e+08,2.74236e+07,0.0
04/24/2006 15:00,4,24,1,15,0,23.4667,50.8333,0,0,1.78587e+08,7.02205e+08,2.11396e+07,0.0
04/24/2006 16:00,4,24,1,16,0,20.525,52.3333,0,0,1.58443e+08,6.56976e+08,2.02906e+07,0.0
04/24/2006 17:00,4,24,1,17,0,18.55,51.6667,0,0,1.44865e+08,6.35997e+08,2.12777e+07,0.0
04/24/2006 18:00,4,24,1,18,0,18.0083,50,0,0,1.24609e+08,6.26593e+08,2.25178e+07,0.0
04/24/2006 19:00,4,24,1,19,0,17.8,50,0,0,1.16068e+08,6.54197e+08,2.3926e+07,0.0
04/24/2006 20:00,4,24,1,20,0,17.45,43.5833,0,0,7.76824e+07,5.56813e+08,2.2039e+07,0.0
04/24/2006 21:00,4,24,1,21,0,16.5583,40.75,0,0,3.28227e+07,3.36083e+08,1.63073e+07,0.0
04/24/2006 22:00,4,24,1,22,0,15.8083,42,0,0,1.6523e+07,2.53531e+08,1.49602e+07,0.0
04/24/2006 23:00,4,24,1,23,0,14.9,42,0,225416,3.69521e+06,2.05409e+08,1.34471e+07,225416.0
04/25/2006 00:00,4,25,2,0,0,13.7583,43.75,0,499832,2.76855e+06,1.67703e+08,1.27378e+07,499832.0
04/25/2006 01:00,4,25,2,1,0,12.6583,45,0,1.0811e+06,1.01618e+06,1.48305e+08,1.04431e+07,1081100.0
04/25/2006 02:00,4,25,2,2,0,11.9083,45.5833,0,0,0,1.13259e+08,2.98891e+06,0.0
04/25/2006 03:00,4,25,2,3,0,11.35,46,0,9.82287e+06,0,1.06248e+08,1.57344e+07,9822870.0
04/25/2006 04:00,4,25,2,4,0,10.8083,48.3333,0,1.70162e+07,0,1.27022e+08,2.67587e+07,17016200.0
04/25/2006 05:00,4,25,2,5,0,10.25,51.1667,0,0,0,2.15764e+08,1.33505e+07,0.0
04/25/2006 06:00,4,25,2,6,0,10,50.8333,0,8.74518e+06,6.37754e+06,3.82524e+08,2.81497e+07,8745180.0
04/25/2006 07:00,4,25,2,7,0,10,50,0,0,1.01313e+07,4.19248e+08,2.16725e+07,0.0
04/25/2006 08:00,4,25,2,8,0,10,52.3333,0,0,1.10974e+07,4.19705e+08,2.23431e+07,0.0
04/25/2006 09:00,4,25,2,9,0,10,52.8333,0,0,1.17303e+07,4.26582e+08,2.31923e+07,0.0
04/25/2006 10:00,4,25,2,10,0,10.35,50.8333,0,0,1.21668e+07,4.35395e+08,2.42617e+07,0.0
04/25/2006 11:00,4,25,2,11,0,10.6,50,0,0,1.24777e+07,4.48296e+08,2.5038e+07,0.0
04/25/2006 12:00,4,25,2,12,0,11.2417,47.6667,0,0,1.22994e+07,4.52102e+08,2.51918e+07,0.0
04/25/2006 13:00,4,25,2,13,0,11.7,44.8333,0,0,9.49734e+06,4.31591e+08,2.92298e+07,0.0
04/25/2006 14:00,4,25,2,14,0,12.3417,45.75,0,0,1.22933e+07,4.8005e+08,2.77892e+07,0.0
04/25/2006 15:00,4,25,2,15,0,13.0917,44.0833,0,0,1.33688e+07,4.76773e+08,2.10762e+07,0.0
04/25/2006 16:00,4,25,2,16,0,13.65,43.1667,0,0,1.36189e+07,4.64804e+08,2.02621e+07,0.0
04/25/2006 17:00,4,25,2,17,0,13.55,44.5833,0,0,1.36803e+07,4.60062e+08,2.12461e+07,0.0
04/25/2006 18:00,4,25,2,18,0,13.3,43.8333,0,0,1.36206e+07,4.64789e+08,2.24801e+07,0.0
04/25/2006 19:00,4,25,2,19,0,12.0167,51.1667,0,0,1.34435e+07,4.9865e+08,2.38774e+07,0.0
04/25/2006 20:00,4,25,2,20,0,10.8083,56.4167,0,0,1.06771e+07,4.46197e+08,2.19155e+07,0.0
04/25/2006 21:00,4,25,2,21,0,10.25,57.1667,0,0,3.38543e+06,2.74172e+08,1.57947e+07,0.0
04/25/2006 22:00,4,25,2,22,0,10.35,56.8333,0,0,2.52989e+06,2.10413e+08,1.54052e+07,0.0
04/25/2006 23:00,4,25,2,23,0,9.9,60.0833,0,818953,2.9321e+06,1.95388e+08,1.40358e+07,818953.0
04/26/2006 00:00,4,26,3,0,0,8.46667,70.5833,0,3.04283e+06,1.29788e+06,1.64264e+08,1.45623e+07,3042830.0
04/26/2006 01:00,4,26,3,1,0,7.15833,76,0,7.02485e+06,1.72835e+06,1.49161e+08,1.62857e+07,7024850.0
04/26/2006 02:00,4,26,3,2,0,6.99167,76,0,0,0,1.11595e+08,3.77257e+06,0.0
04/26/2006 03:00,4,26,3,3,0,6.26667,79.5,0,4.97179e+07,0,1.08207e+08,5.56672e+07,49717900.0
04/26/2006 04:00,4,26,3,4,0,5.6,80.25,0,7.86288e+07,0,1.31668e+08,8.83643e+07,78628800.0
04/26/2006 05:00,4,26,3,5,0,5.6,77.25,0,0,17221.7,2.15781e+08,1.33511e+07,0.0
04/26/2006 06:00,4,26,3,6,0,5.6,76,0,2.77728e+07,5.11252e+06,3.75722e+08,4.72089e+07,27772800.0
04/26/2006 07:00,4,26,3,7,0,7.175,71.3333,0,59351.2,9.61593e+06,4.23909e+08,2.16961e+07,59351.2
04/26/2006 08:00,4,26,3,8,0,10.2833,58.6667,0,0,1.14676e+07,4.43841e+08,2.22981e+07,0.0
04/26/2006 09:00,4,26,3,9,0,12.9833,43.8333,0,0,1.25867e+07,4.6187e+08,2.31471e+07,0.0
04/26/2006 10:00,4,26,3,10,0,14.5417,37.4167,0,0,1.91986e+07,5.03014e+08,2.42104e+07,0.0
04/26/2006 11:00,4,26,3,11,0,15.6417,32.9167,0,0,5.1102e+07,5.45323e+08,2.44506e+07,0.0
04/26/2006 12:00,4,26,3,12,0,16.45,29.4167,0,0,7.47782e+07,5.6341e+08,2.51744e+07,0.0
04/26/2006 13:00,4,26,3,13,0,16.9917,30.1667,0,0,7.74254e+07,5.37878e+08,2.91973e+07,0.0
04/26/2006 14:00,4,26,3,14,0,17.55,26.9167,0,0,1.28777e+08,6.43719e+08,2.79999e+07,0.0
04/26/2006 15:00,4,26,3,15,0,18.0917,25.75,0,0,1.54885e+08,7.00282e+08,2.10262e+07,0.0
04/26/2006 16:00,4,26,3,16,0,18.3,27,0,0,1.55225e+08,7.1324e+08,2.02317e+07,0.0
04/26/2006 17:00,4,26,3,17,0,18.3,28.1667,0,0,1.55362e+08,6.9777e+08,2.12098e+07,0.0
04/26/2006 18:00,4,26,3,18,0,17.6583,27.8333,0,0,1.34941e+08,6.59756e+08,2.24346e+07,0.0
04/26/2006 19:00,4,26,3,19,0,16.2667,28.75,0,0,7.41394e+07,6.1808e+08,2.36544e+07,0.0
04/26/2006 20:00,4,26,3,20,0,14.6083,37,0,0,1.93125e+07,4.9286e+08,2.19925e+07,0.0
04/26/2006 21:00,4,26,3,21,0,13.9,42,0,0,6.80645e+06,3.09305e+08,1.54457e+07,0.0
04/26/2006 22:00,4,26,3,22,0,12.6167,46.6667,0,0,3.44976e+06,2.1298e+08,1.56964e+07,0.0
04/26/2006 23:00,4,26,3,23,0,10.7083,53.5,0,10207.6,3.07219e+06,1.97187e+08,1.30777e+07,10207.6
04/27/2006 00:00,4,27,4,0,0,9.65,57.75,0,1.93576e+06,2.1979e+06,1.67089e+08,1.31192e+07,1935760.0
04/27/2006 01:00,4,27,4,1,0,8.75833,61.3333,0,3.61009e+06,0,1.4565e+08,1.3283e+07,3610090.0
04/27/2006 02:00,4,27,4,2,0,8.3,63,0,0,0,1.11262e+08,3.80492e+06,0.0
04/27/2006 03:00,4,27,4,3,0,8.3,65.9167,0,2.00555e+07,0,1.11862e+08,2.61352e+07,20055500.0
04/27/2006 04:00,4,27,4,4,0,7.36667,70.9167,0,3.22807e+07,0,1.31384e+08,4.20168e+07,32280700.0
04/27/2006 05:00,4,27,4,5,0,6.35,73,0,69642.2,0,2.15764e+08,1.34077e+07,69642.2
04/27/2006 06:00,4,27,4,6,0,6.45,73,0,1.88662e+07,5.29913e+06,3.76382e+08,3.83347e+07,18866200.0
04/27/2006 07:00,4,27,4,7,0,8.275,66,0,0,9.8384e+06,4.26164e+08,2.16058e+07,0.0
04/27/2006 08:00,4,27,4,8,0,11.3833,58.6667,0,0,1.17371e+07,4.49966e+08,2.22561e+07,0.0
04/27/2006 09:00,4,27,4,9,0,14.725,52.9167,0,0,3.19869e+07,5.17543e+08,2.31029e+07,0.0
04/27/2006 10:00,4,27,4,10,0,18.725,39.5,0,0,1.40319e+08,6.55618e+08,2.37103e+07,0.0
04/27/2006 11:00,4,27,4,11,0,21.2417,31.4167,0,0,1.60645e+08,6.86191e+08,2.42321e+07,0.0
04/27/2006 12:00,4,27,4,12,0,21.9917,32.1667,0,0,1.63796e+08,6.80874e+08,2.51694e+07,0.0
04/27/2006 13:00,4,27,4,13,0,22.55,33.5833,0,0,1.53587e+08,6.18063e+08,2.91642e+07,0.0
04/27/2006 14:00,4,27,4,14,0,23.7333,32.8333,0,0,1.82857e+08,7.1764e+08,2.82612e+07,0.0
04/27/2006 15:00,4,27,4,15,0,24.75,31.4167,0,0,2.08042e+08,7.84104e+08,2.09754e+07,0.0
04/27/2006 16:00,4,27,4,16,0,25.6417,31,0,0,2.13614e+08,7.86478e+08,2.0203e+07,0.0
04/27/2006 17:00,4,27,4,17,0,25.4583,31.5833,0,0,2.06944e+08,7.66546e+08,2.11756e+07,0.0
04/27/2006 18:00,4,27,4,18,0,25,31.4167,0,0,1.93244e+08,7.36529e+08,2.23595e+07,0.0
04/27/2006 19:00,4,27,4,19,0,24.3583,32.1667,0,0,1.79267e+08,7.41098e+08,2.32912e+07,0.0
04/27/2006 20:00,4,27,4,20,0,22.6167,37.6667,0,0,1.60824e+08,6.58815e+08,2.19255e+07,0.0
04/27/2006 21:00,4,27,4,21,0,21.35,41.5833,0,0,1.15699e+08,4.29479e+08,1.5305e+07,0.0
04/27/2006 22:00,4,27,4,22,0,20.4583,44.9167,0,0,7.32114e+07,3.26158e+08,1.5638e+07,0.0
04/27/2006 23:00,4,27,4,23,0,17.725,63.3333,0,0,2.92718e+07,2.46925e+08,1.3023e+07,0.0
04/28/2006 00:00,4,28,5,0,0,16.45,75,0,88655.3,1.91262e+07,2.11808e+08,1.14875e+07,88655.3
04/28/2006 01:00,4,28,5,1,0,17.3417,63.9167,0,0,2.2568e+07,1.92564e+08,9.89192e+06,0.0
04/28/2006 02:00,4,28,5,2,0,17.45,54.8333,0,0,2.62794e+07,1.7009e+08,3.7993e+06,0.0
04/28/2006 03:00,4,28,5,3,0,16.5583,52.25,0,0,1.19597e+07,1.48312e+08,6.08552e+06,0.0
04/28/2006 04:00,4,28,5,4,0,15.1083,52.1667,0,243645,2.83699e+06,1.43893e+08,9.96885e+06,243645.0
04/28/2006 05:00,4,28,5,5,0,14.1083,51.8333,0,0,2.44265e+06,2.51872e+08,1.33308e+07,0.0
04/28/2006 06:00,4,28,5,6,0,13.2583,54.5,0,425285,7.77485e+06,3.75183e+08,1.98822e+07,425285.0
04/28/2006 07:00,4,28,5,7,0,13.7333,53.5,0,0,1.21958e+07,4.46483e+08,2.15782e+07,0.0
04/28/2006 08:00,4,28,5,8,0,15.1,48.6667,0,0,2.86376e+07,5.11431e+08,2.22043e+07,0.0
04/28/2006 09:00,4,28,5,9,0,15.8917,44.0833,0,0,6.06814e+07,5.60693e+08,2.28884e+07,0.0
04/28/2006 10:00,4,28,5,10,0,16.7417,37.3333,0,0,9.81592e+07,6.11272e+08,2.35258e+07,0.0
04/28/2006 11:00,4,28,5,11,0,16.9083,32.8333,0,0,1.09068e+08,6.29192e+08,2.41941e+07,0.0
04/28/2006 12:00,4,28,5,12,0,17.6333,31.4167,0,0,1.26909e+08,6.36204e+08,2.51451e+07,0.0
04/28/2006 13:00,4,28,5,13,0,18.65,29.25,0,0,1.38625e+08,6.14674e+08,2.91313e+07,0.0
04/28/2006 14:00,4,28,5,14,0,19.1917,25.0833,0,0,1.54441e+08,6.82427e+08,2.82316e+07,0.0
04/28/2006 15:00,4,28,5,15,0,19.4,23,0,0,1.55337e+08,7.10666e+08,2.09318e+07,0.0
04/28/2006 16:00,4,28,5,16,0,19.1083,22.4167,0,0,1.55486e+08,7.19337e+08,2.01656e+07,0.0
04/28/2006 17:00,4,28,5,17,0,18.55,23.1667,0,0,1.55418e+08,7.03517e+08,2.11316e+07,0.0
04/28/2006 18:00,4,28,5,18,0,17.6583,25.1667,0,0,1.3832e+08,6.69542e+08,2.22966e+07,0.0
04/28/2006 19:00,4,28,5,19,0,16.5583,25.4167,0,0,8.65611e+07,6.29907e+08,2.32479e+07,0.0
04/28/2006 20:00,4,28,5,20,0,15.4583,30.25,0,0,3.60123e+07,5.19927e+08,2.18827e+07,0.0
04/28/2006 21:00,4,28,5,21,0,14.0083,33.4167,0,0,6.04563e+06,2.98049e+08,1.52817e+07,0.0
04/28/2006 22:00,4,28,5,22,0,13.0083,33.5833,0,0,4.4684e+06,2.16231e+08,1.55966e+07,0.0
04/28/2006 23:00,4,28,5,23,0,12.45,35.75,0,112723,3.14312e+06,1.97348e+08,1.30869e+07,112723.0
04/29/2006 00:00,4,29,6,0,0,11.5583,43.4167,0,66150,2.1557e+06,1.67255e+08,1.1501e+07,66150.0
04/29/2006 01:00,4,29,6,1,0,11.1,49.1667,0,0,0,9.00591e+07,1.54077e+06,0.0
04/29/2006 02:00,4,29,6,2,0,10.4583,47.0833,0,0,0,9.12784e+07,0,0.0
04/29/2006 03:00,4,29,6,3,0,9.35833,43.25,0,0,0,8.70245e+07,1.54077e+06,0.0
04/29/2006 04:00,4,29,6,4,0,8.55,45.5,0,0,0,8.88019e+07,0,0.0
04/29/2006 05:00,4,29,6,5,0,7.65833,49.1667,0,0,0,9.34994e+07,8.80193e+06,0.0
04/29/2006 06:00,4,29,6,6,0,7.55,41.8333,0,5.62851e+07,0,1.05232e+08,6.61532e+07,56285100.0
04/29/2006 07:00,4,29,6,7,0,8.09167,37.75,0,2.74021e+07,0,1.36652e+08,3.77701e+07,27402100.0
04/29/2006 08:00,4,29,6,8,0,9.64167,35.5,0,8.38193e+06,139562,1.71502e+08,2.15316e+07,8381930.0
04/29/2006 09:00,4,29,6,9,0,11.2417,33.5833,0,948806,1.15704e+06,1.90711e+08,1.64968e+07,948806.0
04/29/2006 10:00,4,29,6,10,0,12.6333,31.0833,0,7364.81,1.3868e+06,1.8225e+08,1.46989e+07,7364.81
04/29/2006 11:00,4,29,6,11,0,13.3,28.4167,0,0,1.23908e+06,1.68603e+08,1.49283e+07,0.0
04/29/2006 12:00,4,29,6,12,0,14.6417,25.6667,0,0,6.7389e+06,1.79725e+08,1.5786e+07,0.0
04/29/2006 13:00,4,29,6,13,0,15.8917,24,0,0,1.72672e+07,1.65547e+08,1.36467e+07,0.0
04/29/2006 14:00,4,29,6,14,0,17.0917,24.5833,0,0,2.82584e+07,1.62649e+08,1.30344e+07,0.0
04/29/2006 15:00,4,29,6,15,0,18.4417,22.6667,0,0,5.45916e+07,2.04113e+08,1.2171e+07,0.0
04/29/2006 16:00,4,29,6,16,0,18.2583,23.9167,0,0,4.53705e+07,1.79761e+08,1.1143e+07,0.0
04/29/2006 17:00,4,29,6,17,0,17.8,28.9167,0,0,4.44364e+07,1.6609e+08,9.92445e+06,0.0
04/29/2006 18:00,4,29,6,18,0,17.45,32.1667,0,0,2.84445e+07,1.28505e+08,9.61029e+06,0.0
04/29/2006 19:00,4,29,6,19,0,16.2667,37.0833,0,0,1.75692e+07,1.27444e+08,5.56813e+06,0.0
04/29/2006 20:00,4,29,6,20,0,14.2583,42.9167,0,0,0,1.025e+08,1.5405e+06,0.0
04/29/2006 21:00,4,29,6,21,0,12.3667,45.5833,0,0,0,9.64919e+07,0,0.0
04/29/2006 22:00,4,29,6,22,0,11.7,47.1667,0,0,0,9.90938e+07,0,0.0
04/29/2006 23:00,4,29,6,23,0,11.35,49.1667,0,0,0,9.8954e+07,1.54048e+06,0.0
04/30/2006 00:00,4,30,0,0,0,11.1,52.3333,0,0,0,8.56845e+07,0,0.0
04/30/2006 01:00,4,30,0,1,0,10.1083,61,0,0,0,7.85527e+07,1.54077e+06,0.0
04/30/2006 02:00,4,30,0,2,0,9.10833,68.9167,0,0,0,8.56987e+07,0,0.0
04/30/2006 03:00,4,30,0,3,0,8.55,69.25,0,0,0,8.10322e+07,0,0.0
04/30/2006 04:00,4,30,0,4,0,8.3,69.75,0,0,0,8.31987e+07,1.26393e+07,0.0
04/30/2006 05:00,4,30,0,5,0,7.65833,73.9167,0,0,0,8.03666e+07,7.39515e+06,0.0
04/30/2006 06:00,4,30,0,6,0,7.84167,76,0,0,0,7.29858e+07,7.47983e+06,0.0
04/30/2006 07:00,4,30,0,7,0,9.64167,68.4167,0,0,0,5.80385e+07,8.05033e+06,0.0
04/30/2006 08:00,4,30,0,8,0,11.8833,59.5,0,0,52749.7,7.77055e+07,9.00319e+06,0.0
04/30/2006 09:00,4,30,0,9,0,14.4333,52.3333,0,0,6.119e+06,1.04881e+08,7.59685e+06,0.0
04/30/2006 10:00,4,30,0,10,0,16.2417,49.5833,0,0,1.91372e+07,1.18623e+08,9.55307e+06,0.0
04/30/2006 11:00,4,30,0,11,0,17.3417,48.8333,0,0,3.23031e+07,1.41503e+08,9.6729e+06,0.0
04/30/2006 12:00,4,30,0,12,0,19.0833,46.25,0,0,4.89321e+07,1.49078e+08,8.63185e+06,0.0
04/30/2006 13:00,4,30,0,13,0,20.9917,40.9167,0,0,7.80607e+07,1.89292e+08,1.06607e+07,0.0
04/30/2006 14:00,4,30,0,14,0,21.9917,38,0,0,6.97833e+07,1.71583e+08,8.23856e+06,0.0
04/30/2006 15:00,4,30,0,15,0,22.8417,38,0,0,1.07485e+08,2.24018e+08,9.51657e+06,0.0
04/30/2006 16:00,4,30,0,16,0,23.3,36.25,0,0,9.07995e+07,1.9935e+08,7.5766e+06,0.0
04/30/2006 17:00,4,30,0,17,0,23.0083,38.5,0,0,1.12031e+08,2.31657e+08,8.14478e+06,0.0
04/30/2006 18:00,4,30,0,18,0,22.1583,44.5,0,0,7.2298e+07,1.68371e+08,7.4591e+06,0.0
04/30/2006 19:00,4,30,0,19,0,20.3583,49.9167,0,0,6.41931e+07,1.75317e+08,2.90367e+06,0.0
04/30/2006 20:00,4,30,0,20,0,18.7583,58.4167,0,0,2.91754e+07,1.56786e+08,0,0.0
04/30/2006 21:00,4,30,0,21,0,17.6583,58.9167,0,0,2.45505e+07,1.56458e+08,1.54079e+06,0.0
04/30/2006 22:00,4,30,0,22,0,16.2083,60.6667,0,0,2.4502e+06,1.06965e+08,0,0.0
04/30/2006 23:00,4,30,0,23,0,14.5667,68.6667,0,0,0,9.18554e+07,0,0.0
05/01/2006 00:00,5,1,1,0,0,12.9083,69.0833,0,0,0,7.85527e+07,1.54078e+06,0.0
05/01/2006 01:00,5,1,1,1,0,11.2667,60.5833,0,1.67344e+07,0,1.40827e+08,2.999e+07,16734400.0
05/01/2006 02:00,5,1,1,2,0,9.60833,66.5,0,0,0,9.9572e+07,3.80065e+06,0.0
05/01/2006 03:00,5,1,1,3,0,7.96667,81,0,6.32355e+07,0,1.08458e+08,6.88981e+07,63235500.0
05/01/2006 04:00,5,1,1,4,0,6.30833,87.75,0,1.21116e+08,0,1.33603e+08,1.30846e+08,121116000.0
05/01/2006 05:00,5,1,1,5,0,5.6,86.6667,0,0,0,2.15764e+08,1.33051e+07,0.0
05/01/2006 06:00,5,1,1,6,0,6.24167,81.5,0,3.12748e+07,2.69589e+06,3.62966e+08,5.06325e+07,31274800.0
05/01/2006 07:00,5,1,1,7,0,7.98333,74.3333,0,0,8.46508e+06,4.18017e+08,2.14234e+07,0.0
05/01/2006 08:00,5,1,1,8,0,10.5333,64,0,0,1.04387e+07,4.31047e+08,2.20479e+07,0.0
05/01/2006 09:00,5,1,1,9,0,12.9833,59,0,0,1.16651e+07,4.45746e+08,2.28681e+07,0.0
05/01/2006 10:00,5,1,1,10,0,15.1833,51.4167,0,0,3.04512e+07,5.0997e+08,2.34011e+07,0.0
05/01/2006 11:00,5,1,1,11,0,16.7417,44.25,0,0,8.04129e+07,5.65207e+08,2.40618e+07,0.0
05/01/2006 12:00,5,1,1,12,0,17.8417,41.8333,0,0,1.10843e+08,5.89689e+08,2.49892e+07,0.0
05/01/2006 13:00,5,1,1,13,0,18.65,37.5,0,0,1.16485e+08,5.70021e+08,2.90339e+07,0.0
05/01/2006 14:00,5,1,1,14,0,18.9,36.75,0,0,1.52863e+08,6.50549e+08,2.72626e+07,0.0
05/01/2006 15:00,5,1,1,15,0,19.5417,35.0833,0,0,1.55289e+08,6.73694e+08,2.08255e+07,0.0
05/01/2006 16:00,5,1,1,16,0,20,31.8333,0,0,1.55621e+08,6.74894e+08,2.00309e+07,0.0
05/01/2006 17:00,5,1,1,17,0,19.3583,32.1667,0,0,1.5557e+08,6.60836e+08,2.09725e+07,0.0
05/01/2006 18:00,5,1,1,18,0,18.9,34.1667,0,0,1.55071e+08,6.57261e+08,2.21476e+07,0.0
05/01/2006 19:00,5,1,1,19,0,17.9083,43.75,0,0,1.25616e+08,6.50332e+08,2.34723e+07,0.0
05/01/2006 20:00,5,1,1,20,0,16.9083,50,0,0,6.27914e+07,5.39103e+08,2.16953e+07,0.0
05/01/2006 21:00,5,1,1,21,0,15.3583,58.75,0,0,1.95728e+07,3.19474e+08,1.60254e+07,0.0
05/01/2006 22:00,5,1,1,22,0,13.7583,66.1667,0,0,3.97797e+06,2.14353e+08,1.50069e+07,0.0
05/01/2006 23:00,5,1,1,23,0,13.3,69.9167,0,84360.4,3.37706e+06,1.96406e+08,1.32477e+07,84360.4
05/02/2006 00:00,5,2,2,0,0,13.3,70.25,0,186434,2.32018e+06,1.66582e+08,1.13637e+07,186434.0
05/02/2006 01:00,5,2,2,1,0,13.3,70.75,0,54426.1,0,1.44186e+08,9.55248e+06,54426.1
05/02/2006 02:00,5,2,2,2,0,12.6583,76.6667,0,0,0,1.11505e+08,3.79828e+06,0.0
05/02/2006 03:00,5,2,2,3,0,11.9083,80,0,6.96735e+06,0,1.08239e+08,1.30678e+07,6967350.0
05/02/2006 04:00,5,2,2,4,0,11.0583,83.5,0,8.91695e+06,0,1.25524e+08,1.86334e+07,8916950.0
05/02/2006 05:00,5,2,2,5,0,10.25,86,0,0,0,2.15764e+08,1.32972e+07,0.0
05/02/2006 06:00,5,2,2,6,0,10.35,86,0,4.69317e+06,7.38379e+06,3.71139e+08,2.40176e+07,4693170.0
05/02/2006 07:00,5,2,2,7,0,11.8833,82.5,0,0,1.1994e+07,4.32998e+08,2.13781e+07,0.0
05/02/2006 08:00,5,2,2,8,0,14.0833,75.3333,0,0,1.70642e+07,4.77894e+08,2.19933e+07,0.0
05/02/2006 09:00,5,2,2,9,0,16.6333,65,0,0,8.76317e+07,5.87213e+08,2.28092e+07,0.0
05/02/2006 10:00,5,2,2,10,0,19.4333,53.5833,0,0,1.5569e+08,6.74552e+08,2.3354e+07,0.0
05/02/2006 11:00,5,2,2,11,0,21.2417,44.9167,0,0,1.61162e+08,6.83702e+08,2.4018e+07,0.0
05/02/2006 12:00,5,2,2,12,0,21.9917,39.0833,0,0,1.62746e+08,6.72333e+08,2.49428e+07,0.0
05/02/2006 13:00,5,2,2,13,0,22.2,37.5833,0,0,1.56323e+08,6.3939e+08,2.90006e+07,0.0
05/02/2006 14:00,5,2,2,14,0,22.55,37.4167,0,0,1.7301e+08,7.05693e+08,2.69752e+07,0.0
05/02/2006 15:00,5,2,2,15,0,23.0917,34.6667,0,0,1.83422e+08,7.4007e+08,2.08035e+07,0.0
05/02/2006 16:00,5,2,2,16,0,23.3,33.5833,0,0,1.85389e+08,7.36166e+08,1.99899e+07,0.0
05/02/2006 17:00,5,2,2,17,0,23.3,39.25,0,0,1.84754e+08,7.32277e+08,2.09217e+07,0.0
05/02/2006 18:00,5,2,2,18,0,22.6583,41.8333,0,0,1.73446e+08,7.08999e+08,2.20865e+07,0.0
05/02/2006 19:00,5,2,2,19,0,21.5583,42.75,0,0,1.60414e+08,7.08538e+08,2.33964e+07,0.0
05/02/2006 20:00,5,2,2,20,0,20.1083,48.0833,0,0,1.45061e+08,6.37803e+08,2.16914e+07,0.0
05/02/2006 21:00,5,2,2,21,0,18.4667,55.0833,0,0,6.91769e+07,3.78604e+08,1.62852e+07,0.0
05/02/2006 22:00,5,2,2,22,0,17.8,59.1667,0,160640,4.40352e+07,2.88861e+08,1.48985e+07,160640.0
05/02/2006 23:00,5,2,2,23,0,17.1583,62.9167,0,0,2.24672e+07,2.36633e+08,1.31499e+07,0.0
05/03/2006 00:00,5,3,3,0,0,16.35,66.1667,0,475419,1.93894e+07,2.12798e+08,1.18442e+07,475419.0
05/03/2006 01:00,5,3,3,1,0,15.8083,69.9167,0,0,8.74928e+06,1.78796e+08,9.31018e+06,0.0
05/03/2006 02:00,5,3,3,2,0,15.6,72,0,0,7.38723e+06,1.49694e+08,3.7987e+06,0.0
05/03/2006 03:00,5,3,3,3,0,15.25,74.9167,0,157313,2.90157e+06,1.37515e+08,6.25268e+06,157313.0
05/03/2006 04:00,5,3,3,4,0,15,79.3333,0,93947.6,1.60097e+06,1.51069e+08,9.81262e+06,93947.6
05/03/2006 05:00,5,3,3,5,0,15,84.5,0,0,3.73866e+06,2.53322e+08,1.3282e+07,0.0
05/03/2006 06:00,5,3,3,6,0,14.65,90.5,0,494376,1.2607e+07,4.20785e+08,1.9786e+07,494376.0
05/03/2006 07:00,5,3,3,7,0,14.75,91.25,0,0,1.71702e+07,4.83143e+08,2.13357e+07,0.0
05/03/2006 08:00,5,3,3,8,0,15.35,90,0,0,2.81931e+07,4.8441e+08,2.194e+07,0.0
05/03/2006 09:00,5,3,3,9,0,15.8917,90,0,0,4.65395e+07,5.08753e+08,2.27497e+07,0.0
05/03/2006 10:00,5,3,3,10,0,16.7417,86.5,0,0,8.6984e+07,5.74573e+08,2.33399e+07,0.0
05/03/2006 11:00,5,3,3,11,0,17.55,85.75,0,0,1.43188e+08,6.41874e+08,2.39734e+07,0.0
05/03/2006 12:00,5,3,3,12,0,18.0917,85.25,0,0,1.57123e+08,6.49191e+08,2.48952e+07,0.0
05/03/2006 13:00,5,3,3,13,0,19.6417,78.75,0,0,1.55437e+08,6.18602e+08,2.8967e+07,0.0
05/03/2006 14:00,5,3,3,14,0,21.5333,72.6667,0,0,1.95411e+08,7.16272e+08,2.66567e+07,0.0
05/03/2006 15:00,5,3,3,15,0,22.8417,66.9167,0,0,2.283e+08,7.82868e+08,2.07844e+07,0.0
05/03/2006 16:00,5,3,3,16,0,23.9417,62.8333,0,0,2.36764e+08,8.10377e+08,1.99489e+07,0.0
05/03/2006 17:00,5,3,3,17,0,24.1083,66.0833,0,0,2.39166e+08,8.05152e+08,2.08701e+07,0.0
05/03/2006 18:00,5,3,3,18,0,23.9,69,0,0,2.37059e+08,7.98391e+08,2.20254e+07,0.0
05/03/2006 19:00,5,3,3,19,0,22.6167,73.0833,0,0,2.19665e+08,7.93568e+08,2.33221e+07,0.0
05/03/2006 20:00,5,3,3,20,0,21.35,77.1667,0,0,1.82964e+08,6.8486e+08,2.16902e+07,0.0
05/03/2006 21:00,5,3,3,21,0,20.4583,79.75,0,0,1.41163e+08,4.59246e+08,1.65824e+07,0.0
05/03/2006 22:00,5,3,3,22,0,19.3583,82.75,0,162601,8.91066e+07,3.40556e+08,1.45867e+07,162601.0
05/03/2006 23:00,5,3,3,23,0,18.2583,85.75,0,0,4.62794e+07,2.6264e+08,1.31401e+07,0.0
05/04/2006 00:00,5,4,4,0,0,17.45,88.75,0,480691,4.20628e+07,2.37298e+08,1.21047e+07,480691.0
05/04/2006 01:00,5,4,4,1,0,16.5583,91.75,0,0,1.87198e+07,1.89691e+08,9.05553e+06,0.0
05/04/2006 02:00,5,4,4,2,0,16.1,95.3333,0,0,1.81074e+07,1.61952e+08,3.79886e+06,0.0
05/04/2006 03:00,5,4,4,3,0,16.1,97,0,0,1.85587e+07,1.55587e+08,6.11876e+06,0.0
05/04/2006 04:00,5,4,4,4,0,16.1,97,0,16619.1,2.31952e+07,1.81261e+08,9.72957e+06,16619.1
05/04/2006 05:00,5,4,4,5,0,16.1,97,0,0,3.48714e+07,2.86422e+08,1.32711e+07,0.0
05/04/2006 06:00,5,4,4,6,0,16.1,97,0,0,6.08624e+07,4.7183e+08,1.92594e+07,0.0
05/04/2006 07:00,5,4,4,7,0,16.7417,91.1667,0,0,8.19644e+07,5.48281e+08,2.12875e+07,0.0
05/04/2006 08:00,5,4,4,8,0,17.8417,81.75,0,0,1.00037e+08,5.61704e+08,2.18873e+07,0.0
05/04/2006 09:00,5,4,4,9,0,18.9417,76.8333,0,0,1.4627e+08,6.24763e+08,2.26896e+07,0.0
05/04/2006 10:00,5,4,4,10,0,18.7583,80.6667,0,0,1.57357e+08,6.41267e+08,2.33586e+07,0.0
05/04/2006 11:00,5,4,4,11,0,18.65,85.75,0,0,1.58809e+08,6.50527e+08,2.3928e+07,0.0
05/04/2006 12:00,5,4,4,12,0,19.1917,90.5,0,0,1.77389e+08,6.68388e+08,2.48458e+07,0.0
05/04/2006 13:00,5,4,4,13,0,20.3917,89.5,0,0,1.97537e+08,6.90353e+08,2.89331e+07,0.0
05/04/2006 14:00,5,4,4,14,0,21.7417,84.0833,0,0,2.4029e+08,7.99418e+08,2.63107e+07,0.0
05/04/2006 15:00,5,4,4,15,0,23.1917,75.5833,0,0,2.57956e+08,8.43799e+08,2.07684e+07,0.0
05/04/2006 16:00,5,4,4,16,0,25.5333,62.25,0,0,2.61101e+08,8.52594e+08,1.99079e+07,0.0
05/04/2006 17:00,5,4,4,17,0,26.7,56,0,0,2.48476e+08,8.18691e+08,2.08182e+07,0.0
05/04/2006 18:00,5,4,4,18,0,25.3583,62.4167,0,0,2.39931e+08,8.0059e+08,2.1964e+07,0.0
05/04/2006 19:00,5,4,4,19,0,23.1167,70.5,0,0,2.23185e+08,7.97811e+08,2.32486e+07,0.0
05/04/2006 20:00,5,4,4,20,0,22.55,73,0,0,1.96806e+08,7.19668e+08,2.16928e+07,0.0
05/04/2006 21:00,5,4,4,21,0,22.1583,77.6667,0,0,1.52802e+08,4.85848e+08,1.68989e+07,0.0
05/04/2006 22:00,5,4,4,22,0,20.0667,86.25,0,162802,1.20619e+08,3.78404e+08,1.42531e+07,162802.0
05/04/2006 23:00,5,4,4,23,0,18.55,94.0833,0,0,8.1102e+07,3.01727e+08,1.31319e+07,0.0
05/05/2006 00:00,5,5,5,0,0,18.65,94.6667,0,196854,1.02025e+08,3.01998e+08,1.21058e+07,196854.0
05/05/2006 01:00,5,5,5,1,0,18.2583,91.25,0,0,5.67962e+07,2.31032e+08,9.00371e+06,0.0
05/05/2006 02:00,5,5,5,2,0,17.45,94.0833,0,0,5.13866e+07,1.97676e+08,3.56892e+06,0.0
05/05/2006 03:00,5,5,5,3,0,17.2,94.6667,0,0,3.63403e+07,1.7685e+08,6.12957e+06,0.0
05/05/2006 04:00,5,5,5,4,0,16.9083,93,0,21917.7,3.28592e+07,1.91716e+08,9.73192e+06,21917.7
05/05/2006 05:00,5,5,5,5,0,16.35,95.3333,0,0,3.6439e+07,2.88114e+08,1.32644e+07,0.0
05/05/2006 06:00,5,5,5,6,0,16.1,94.6667,0,0,4.47968e+07,4.47032e+08,1.9224e+07,0.0
05/05/2006 07:00,5,5,5,7,0,17.0917,82.5,0,0,7.70466e+07,5.37026e+08,2.1235e+07,0.0
05/05/2006 08:00,5,5,5,8,0,18.0917,72.0833,0,0,1.25401e+08,6.10064e+08,2.18345e+07,0.0
05/05/2006 09:00,5,5,5,9,0,18.65,68.8333,0,0,1.55316e+08,6.611e+08,2.26296e+07,0.0
05/05/2006 10:00,5,5,5,10,0,18.9,68,0,0,1.57116e+08,6.65341e+08,2.33914e+07,0.0
05/05/2006 11:00,5,5,5,11,0,20.1833,63.9167,0,0,1.58397e+08,6.822e+08,2.38822e+07,0.0
05/05/2006 12:00,5,5,5,12,0,21.7417,56.3333,0,0,1.6511e+08,6.90369e+08,2.47955e+07,0.0
05/05/2006 13:00,5,5,5,13,0,22.55,54.1667,0,0,1.61877e+08,6.57326e+08,2.88989e+07,0.0
05/05/2006 14:00,5,5,5,14,0,22.45,55,0,0,1.75125e+08,7.18758e+08,2.59308e+07,0.0
05/05/2006 15:00,5,5,5,15,0,21.5583,61.4167,0,0,1.64594e+08,6.87459e+08,2.07742e+07,0.0
05/05/2006 16:00,5,5,5,16,0,21.1,63.0833,0,0,1.58455e+08,6.65895e+08,1.98695e+07,0.0
05/05/2006 17:00,5,5,5,17,0,20.4583,61,0,0,1.57861e+08,6.61936e+08,2.07671e+07,0.0
05/05/2006 18:00,5,5,5,18,0,20,61,0,0,1.57666e+08,6.76302e+08,2.19018e+07,0.0
05/05/2006 19:00,5,5,5,19,0,19.0083,72.6667,0,0,1.53922e+08,6.9141e+08,2.31714e+07,0.0
05/05/2006 20:00,5,5,5,20,0,17.6583,88,0,0,1.30461e+08,6.13517e+08,2.1699e+07,0.0
05/05/2006 21:00,5,5,5,21,0,16.9083,93,0,0,6.54769e+07,3.72732e+08,1.72231e+07,0.0
05/05/2006 22:00,5,5,5,22,0,16.0583,94.75,0,156867,2.8618e+07,2.6855e+08,1.39076e+07,156867.0
05/05/2006 23:00,5,5,5,23,0,15.25,94.25,0,0,1.09059e+07,2.19653e+08,1.31243e+07,0.0
05/06/2006 00:00,5,6,6,0,0,15,91.25,0,189823,4.10057e+06,1.80031e+08,1.24036e+07,189823.0
05/06/2006 01:00,5,6,6,1,0,15,90,0,0,2.34612e+06,1.14481e+08,444726,0.0
05/06/2006 02:00,5,6,6,2,0,14.65,94.0833,0,0,0,9.08345e+07,0,0.0
05/06/2006 03:00,5,6,6,3,0,14.4,97,0,0,0,8.79091e+07,1.54048e+06,0.0
05/06/2006 04:00,5,6,6,4,0,14.4,97,0,0,0,8.76756e+07,0,0.0
05/06/2006 05:00,5,6,6,5,0,14.4,97,0,0,0,9.58177e+07,9.19211e+06,0.0
05/06/2006 06:00,5,6,6,6,0,14.75,94.6667,0,3.5415e+06,434384,1.08714e+08,1.34061e+07,3541500.0
05/06/2006 07:00,5,6,6,7,0,15,94.75,0,3.58208e+06,4.62874e+06,1.75748e+08,1.39384e+07,3582080.0
05/06/2006 08:00,5,6,6,8,0,15.35,94.25,0,660708,1.1624e+07,2.15469e+08,1.37558e+07,660708.0
05/06/2006 09:00,5,6,6,9,0,16.2417,88.9167,0,0,2.42548e+07,2.40576e+08,1.3904e+07,0.0
05/06/2006 10:00,5,6,6,10,0,17.3417,86.5833,0,0,4.34411e+07,2.51686e+08,1.56087e+07,0.0
05/06/2006 11:00,5,6,6,11,0,18.7333,82.3333,0,0,7.2604e+07,2.70469e+08,1.48383e+07,0.0
05/06/2006 12:00,5,6,6,12,0,21.0333,71.4167,0,0,9.75901e+07,2.75857e+08,1.42449e+07,0.0
05/06/2006 13:00,5,6,6,13,0,22.55,63.0833,0,0,9.74622e+07,2.49439e+08,1.4779e+07,0.0
05/06/2006 14:00,5,6,6,14,0,22.8,59.8333,0,0,7.73086e+07,2.14222e+08,1.18705e+07,0.0
05/06/2006 15:00,5,6,6,15,0,23.0917,56.6667,0,0,1.04805e+08,2.56462e+08,1.23708e+07,0.0
05/06/2006 16:00,5,6,6,16,0,21.725,59.6667,0,0,7.44732e+07,2.08353e+08,1.26251e+07,0.0
05/06/2006 17:00,5,6,6,17,0,19.9,63,0,0,6.87886e+07,1.89251e+08,9.87503e+06,0.0
05/06/2006 18:00,5,6,6,18,0,18.7583,63,0,0,3.89329e+07,1.38302e+08,7.67981e+06,0.0
05/06/2006 19:00,5,6,6,19,0,17.3667,65.3333,0,0,2.90474e+07,1.38795e+08,7.41631e+06,0.0
05/06/2006 20:00,5,6,6,20,0,15.7083,65.25,0,0,312624,9.91315e+07,0,0.0
05/06/2006 21:00,5,6,6,21,0,14.65,67.5,0,0,0,1.00143e+08,0,0.0
05/06/2006 22:00,5,6,6,22,0,13.7583,75.8333,0,0,0,9.8942e+07,1.54079e+06,0.0
05/06/2006 23:00,5,6,6,23,0,12.6583,78.25,0,0,0,9.41737e+07,0,0.0
05/07/2006 00:00,5,7,0,0,0,11.9083,77,0,0,0,8.5736e+07,0,0.0
05/07/2006 01:00,5,7,0,1,0,11.7,77,0,0,0,8.3359e+07,1.54077e+06,0.0
05/07/2006 02:00,5,7,0,2,0,11.0583,77,0,0,0,8.0871e+07,0,0.0
05/07/2006 03:00,5,7,0,3,0,10.25,78.75,0,0,0,8.56527e+07,1.54079e+06,0.0
05/07/2006 04:00,5,7,0,4,0,9.65,83.5,0,0,0,7.85621e+07,1.17689e+07,0.0
05/07/2006 05:00,5,7,0,5,0,9.4,84.25,0,0,0,8.03666e+07,7.39414e+06,0.0
05/07/2006 06:00,5,7,0,6,0,9.4,83,0,0,0,6.69449e+07,7.47906e+06,0.0
05/07/2006 07:00,5,7,0,7,0,9.75,81.25,0,0,0,5.88054e+07,7.55275e+06,0.0
05/07/2006 08:00,5,7,0,8,0,10.35,79.4167,0,0,0,6.5261e+07,9.48926e+06,0.0
05/07/2006 09:00,5,7,0,9,0,11.2417,76.0833,0,0,0,6.0279e+07,7.59067e+06,0.0
05/07/2006 10:00,5,7,0,10,0,11.7,72.25,0,0,0,6.23443e+07,9.54956e+06,0.0
05/07/2006 11:00,5,7,0,11,0,11.7,72.75,0,0,0,6.25239e+07,7.96415e+06,0.0
05/07/2006 12:00,5,7,0,12,0,11.7,74,0,0,0,6.00068e+07,9.51361e+06,0.0
05/07/2006 13:00,5,7,0,13,0,11.7,74,0,0,0,6.47829e+07,9.97131e+06,0.0
05/07/2006 14:00,5,7,0,14,0,11.35,77.5,0,0,0,5.76885e+07,9.69964e+06,0.0
05/07/2006 15:00,5,7,0,15,0,10.8083,83.5,0,0,0,6.47861e+07,8.42067e+06,0.0
05/07/2006 16:00,5,7,0,16,0,10.6,89.5,0,0,0,6.47898e+07,8.65722e+06,0.0
05/07/2006 17:00,5,7,0,17,0,10.25,92.5833,0,0,0,6.00607e+07,7.47674e+06,0.0
05/07/2006 18:00,5,7,0,18,0,10,94.75,0,0,0,5.25544e+07,7.36574e+06,0.0
05/07/2006 19:00,5,7,0,19,0,10.35,96,0,0,0,5.35415e+07,3.38388e+06,0.0
05/07/2006 20:00,5,7,0,20,0,10.6,96,0,0,0,9.18554e+07,0,0.0
05/07/2006 21:00,5,7,0,21,0,10.6,98.3333,0,0,0,9.18554e+07,0,0.0
05/07/2006 22:00,5,7,0,22,0,10.6,100,0,0,0,9.18554e+07,1.54074e+06,0.0
05/07/2006 23:00,5,7,0,23,0,10.6,100,0,0,0,9.18554e+07,0,0.0
05/08/2006 00:00,5,8,1,0,0,10.6,100,0,0,0,7.85527e+07,1.54076e+06,0.0
05/08/2006 01:00,5,8,1,1,0,10.8917,98.25,0,1.74651e+08,0,1.44809e+08,1.8807e+08,174651000.0
05/08/2006 02:00,5,8,1,2,0,11.1,97,0,0,0,9.9572e+07,3.46561e+06,0.0
05/08/2006 03:00,5,8,1,3,0,11.1,97,0,1.67147e+08,0,1.08605e+08,1.72708e+08,167147000.0
05/08/2006 04:00,5,8,1,4,0,11.1,98.75,0,1.97049e+08,0,1.33791e+08,2.06759e+08,197049000.0
05/08/2006 05:00,5,8,1,5,0,11.45,95.9167,0,0,112143,2.15876e+08,1.3262e+07,0.0
05/08/2006 06:00,5,8,1,6,0,11.7,94.75,0,5.19158e+07,4.6083e+06,3.66729e+08,7.04297e+07,51915800.0
05/08/2006 07:00,5,8,1,7,0,11.7,96,0,379384,1.15084e+07,4.31852e+08,2.14881e+07,379384.0
05/08/2006 08:00,5,8,1,8,0,11.9917,96.5833,0,0,1.20014e+07,4.16284e+08,2.17149e+07,0.0
05/08/2006 09:00,5,8,1,9,0,12.55,94.6667,0,0,1.22905e+07,4.14198e+08,2.23706e+07,0.0
05/08/2006 10:00,5,8,1,10,0,13.0917,91.25,0,0,1.2597e+07,4.15805e+08,2.30887e+07,0.0
05/08/2006 11:00,5,8,1,11,0,14.9333,83,0,0,2.41503e+07,4.64048e+08,2.37596e+07,0.0
05/08/2006 12:00,5,8,1,12,0,16.1,78,0,0,4.30886e+07,4.89262e+08,2.47082e+07,0.0
05/08/2006 13:00,5,8,1,13,0,16.45,76.25,0,0,4.19125e+07,4.69696e+08,2.87953e+07,0.0
05/08/2006 14:00,5,8,1,14,0,16.7,77.9167,0,0,6.02276e+07,5.08639e+08,2.59781e+07,0.0
05/08/2006 15:00,5,8,1,15,0,16.35,81.75,0,0,5.56494e+07,5.07073e+08,2.06198e+07,0.0
05/08/2006 16:00,5,8,1,16,0,16.1,85.3333,0,0,4.87501e+07,4.99447e+08,1.97598e+07,0.0
05/08/2006 17:00,5,8,1,17,0,15.8083,86.4167,0,0,4.16368e+07,4.97759e+08,2.06424e+07,0.0
05/08/2006 18:00,5,8,1,18,0,15.25,90.0833,0,0,2.76614e+07,5.01385e+08,2.17527e+07,0.0
05/08/2006 19:00,5,8,1,19,0,15,93,0,0,2.17859e+07,5.16373e+08,2.29919e+07,0.0
05/08/2006 20:00,5,8,1,20,0,14.65,95.3333,0,0,1.58371e+07,4.78023e+08,2.15208e+07,0.0
05/08/2006 21:00,5,8,1,21,0,14.4,97,0,0,6.93863e+06,3.03999e+08,1.68876e+07,0.0
05/08/2006 22:00,5,8,1,22,0,14.4,97,0,259097,3.80878e+06,2.11971e+08,1.42443e+07,259097.0
05/08/2006 23:00,5,8,1,23,0,14.4,97,0,1.04995e+06,2.53812e+06,1.92529e+08,1.41483e+07,1049950.0
05/09/2006 00:00,5,9,2,0,0,14.4,97,0,4.27485e+06,1.90706e+06,1.62992e+08,1.57161e+07,4274850.0
05/09/2006 01:00,5,9,2,1,0,14.4,98.75,0,5.60854e+06,987634,1.51392e+08,1.47925e+07,5608540.0
05/09/2006 02:00,5,9,2,2,0,14.4,98.25,0,0,0,1.11139e+08,3.79574e+06,0.0
05/09/2006 03:00,5,9,2,3,0,14.1083,98.75,0,1.77471e+07,0,1.05227e+08,2.35173e+07,17747100.0
05/09/2006 04:00,5,9,2,4,0,13.9,97.6667,0,1.11522e+07,0,1.20777e+08,2.0885e+07,11152200.0
05/09/2006 05:00,5,9,2,5,0,13.55,98.3333,0,0,50355.6,2.15815e+08,1.32279e+07,0.0
05/09/2006 06:00,5,9,2,6,0,13.65,97.6667,0,5.73064e+06,9.43029e+06,3.80318e+08,2.48029e+07,5730640.0
05/09/2006 07:00,5,9,2,7,0,13.9,94.25,0,0,1.50803e+07,4.69001e+08,2.10471e+07,0.0
05/09/2006 08:00,5,9,2,8,0,13.55,95.3333,0,0,1.38277e+07,4.26668e+08,2.16264e+07,0.0
05/09/2006 09:00,5,9,2,9,0,13.3,97,0,0,1.41395e+07,4.24502e+08,2.23931e+07,0.0
05/09/2006 10:00,5,9,2,10,0,13.9417,92.9167,0,0,1.57878e+07,4.45138e+08,2.33358e+07,0.0
05/09/2006 11:00,5,9,2,11,0,14.75,90,0,0,1.87896e+07,4.69995e+08,2.38463e+07,0.0
05/09/2006 12:00,5,9,2,12,0,15.35,87.6667,0,0,2.94028e+07,4.811e+08,2.46009e+07,0.0
05/09/2006 13:00,5,9,2,13,0,15.8917,84.25,0,0,3.47537e+07,4.66827e+08,2.8759e+07,0.0
05/09/2006 14:00,5,9,2,14,0,16.1,83,0,0,5.13044e+07,5.07703e+08,2.54122e+07,0.0
05/09/2006 15:00,5,9,2,15,0,16.1,83,0,0,5.46692e+07,5.15144e+08,2.03565e+07,0.0
05/09/2006 16:00,5,9,2,16,0,16.1,85.3333,0,0,5.40141e+07,5.13956e+08,1.95425e+07,0.0
05/09/2006 17:00,5,9,2,17,0,16.1,87,0,0,5.33265e+07,5.22045e+08,2.06528e+07,0.0
05/09/2006 18:00,5,9,2,18,0,15.8083,88.75,0,0,4.53608e+07,5.32245e+08,2.17864e+07,0.0
05/09/2006 19:00,5,9,2,19,0,15.6,87.6667,0,0,3.98689e+07,5.41925e+08,2.28114e+07,0.0
05/09/2006 20:00,5,9,2,20,0,15.6,86,0,0,3.25038e+07,4.9909e+08,2.11681e+07,0.0
05/09/2006 21:00,5,9,2,21,0,15.25,88.3333,0,0,1.2449e+07,3.13134e+08,1.72678e+07,0.0
05/09/2006 22:00,5,9,2,22,0,15,90,0,18810.8,6.91104e+06,2.2944e+08,1.36858e+07,18810.8
05/09/2006 23:00,5,9,2,23,0,14.65,91.75,0,446911,3.80843e+06,1.98743e+08,1.35366e+07,446911.0
05/10/2006 00:00,5,10,3,0,0,14.4,93,0,1.17867e+06,1.88106e+06,1.65585e+08,1.39652e+07,1178670.0
05/10/2006 01:00,5,10,3,1,0,14.1083,94.75,0,2.63036e+06,2.10184e+06,1.49775e+08,1.22958e+07,2630360.0
05/10/2006 02:00,5,10,3,2,0,13.9,94.25,0,0,0,1.11652e+08,2.02464e+06,0.0
05/10/2006 03:00,5,10,3,3,0,13.9,93,0,1.31414e+07,0,1.05862e+08,1.98841e+07,13141400.0
05/10/2006 04:00,5,10,3,4,0,13.9,93,0,1.07837e+07,0,1.2493e+08,2.0537e+07,10783700.0
05/10/2006 05:00,5,10,3,5,0,13.9,94.75,0,0,2.2283e+06,2.51741e+08,1.32656e+07,0.0
05/10/2006 06:00,5,10,3,6,0,13.9,96,0,1.72716e+06,1.1409e+07,4.11814e+08,1.99047e+07,1727160.0
05/10/2006 07:00,5,10,3,7,0,14.1917,96.5833,0,0,1.60209e+07,4.80846e+08,2.1014e+07,0.0
05/10/2006 08:00,5,10,3,8,0,14.4,97,0,0,1.71094e+07,4.70725e+08,2.16218e+07,0.0
05/10/2006 09:00,5,10,3,9,0,14.75,96.4167,0,0,1.85763e+07,4.66997e+08,2.22819e+07,0.0
05/10/2006 10:00,5,10,3,10,0,15.35,96,0,0,3.08368e+07,4.82854e+08,2.30008e+07,0.0
05/10/2006 11:00,5,10,3,11,0,16.5333,90.75,0,0,6.81776e+07,5.28361e+08,2.36743e+07,0.0
05/10/2006 12:00,5,10,3,12,0,17.8417,85.25,0,0,1.20431e+08,5.84296e+08,2.46303e+07,0.0
05/10/2006 13:00,5,10,3,13,0,19.2917,82.25,0,0,1.51169e+08,6.00697e+08,2.87253e+07,0.0
05/10/2006 14:00,5,10,3,14,0,20.35,81,0,0,1.80306e+08,6.75338e+08,2.5674e+07,0.0
05/10/2006 15:00,5,10,3,15,0,21.5333,78.0833,0,0,2.24532e+08,7.67414e+08,2.05654e+07,0.0
05/10/2006 16:00,5,10,3,16,0,23.4833,74.8333,0,0,2.53137e+08,8.2636e+08,1.96862e+07,0.0
05/10/2006 17:00,5,10,3,17,0,23.4667,75.1667,0,0,2.48874e+08,8.16288e+08,2.05531e+07,0.0
05/10/2006 18:00,5,10,3,18,0,22.1583,78.9167,0,0,2.27602e+08,7.71075e+08,2.16448e+07,0.0
05/10/2006 19:00,5,10,3,19,0,21.0583,84.5,0,0,2.17324e+08,7.71676e+08,2.28607e+07,0.0
05/10/2006 20:00,5,10,3,20,0,20.6,88.75,0,0,1.92925e+08,7.0652e+08,2.14549e+07,0.0
05/10/2006 21:00,5,10,3,21,0,20.6,90,0,0,1.50849e+08,4.79869e+08,1.70247e+07,0.0
05/10/2006 22:00,5,10,3,22,0,19.9,91.75,0,156201,1.3e+08,3.8342e+08,1.39425e+07,156201.0
05/10/2006 23:00,5,10,3,23,0,18.7583,95.3333,0,0,8.80808e+07,3.07545e+08,1.30783e+07,0.0
05/11/2006 00:00,5,11,4,0,0,18.3,97,0,434652,9.77502e+07,2.96595e+08,1.18419e+07,434652.0
05/11/2006 01:00,5,11,4,1,0,17.6583,98.75,0,0,6.25944e+07,2.36902e+08,9.19851e+06,0.0
05/11/2006 02:00,5,11,4,2,0,16.9083,97.6667,0,0,4.43131e+07,1.88641e+08,3.79383e+06,0.0
05/11/2006 03:00,5,11,4,3,0,16.9917,96.5833,0,148078,3.43301e+07,1.66861e+08,6.23533e+06,148078.0
05/11/2006 04:00,5,11,4,4,0,17.2,94.6667,0,241644,4.48777e+07,2.03819e+08,9.94179e+06,241644.0
05/11/2006 05:00,5,11,4,5,0,17.2,91.25,0,0,5.37127e+07,3.0655e+08,1.32065e+07,0.0
05/11/2006 06:00,5,11,4,6,0,17.2,94.0833,0,0,1.08404e+08,5.08362e+08,1.87537e+07,0.0
05/11/2006 07:00,5,11,4,7,0,18.8333,89.4167,0,0,1.65284e+08,6.50486e+08,2.09535e+07,0.0
05/11/2006 08:00,5,11,4,8,0,21.2833,79.3333,0,0,2.1338e+08,7.41711e+08,2.15677e+07,0.0
05/11/2006 09:00,5,11,4,9,0,23.1917,73.0833,0,0,2.41572e+08,8.05023e+08,2.22225e+07,0.0
05/11/2006 10:00,5,11,4,10,0,24.5417,69.8333,0,0,2.56892e+08,8.34671e+08,2.29433e+07,0.0
05/11/2006 11:00,5,11,4,11,0,25.6417,67.8333,0,0,2.65959e+08,8.42673e+08,2.36187e+07,0.0
05/11/2006 12:00,5,11,4,12,0,27.7333,61.1667,0,0,2.70463e+08,8.36606e+08,2.45422e+07,0.0
05/11/2006 13:00,5,11,4,13,0,29.1917,54.6667,0,0,2.47701e+08,7.78507e+08,2.86895e+07,0.0
05/11/2006 14:00,5,11,4,14,0,30.1,50.0833,0,0,2.92925e+08,8.99338e+08,2.52576e+07,0.0
05/11/2006 15:00,5,11,4,15,0,30.25,46.8333,0,0,2.98059e+08,9.27705e+08,2.02489e+07,0.0
05/11/2006 16:00,5,11,4,16,0,25.8,58.8333,0,0,2.5317e+08,8.39162e+08,1.9547e+07,0.0
05/11/2006 17:00,5,11,4,17,0,20.8167,82.5833,0,0,2.14547e+08,7.49401e+08,2.0489e+07,0.0
05/11/2006 18:00,5,11,4,18,0,19.1083,94.75,0,0,1.99458e+08,7.3143e+08,2.16858e+07,0.0
05/11/2006 19:00,5,11,4,19,0,19.1917,92.5,0,0,1.9191e+08,7.38519e+08,2.27278e+07,0.0
05/11/2006 20:00,5,11,4,20,0,19.1083,91.75,0,0,1.72514e+08,6.71876e+08,2.14414e+07,0.0
05/11/2006 21:00,5,11,4,21,0,19.1917,89.5,0,0,1.41047e+08,4.58681e+08,1.71931e+07,0.0
05/11/2006 22:00,5,11,4,22,0,16.8333,78.25,0,164095,3.83848e+07,2.74265e+08,1.37988e+07,164095.0
05/11/2006 23:00,5,11,4,23,0,13.7167,68.5,0,0,2.71769e+06,1.93492e+08,1.30685e+07,0.0
05/12/2006 00:00,5,12,5,0,0,12.45,66,0,260779,3.41455e+06,1.68185e+08,1.27615e+07,260779.0
05/12/2006 01:00,5,12,5,1,0,11.9083,66,0,624584,1.27943e+06,1.49063e+08,9.47763e+06,624584.0
05/12/2006 02:00,5,12,5,2,0,11.0583,67.1667,0,0,0,1.1393e+08,3.07442e+06,0.0
05/12/2006 03:00,5,12,5,3,0,10.6,65.0833,0,1.03997e+07,0,1.06442e+08,1.6415e+07,10399700.0
05/12/2006 04:00,5,12,5,4,0,10.25,64.75,0,1.96661e+07,0,1.27361e+08,2.93811e+07,19666100.0
05/12/2006 05:00,5,12,5,5,0,9.65,68.9167,0,0,0,2.15764e+08,1.31895e+07,0.0
05/12/2006 06:00,5,12,5,6,0,10.1,67.5,0,2.20339e+06,7.40694e+06,3.63331e+08,2.1184e+07,2203390.0
05/12/2006 07:00,5,12,5,7,0,11.2417,65.5833,0,0,1.16809e+07,4.32645e+08,2.09115e+07,0.0
05/12/2006 08:00,5,12,5,8,0,11.9917,58.4167,0,0,1.27096e+07,4.45627e+08,2.1477e+07,0.0
05/12/2006 09:00,5,12,5,9,0,12.2,50.6667,0,0,1.31048e+07,4.56721e+08,2.22257e+07,0.0
05/12/2006 10:00,5,12,5,10,0,12.8417,45.5,0,0,1.3403e+07,4.67002e+08,2.31432e+07,0.0
05/12/2006 11:00,5,12,5,11,0,13.9417,39.5,0,0,1.41044e+07,4.73233e+08,2.36385e+07,0.0
05/12/2006 12:00,5,12,5,12,0,15.1,36.4167,0,0,2.86766e+07,5.0702e+08,2.44672e+07,0.0
05/12/2006 13:00,5,12,5,13,0,15.8917,34.25,0,0,4.16297e+07,4.92146e+08,2.84999e+07,0.0
05/12/2006 14:00,5,12,5,14,0,16.1,32.4167,0,0,6.63687e+07,5.59192e+08,2.55016e+07,0.0
05/12/2006 15:00,5,12,5,15,0,16.1,33.75,0,0,7.56563e+07,5.85199e+08,2.02459e+07,0.0
05/12/2006 16:00,5,12,5,16,0,15.4583,34.4167,0,0,5.49646e+07,5.68483e+08,1.93763e+07,0.0
05/12/2006 17:00,5,12,5,17,0,14.65,35.75,0,0,2.32231e+07,5.27886e+08,2.04901e+07,0.0
05/12/2006 18:00,5,12,5,18,0,14.4,35.8333,0,0,1.67285e+07,5.13737e+08,2.1629e+07,0.0
05/12/2006 19:00,5,12,5,19,0,13.7583,36.1667,0,0,1.43385e+07,4.9103e+08,2.26578e+07,0.0
05/12/2006 20:00,5,12,5,20,0,12.6583,39.3333,0,0,1.12192e+07,4.49889e+08,2.09322e+07,0.0
05/12/2006 21:00,5,12,5,21,0,11.9083,41.5833,0,0,3.97789e+06,2.75337e+08,1.68188e+07,0.0
05/12/2006 22:00,5,12,5,22,0,11.0583,44.3333,0,154736,4.36189e+06,2.13971e+08,1.37963e+07,154736.0
05/12/2006 23:00,5,12,5,23,0,10.25,48.3333,0,427027,3.31022e+06,1.96589e+08,1.34917e+07,427027.0
05/13/2006 00:00,5,13,6,0,0,9.65,51.1667,0,3.30262e+06,3.14129e+06,1.6901e+08,1.60692e+07,3302620.0
05/13/2006 01:00,5,13,6,1,0,9.10833,51.4167,0,0,0,8.88403e+07,0,0.0
05/13/2006 02:00,5,13,6,2,0,8.25833,53.3333,0,0,0,9.04092e+07,0,0.0
05/13/2006 03:00,5,13,6,3,0,7.45,55,0,0,0,8.63048e+07,1.54068e+06,0.0
05/13/2006 04:00,5,13,6,4,0,6.90833,57.3333,0,0,0,8.83406e+07,0,0.0
05/13/2006 05:00,5,13,6,5,0,6.35,60.75,0,0,0,9.34994e+07,8.93358e+06,0.0
05/13/2006 06:00,5,13,6,6,0,6.45,59.0833,0,8.45416e+07,0,9.84736e+07,9.43617e+07,84541600.0
05/13/2006 07:00,5,13,6,7,0,7.63333,54.6667,0,5.16652e+07,94241.8,1.37053e+08,6.19624e+07,51665200.0
05/13/2006 08:00,5,13,6,8,0,8.65,48.3333,0,2.2015e+07,39480.4,1.68609e+08,3.5046e+07,22015000.0
05/13/2006 09:00,5,13,6,9,0,9.89167,40.9167,0,6.16657e+06,896814,1.82912e+08,2.05655e+07,6166570.0
05/13/2006 10:00,5,13,6,10,0,11.2417,35.6667,0,805330,1.18545e+06,1.76126e+08,1.62648e+07,805330.0
05/13/2006 11:00,5,13,6,11,0,12.3417,32.25,0,5134.24,1.15928e+06,1.6227e+08,1.41792e+07,5134.24
05/13/2006 12:00,5,13,6,12,0,13.4417,31.5833,0,0,563444,1.41383e+08,1.42635e+07,0.0
05/13/2006 13:00,5,13,6,13,0,13.9,30.8333,0,0,1.22679e+06,1.36216e+08,1.44534e+07,0.0
05/13/2006 14:00,5,13,6,14,0,14.5417,31.75,0,0,2.07765e+06,1.30928e+08,1.16024e+07,0.0
05/13/2006 15:00,5,13,6,15,0,15.35,31.25,0,0,7.12632e+06,1.46281e+08,1.26638e+07,0.0
05/13/2006 16:00,5,13,6,16,0,14.6083,29.4167,0,0,2.00687e+06,1.22204e+08,1.20741e+07,0.0
05/13/2006 17:00,5,13,6,17,0,14.5417,28.4167,0,0,2.56927e+06,1.16678e+08,9.5439e+06,0.0
05/13/2006 18:00,5,13,6,18,0,14.65,29.75,0,0,2.11837e+06,9.85719e+07,8.44969e+06,0.0
05/13/2006 19:00,5,13,6,19,0,13.4667,30.4167,0,0,423417,7.30084e+07,7.25648e+06,0.0
05/13/2006 20:00,5,13,6,20,0,12.45,30.5833,0,0,0,1.00134e+08,0,0.0
05/13/2006 21:00,5,13,6,21,0,12.2,31,0,0,0,9.89319e+07,0,0.0
05/13/2006 22:00,5,13,6,22,0,11.2667,33.9167,0,0,0,9.18554e+07,1.54074e+06,0.0
05/13/2006 23:00,5,13,6,23,0,10.25,40.0833,0,0,0,9.90179e+07,0,0.0
05/14/2006 00:00,5,14,0,0,0,9.65,45.3333,0,0,0,8.56522e+07,0,0.0
05/14/2006 01:00,5,14,0,1,0,9.10833,51.0833,0,0,0,7.85527e+07,1.54051e+06,0.0
05/14/2006 02:00,5,14,0,2,0,8.55,53.4167,0,0,0,8.33347e+07,0,0.0
05/14/2006 03:00,5,14,0,3,0,7.36667,61.1667,0,0,0,8.0871e+07,0,0.0
05/14/2006 04:00,5,14,0,4,0,6.35,70.5,0,0,0,7.85621e+07,1.18641e+07,0.0
05/14/2006 05:00,5,14,0,5,0,6.1,71.25,0,0,0,8.03666e+07,7.3784e+06,0.0
05/14/2006 06:00,5,14,0,6,0,6.74167,70,0,0,0,6.62963e+07,9.31835e+06,0.0
05/14/2006 07:00,5,14,0,7,0,8.83333,60.6667,0,0,0,5.81126e+07,7.57205e+06,0.0
05/14/2006 08:00,5,14,0,8,0,11.2833,51.0833,0,0,0,7.38993e+07,7.58453e+06,0.0
05/14/2006 09:00,5,14,0,9,0,13.4833,43.1667,0,0,893248,9.06121e+07,9.47586e+06,0.0
05/14/2006 10:00,5,14,0,10,0,14.75,35.5,0,0,2.27774e+06,9.97816e+07,7.63037e+06,0.0
05/14/2006 11:00,5,14,0,11,0,15,33.5833,0,0,3.17009e+06,1.09806e+08,9.63892e+06,0.0
05/14/2006 12:00,5,14,0,12,0,15.9917,32.25,0,0,1.09901e+07,1.07728e+08,9.75753e+06,0.0
05/14/2006 13:00,5,14,0,13,0,16.7,32.75,0,0,2.08364e+07,1.2726e+08,9.92469e+06,0.0
05/14/2006 14:00,5,14,0,14,0,16.9917,30.5,0,0,1.98685e+07,1.16937e+08,9.14909e+06,0.0
05/14/2006 15:00,5,14,0,15,0,17.55,29.75,0,0,3.29371e+07,1.41291e+08,8.10936e+06,0.0
05/14/2006 16:00,5,14,0,16,0,18.0917,29.25,0,0,3.46003e+07,1.34956e+08,7.63598e+06,0.0
05/14/2006 17:00,5,14,0,17,0,18.0083,29.1667,0,0,4.02037e+07,1.50942e+08,9.26555e+06,0.0
05/14/2006 18:00,5,14,0,18,0,17.1583,32.3333,0,0,2.20028e+07,1.13218e+08,7.35473e+06,0.0
05/14/2006 19:00,5,14,0,19,0,15.3583,41.5833,0,0,6.38148e+06,8.59171e+07,1.82227e+06,0.0
05/14/2006 20:00,5,14,0,20,0,13.7583,48.1667,0,0,0,9.18554e+07,1.54077e+06,0.0
05/14/2006 21:00,5,14,0,21,0,13.0083,48.4167,0,0,0,9.18554e+07,0,0.0
05/14/2006 22:00,5,14,0,22,0,12.45,46.25,0,0,0,9.18554e+07,0,0.0
05/14/2006 23:00,5,14,0,23,0,12.2,45,0,0,0,9.18554e+07,1.54079e+06,0.0
05/15/2006 00:00,5,15,1,0,0,11.9083,50.25,0,0,0,7.85527e+07,0,0.0
05/15/2006 01:00,5,15,1,1,0,11.7,58.0833,0,3.05556e+07,0,1.44336e+08,4.41413e+07,30555600.0
05/15/2006 02:00,5,15,1,2,0,11.35,63.9167,0,0,0,9.9572e+07,3.67394e+06,0.0
05/15/2006 03:00,5,15,1,3,0,11.1,66,0,5.35339e+07,0,1.05812e+08,5.94137e+07,53533900.0
05/15/2006 04:00,5,15,1,4,0,11.1,67.75,0,5.63654e+07,0,1.24222e+08,6.60621e+07,56365400.0
05/15/2006 05:00,5,15,1,5,0,10.8083,70.1667,0,0,54894.7,2.15819e+08,1.30106e+07,0.0
05/15/2006 06:00,5,15,1,6,0,10.8917,69.8333,0,1.55773e+07,4.0402e+06,3.62408e+08,3.33361e+07,15577300.0
05/15/2006 07:00,5,15,1,7,0,11.45,67.25,0,0,9.67626e+06,4.15845e+08,2.07814e+07,0.0
05/15/2006 08:00,5,15,1,8,0,12.3417,63.6667,0,0,1.08806e+07,4.12761e+08,2.13843e+07,0.0
05/15/2006 09:00,5,15,1,9,0,13.0917,60.8333,0,0,1.15416e+07,4.16835e+08,2.20528e+07,0.0
05/15/2006 10:00,5,15,1,10,0,14.2917,55.9167,0,0,1.50159e+07,4.53235e+08,2.27751e+07,0.0
05/15/2006 11:00,5,15,1,11,0,16.2833,47.1667,0,0,5.61986e+07,5.1894e+08,2.34521e+07,0.0
05/15/2006 12:00,5,15,1,12,0,17.8417,39.5,0,0,9.15638e+07,5.49694e+08,2.44227e+07,0.0
05/15/2006 13:00,5,15,1,13,0,18.0083,38.75,0,0,8.16252e+07,5.17988e+08,2.85475e+07,0.0
05/15/2006 14:00,5,15,1,14,0,17.45,40.5833,0,0,8.77926e+07,5.47349e+08,2.50369e+07,0.0
05/15/2006 15:00,5,15,1,15,0,16.9083,41,0,0,7.74112e+07,5.41351e+08,2.02358e+07,0.0
05/15/2006 16:00,5,15,1,16,0,15.3583,50.3333,0,0,3.55603e+07,4.95285e+08,1.95056e+07,0.0
05/15/2006 17:00,5,15,1,17,0,14.75,51.1667,0,0,1.83245e+07,4.78521e+08,2.03295e+07,0.0
05/15/2006 18:00,5,15,1,18,0,14.3583,48.1667,0,0,1.57853e+07,4.8175e+08,2.13799e+07,0.0
05/15/2006 19:00,5,15,1,19,0,12.9083,60.6667,0,0,1.3697e+07,4.76943e+08,2.25441e+07,0.0
05/15/2006 20:00,5,15,1,20,0,11.9083,75.4167,0,0,1.11229e+07,4.41272e+08,2.1283e+07,0.0
05/15/2006 21:00,5,15,1,21,0,11.7,83.5,0,0,3.73842e+06,2.72901e+08,1.71064e+07,0.0
05/15/2006 22:00,5,15,1,22,0,11.35,90.0833,0,471013,4.52793e+06,2.13257e+08,1.40549e+07,471013.0
05/15/2006 23:00,5,15,1,23,0,11.1,95.3333,0,1.97225e+06,2.3589e+06,1.92497e+08,1.50083e+07,1972250.0
05/16/2006 00:00,5,16,2,0,0,11.45,96.4167,0,5.49488e+06,2.80492e+06,1.65636e+08,1.67746e+07,5494880.0
05/16/2006 01:00,5,16,2,1,0,11.7,98.3333,0,6.27257e+06,0,1.43633e+08,1.5548e+07,6272570.0
05/16/2006 02:00,5,16,2,2,0,11.9917,98.25,0,0,0,1.10545e+08,3.79073e+06,0.0
05/16/2006 03:00,5,16,2,3,0,12.55,96.4167,0,2.7921e+07,0,1.09494e+08,3.36424e+07,27921000.0
05/16/2006 04:00,5,16,2,4,0,12.8,96,0,2.61515e+07,0,1.29271e+08,3.5868e+07,26151500.0
05/16/2006 05:00,5,16,2,5,0,12.8,98.3333,0,0,47873.1,2.15812e+08,1.31562e+07,0.0
05/16/2006 06:00,5,16,2,6,0,13.0917,98.25,0,4.43296e+06,8.38355e+06,3.7267e+08,2.33133e+07,4432960.0
05/16/2006 07:00,5,16,2,7,0,13.65,96.4167,0,0,1.32369e+07,4.41766e+08,2.07402e+07,0.0
05/16/2006 08:00,5,16,2,8,0,13.9,96,0,0,1.41852e+07,4.32967e+08,2.12839e+07,0.0
05/16/2006 09:00,5,16,2,9,0,14.1917,94.25,0,0,1.69215e+07,4.62698e+08,2.20102e+07,0.0
05/16/2006 10:00,5,16,2,10,0,14.75,93,0,0,1.86904e+07,4.67035e+08,2.27352e+07,0.0
05/16/2006 11:00,5,16,2,11,0,15.35,88.9167,0,0,3.08601e+07,4.83184e+08,2.33805e+07,0.0
05/16/2006 12:00,5,16,2,12,0,15.6,86,0,0,3.58217e+07,4.87135e+08,2.42914e+07,0.0
05/16/2006 13:00,5,16,2,13,0,15.8917,86.5833,0,0,3.47771e+07,4.674e+08,2.79434e+07,0.0
05/16/2006 14:00,5,16,2,14,0,16.1,87,0,0,5.15101e+07,5.08344e+08,2.5779e+07,0.0
05/16/2006 15:00,5,16,2,15,0,16.1,87,0,0,5.5142e+07,5.16616e+08,2.00909e+07,0.0
05/16/2006 16:00,5,16,2,16,0,16.45,85.25,0,0,6.6221e+07,5.30794e+08,1.91641e+07,0.0
05/16/2006 17:00,5,16,2,17,0,16.7,85.1667,0,0,7.3492e+07,5.43749e+08,2.02765e+07,0.0
05/16/2006 18:00,5,16,2,18,0,16.9917,83.0833,0,0,8.09586e+07,5.69214e+08,2.14234e+07,0.0
05/16/2006 19:00,5,16,2,19,0,16.5583,86.25,0,0,6.88754e+07,5.73726e+08,2.24579e+07,0.0
05/16/2006 20:00,5,16,2,20,0,16.1,91.75,0,0,4.69656e+07,5.16949e+08,2.08346e+07,0.0
05/16/2006 21:00,5,16,2,21,0,16.45,88.9167,0,0,3.097e+07,3.33061e+08,1.62185e+07,0.0
05/16/2006 22:00,5,16,2,22,0,16.0583,91.8333,0,0,2.24688e+07,2.6013e+08,1.36007e+07,0.0
05/16/2006 23:00,5,16,2,23,0,15.6,96,0,108077,1.24042e+07,2.28488e+08,1.31395e+07,108077.0
05/17/2006 00:00,5,17,3,0,0,15.8917,94.25,0,322055,1.3134e+07,2.05591e+08,1.30598e+07,322055.0
05/17/2006 01:00,5,17,3,1,0,16.1,91.25,0,0,1.2313e+07,1.88726e+08,9.79231e+06,0.0
05/17/2006 02:00,5,17,3,2,0,15.8083,91.75,0,0,7.48093e+06,1.45391e+08,1.88279e+06,0.0
05/17/2006 03:00,5,17,3,3,0,15.6,93,0,2.83661e+06,3.3653e+06,1.24854e+08,9.99018e+06,2836610.0
05/17/2006 04:00,5,17,3,4,0,15.6,93,0,7.54075e+06,7.09997e+06,1.62943e+08,1.66558e+07,7540750.0
05/17/2006 05:00,5,17,3,5,0,15.6,93,0,0,1.28655e+07,2.58847e+08,1.23453e+07,0.0
05/17/2006 06:00,5,17,3,6,0,15.6,91.25,0,722769,2.51103e+07,4.22884e+08,1.85944e+07,722769.0
05/17/2006 07:00,5,17,3,7,0,15.8917,88.25,0,0,3.79538e+07,4.90898e+08,2.07106e+07,0.0
05/17/2006 08:00,5,17,3,8,0,16.7417,85.25,0,0,6.09975e+07,5.11694e+08,2.13015e+07,0.0
05/17/2006 09:00,5,17,3,9,0,16.9083,85.1667,0,0,7.05689e+07,5.25338e+08,2.19814e+07,0.0
05/17/2006 10:00,5,17,3,10,0,16.7,88.3333,0,0,7.26502e+07,5.33276e+08,2.27042e+07,0.0
05/17/2006 11:00,5,17,3,11,0,16.9917,90,0,0,1.07777e+08,5.75682e+08,2.34677e+07,0.0
05/17/2006 12:00,5,17,3,12,0,17.2,91.75,0,0,1.36758e+08,6.04837e+08,2.53056e+07,0.0
05/17/2006 13:00,5,17,3,13,0,17.55,91.25,0,0,1.31707e+08,5.77258e+08,2.75197e+07,0.0
05/17/2006 14:00,5,17,3,14,0,18.0917,88.25,0,0,1.56828e+08,6.31938e+08,2.55869e+07,0.0
05/17/2006 15:00,5,17,3,15,0,18.65,87,0,0,1.58296e+08,6.38936e+08,2.0243e+07,0.0
05/17/2006 16:00,5,17,3,16,0,18.9,87,0,0,1.60021e+08,6.41084e+08,1.94377e+07,0.0
05/17/2006 17:00,5,17,3,17,0,19.1917,85.25,0,0,1.62256e+08,6.48756e+08,2.02687e+07,0.0
05/17/2006 18:00,5,17,3,18,0,19.4,85.75,0,0,1.68364e+08,6.69944e+08,2.13044e+07,0.0
05/17/2006 19:00,5,17,3,19,0,19.1083,88.75,0,0,1.69525e+08,6.92848e+08,2.24529e+07,0.0
05/17/2006 20:00,5,17,3,20,0,18.55,91.75,0,0,1.59118e+08,6.45094e+08,2.10709e+07,0.0
05/17/2006 21:00,5,17,3,21,0,18.3,93,0,0,1.2265e+08,4.35197e+08,1.63214e+07,0.0
05/17/2006 22:00,5,17,3,22,0,18.0083,94.75,0,0,8.40741e+07,3.28281e+08,1.42464e+07,0.0
05/17/2006 23:00,5,17,3,23,0,17.8,94.25,0,0,5.79276e+07,2.7481e+08,1.26359e+07,0.0
05/18/2006 00:00,5,18,4,0,0,17.8,94.75,0,419913,7.08518e+07,2.68057e+08,1.14361e+07,419913.0
05/18/2006 01:00,5,18,4,1,0,17.8,94.25,0,0,5.17901e+07,2.24392e+08,9.8272e+06,0.0
05/18/2006 02:00,5,18,4,2,0,17.8,94.75,0,0,6.00351e+07,2.11931e+08,3.78734e+06,0.0
05/18/2006 03:00,5,18,4,3,0,17.8,96,0,161201,4.69056e+07,1.77982e+08,6.11838e+06,161201.0
05/18/2006 04:00,5,18,4,4,0,17.45,98.3333,0,84735.4,5.96967e+07,2.2534e+08,9.7773e+06,84735.4
05/18/2006 05:00,5,18,4,5,0,17.2,100,0,0,8.61452e+07,3.3735e+08,1.28978e+07,0.0
05/18/2006 06:00,5,18,4,6,0,17.2,100,0,0,1.31034e+08,5.42806e+08,1.76218e+07,0.0
05/18/2006 07:00,5,18,4,7,0,17.55,100,0,0,1.58195e+08,6.38697e+08,2.06355e+07,0.0
05/18/2006 08:00,5,18,4,8,0,17.8,100,0,0,1.6023e+08,6.31711e+08,2.12387e+07,0.0
05/18/2006 09:00,5,18,4,9,0,18.0917,100,0,0,1.64547e+08,6.33017e+08,2.19111e+07,0.0
05/18/2006 10:00,5,18,4,10,0,19.2917,95.9167,0,0,1.88908e+08,6.69691e+08,2.26356e+07,0.0
05/18/2006 11:00,5,18,4,11,0,21.2833,87.75,0,0,2.30134e+08,7.61501e+08,2.33143e+07,0.0
05/18/2006 12:00,5,18,4,12,0,23.1917,81.0833,0,0,2.37062e+08,7.69369e+08,2.42854e+07,0.0
05/18/2006 13:00,5,18,4,13,0,25.1833,77.8333,0,0,2.32537e+08,7.35018e+08,2.84394e+07,0.0
05/18/2006 14:00,5,18,4,14,0,27.0917,74.0833,0,0,2.93432e+08,8.59091e+08,2.49833e+07,0.0
05/18/2006 15:00,5,18,4,15,0,28.4417,69.0833,0,0,3.23107e+08,9.25284e+08,1.99024e+07,0.0
05/18/2006 16:00,5,18,4,16,0,28.55,65.8333,0,0,3.22766e+08,9.41896e+08,1.91112e+07,0.0
05/18/2006 17:00,5,18,4,17,0,28.0083,69.0833,0,0,3.1498e+08,9.22783e+08,2.01975e+07,0.0
05/18/2006 18:00,5,18,4,18,0,27.45,72,0,0,3.01104e+08,8.89055e+08,2.13571e+07,0.0
05/18/2006 19:00,5,18,4,19,0,26.5583,73.1667,0,0,2.79312e+08,8.62626e+08,2.23949e+07,0.0
05/18/2006 20:00,5,18,4,20,0,24.4667,80.4167,0,0,2.30868e+08,7.54385e+08,2.10091e+07,0.0
05/18/2006 21:00,5,18,4,21,0,23.3,85,0,0,1.70373e+08,5.05656e+08,1.70543e+07,0.0
05/18/2006 22:00,5,18,4,22,0,22.6583,88.5,0,0,1.43051e+08,3.94904e+08,1.35535e+07,0.0
05/18/2006 23:00,5,18,4,23,0,22.2,91,0,0,1.12888e+08,3.41877e+08,1.30119e+07,0.0
05/19/2006 00:00,5,19,5,0,0,21.9083,90.4167,0,100553,1.32416e+08,3.35248e+08,1.14769e+07,100553.0
05/19/2006 01:00,5,19,5,1,0,21.35,91.75,0,0,9.72999e+07,2.78513e+08,9.15438e+06,0.0
05/19/2006 02:00,5,19,5,2,0,21.1,93,0,0,9.87479e+07,2.46204e+08,3.79142e+06,0.0
05/19/2006 03:00,5,19,5,3,0,20.1083,95.3333,0,0,7.97427e+07,2.26927e+08,6.09788e+06,0.0
05/19/2006 04:00,5,19,5,4,0,19.1083,98.75,0,0,9.17409e+07,2.58861e+08,9.6883e+06,0.0
05/19/2006 05:00,5,19,5,5,0,18.55,100,0,0,1.36101e+08,4.0446e+08,1.31434e+07,0.0
05/19/2006 06:00,5,19,5,6,0,19.2917,100,0,0,1.77449e+08,6.02314e+08,1.78951e+07,0.0
05/19/2006 07:00,5,19,5,7,0,20.9917,95.9167,0,0,2.28761e+08,7.51357e+08,2.05707e+07,0.0
05/19/2006 08:00,5,19,5,8,0,22.6333,88.3333,0,0,2.56776e+08,8.11161e+08,2.11831e+07,0.0
05/19/2006 09:00,5,19,5,9,0,27.85,63.4167,0,0,2.93513e+08,8.89264e+08,2.18511e+07,0.0
05/19/2006 10:00,5,19,5,10,0,31.7417,45.6667,0,0,3.10039e+08,9.27651e+08,2.25773e+07,0.0
05/19/2006 11:00,5,19,5,11,0,32.8417,40.5,0,0,3.06033e+08,9.32724e+08,2.3256e+07,0.0
05/19/2006 12:00,5,19,5,12,0,33.3,39.1667,0,0,2.9416e+08,9.0123e+08,2.41944e+07,0.0
05/19/2006 13:00,5,19,5,13,0,33.65,38.25,0,0,2.66109e+08,8.28781e+08,2.84017e+07,0.0
05/19/2006 14:00,5,19,5,14,0,34.1917,38.1667,0,0,3.21239e+08,9.67065e+08,2.50443e+07,0.0
05/19/2006 15:00,5,19,5,15,0,34.75,37.25,0,0,3.45339e+08,1.01184e+09,1.99062e+07,0.0
05/19/2006 16:00,5,19,5,16,0,33.3667,41.25,0,0,3.37714e+08,9.95802e+08,1.90169e+07,0.0
05/19/2006 17:00,5,19,5,17,0,31.5583,46.1667,0,0,3.1886e+08,9.74759e+08,2.01412e+07,0.0
05/19/2006 18:00,5,19,5,18,0,30.8083,48.75,0,0,3.04931e+08,9.36109e+08,2.12896e+07,0.0
05/19/2006 19:00,5,19,5,19,0,28.9667,53.5,0,0,2.79408e+08,8.94364e+08,2.23262e+07,0.0
05/19/2006 20:00,5,19,5,20,0,26.8083,61.25,0,0,2.3364e+08,7.78402e+08,2.05916e+07,0.0
05/19/2006 21:00,5,19,5,21,0,25.8083,66.1667,0,0,1.75353e+08,5.20905e+08,1.66895e+07,0.0
05/19/2006 22:00,5,19,5,22,0,25.25,68.1667,0,0,1.42023e+08,4.01587e+08,1.35486e+07,0.0
05/19/2006 23:00,5,19,5,23,0,24.0083,73.0833,0,0,1.11249e+08,3.44641e+08,1.30011e+07,0.0
05/20/2006 00:00,5,20,6,0,0,23.3,79.5,0,0,1.31731e+08,3.36537e+08,1.2443e+07,0.0
05/20/2006 01:00,5,20,6,1,0,22.3667,84.9167,0,197724,9.84381e+07,2.27905e+08,396552,197724.0
05/20/2006 02:00,5,20,6,2,0,21.0583,90.5,0,0,1.03738e+08,2.31175e+08,0,0.0
05/20/2006 03:00,5,20,6,3,0,20.25,94.75,0,0,7.78118e+07,2.005e+08,1.54073e+06,0.0
05/20/2006 04:00,5,20,6,4,0,20.35,96,0,0,9.30116e+07,2.24823e+08,0,0.0
05/20/2006 05:00,5,20,6,5,0,19.9,98.3333,0,0,4.96348e+06,9.8705e+07,8.55289e+06,0.0
05/20/2006 06:00,5,20,6,6,0,19.75,100,0,0,9.35164e+07,2.23209e+08,9.80857e+06,0.0
05/20/2006 07:00,5,20,6,7,0,21.2833,95.9167,0,0,1.61716e+08,3.53735e+08,1.02671e+07,0.0
05/20/2006 08:00,5,20,6,8,0,22.8417,89.5,0,0,1.75716e+08,4.17593e+08,1.29711e+07,0.0
05/20/2006 09:00,5,20,6,9,0,24.9333,79.4167,0,0,1.94701e+08,4.61471e+08,1.37831e+07,0.0
05/20/2006 10:00,5,20,6,10,0,30.0083,58.25,0,0,2.14134e+08,4.81054e+08,1.51803e+07,0.0
05/20/2006 11:00,5,20,6,11,0,33.4417,41.1667,0,0,2.07753e+08,4.62721e+08,1.48173e+07,0.0
05/20/2006 12:00,5,20,6,12,0,34.1917,38.75,0,0,1.96594e+08,4.22611e+08,1.37143e+07,0.0
05/20/2006 13:00,5,20,6,13,0,34.75,40,0,0,1.62565e+08,3.44191e+08,1.3429e+07,0.0
05/20/2006 14:00,5,20,6,14,0,35.35,39.4167,0,0,1.4326e+08,3.11483e+08,1.28712e+07,0.0
05/20/2006 15:00,5,20,6,15,0,33.6167,44.8333,0,58667.3,1.71904e+08,3.66577e+08,1.26715e+07,58667.3
05/20/2006 16:00,5,20,6,16,0,33.1917,46.0833,0,0,1.43868e+08,3.08869e+08,1.04533e+07,0.0
05/20/2006 17:00,5,20,6,17,0,33.2583,45.75,0,0,1.64869e+08,3.20983e+08,9.8596e+06,0.0
05/20/2006 18:00,5,20,6,18,0,31.8083,48.75,0,0,1.26866e+08,2.50937e+08,9.5627e+06,0.0
05/20/2006 19:00,5,20,6,19,0,29.4667,56.4167,0,0,1.45033e+08,2.66297e+08,5.54655e+06,0.0
05/20/2006 20:00,5,20,6,20,0,27.6583,64.5,0,0,1.08013e+08,2.43915e+08,1.54075e+06,0.0
05/20/2006 21:00,5,20,6,21,0,26.9083,69.3333,0,0,1.3409e+08,2.81765e+08,0,0.0
05/20/2006 22:00,5,20,6,22,0,26.7,72.75,0,0,1.07476e+08,2.44025e+08,0,0.0
05/20/2006 23:00,5,20,6,23,0,25.3583,78.6667,0,0,1.2234e+08,2.65114e+08,1.54059e+06,0.0
05/21/2006 00:00,5,21,0,0,0,24.4,82,0,0,1.00469e+08,2.25155e+08,0,0.0
05/21/2006 01:00,5,21,0,1,0,25.1,78.5,0,0,1.21891e+08,2.51863e+08,0,0.0
05/21/2006 02:00,5,21,0,2,0,24.6083,79.5,0,0,8.88301e+07,2.06085e+08,1.54079e+06,0.0
05/21/2006 03:00,5,21,0,3,0,23.55,83.75,0,0,1.05377e+08,2.32112e+08,0,0.0
05/21/2006 04:00,5,21,0,4,0,23.0083,84.4167,0,0,7.85551e+07,2.0073e+08,1.19704e+07,0.0
05/21/2006 05:00,5,21,0,5,0,22.45,85.75,0,0,8.29992e+07,2.0663e+08,7.95251e+06,0.0
05/21/2006 06:00,5,21,0,6,0,22.55,87,0,0,9.20056e+07,1.98567e+08,7.8634e+06,0.0
05/21/2006 07:00,5,21,0,7,0,23.4417,84.0833,0,0,4.30217e+07,1.20811e+08,7.53753e+06,0.0
05/21/2006 08:00,5,21,0,8,0,24.5417,80.25,0,0,1.501e+08,2.76857e+08,8.94463e+06,0.0
05/21/2006 09:00,5,21,0,9,0,25.9917,76.0833,0,0,1.18718e+08,2.30044e+08,8.09021e+06,0.0
05/21/2006 10:00,5,21,0,10,0,27.6333,71.6667,0,0,1.56078e+08,2.8326e+08,8.35603e+06,0.0
05/21/2006 11:00,5,21,0,11,0,30.925,54.8333,0,0,1.2359e+08,2.39447e+08,8.87424e+06,0.0
05/21/2006 12:00,5,21,0,12,0,33.0917,43.4167,0,0,1.52935e+08,2.82278e+08,9.71698e+06,0.0
05/21/2006 13:00,5,21,0,13,0,33.65,43.5833,0,0,1.22425e+08,2.38719e+08,9.89596e+06,0.0
05/21/2006 14:00,5,21,0,14,0,33.9,43.4167,0,0,1.60941e+08,2.98049e+08,9.65076e+06,0.0
05/21/2006 15:00,5,21,0,15,0,34.1917,41.25,0,0,1.27276e+08,2.53371e+08,7.57995e+06,0.0
05/21/2006 16:00,5,21,0,16,0,33.4667,47,0,0,1.60768e+08,2.95135e+08,7.98301e+06,0.0
05/21/2006 17:00,5,21,0,17,0,31.8083,52,0,0,1.24574e+08,2.43961e+08,8.89031e+06,0.0
05/21/2006 18:00,5,21,0,18,0,27.5417,67.75,0,0,1.44371e+08,2.61782e+08,7.35135e+06,0.0
05/21/2006 19:00,5,21,0,19,0,25,77.8333,0,0,1.08612e+08,2.07956e+08,1.82374e+06,0.0
05/21/2006 20:00,5,21,0,20,0,23.075,86.3333,0,0,1.21607e+08,2.60498e+08,1.54071e+06,0.0
05/21/2006 21:00,5,21,0,21,0,21.9917,91.8333,0,0,9.09958e+07,2.28505e+08,0,0.0
05/21/2006 22:00,5,21,0,22,0,21.9083,92.1667,0,0,1.13611e+08,2.56164e+08,0,0.0
05/21/2006 23:00,5,21,0,23,0,21.9917,93,0,0,8.11598e+07,2.11448e+08,1.54046e+06,0.0
05/22/2006 00:00,5,22,1,0,0,21.9083,93,0,0,9.60333e+07,2.27192e+08,0,0.0
05/22/2006 01:00,5,22,1,1,0,21.7,91.25,0,0,7.47363e+07,2.50074e+08,1.33193e+07,0.0
05/22/2006 02:00,5,22,1,2,0,21.35,91.75,0,0,6.92779e+07,2.16171e+08,3.78359e+06,0.0
05/22/2006 03:00,5,22,1,3,0,21.1,86,0,0,5.15051e+07,1.8094e+08,5.50945e+06,0.0
05/22/2006 04:00,5,22,1,4,0,20.4583,82.75,0,0,5.9235e+07,2.1228e+08,9.72905e+06,0.0
05/22/2006 05:00,5,22,1,5,0,19.3583,85.75,0,56107.6,1.13275e+08,3.66102e+08,1.31634e+07,56107.6
05/22/2006 06:00,5,22,1,6,0,19.1917,83.5,0,0,1.37934e+08,5.33097e+08,1.83437e+07,0.0
05/22/2006 07:00,5,22,1,7,0,20.7417,73.4167,0,0,1.61027e+08,6.4275e+08,2.04066e+07,0.0
05/22/2006 08:00,5,22,1,8,0,21.9917,65.6667,0,0,1.7461e+08,6.8619e+08,2.10303e+07,0.0
05/22/2006 09:00,5,22,1,9,0,23.4833,60.5,0,0,2.06721e+08,7.47703e+08,2.16953e+07,0.0
05/22/2006 10:00,5,22,1,10,0,25.1,52.1667,0,0,2.20692e+08,7.80711e+08,2.24245e+07,0.0
05/22/2006 11:00,5,22,1,11,0,26.2417,42.75,0,0,2.2089e+08,7.88515e+08,2.31069e+07,0.0
05/22/2006 12:00,5,22,1,12,0,26.7,38.4167,0,0,2.16929e+08,7.7437e+08,2.40261e+07,0.0
05/22/2006 13:00,5,22,1,13,0,26.9917,38.5833,0,0,1.85513e+08,7.06202e+08,2.72337e+07,0.0
05/22/2006 14:00,5,22,1,14,0,27.55,40.1667,0,0,2.27276e+08,8.12925e+08,2.60297e+07,0.0
05/22/2006 15:00,5,22,1,15,0,27.8,40.4167,0,0,2.54171e+08,8.78349e+08,1.98806e+07,0.0
05/22/2006 16:00,5,22,1,16,0,27.1583,41.1667,0,0,2.58475e+08,8.83526e+08,1.88486e+07,0.0
05/22/2006 17:00,5,22,1,17,0,26.9917,39.6667,0,0,2.4841e+08,8.62111e+08,1.99579e+07,0.0
05/22/2006 18:00,5,22,1,18,0,26.9083,39.75,0,0,2.28554e+08,8.15763e+08,2.11149e+07,0.0
05/22/2006 19:00,5,22,1,19,0,26.35,39.8333,0,0,2.14229e+08,7.93877e+08,2.21578e+07,0.0
05/22/2006 20:00,5,22,1,20,0,25.4583,39.5833,0,0,1.81039e+08,6.97159e+08,2.06402e+07,0.0
05/22/2006 21:00,5,22,1,21,0,23.7167,48.75,0,0,1.38787e+08,4.64847e+08,1.55247e+07,0.0
05/22/2006 22:00,5,22,1,22,0,21.8083,65.5,0,0,1.14033e+08,3.67541e+08,1.35313e+07,0.0
05/22/2006 23:00,5,22,1,23,0,20.8083,70.0833,0,0,6.76966e+07,2.96713e+08,1.29802e+07,0.0
05/23/2006 00:00,5,23,2,0,0,19.6083,70.9167,0,406321,5.61872e+07,2.53927e+08,1.31005e+07,406321.0
05/23/2006 01:00,5,23,2,1,0,19.1917,70.0833,0,0,3.93339e+07,2.17623e+08,9.38854e+06,0.0
05/23/2006 02:00,5,23,2,2,0,18.4667,66.25,0,0,3.75346e+07,1.83077e+08,2.24995e+06,0.0
05/23/2006 03:00,5,23,2,3,0,17.8,67.9167,0,0,2.39966e+07,1.61876e+08,7.13769e+06,0.0
05/23/2006 04:00,5,23,2,4,0,17.8,70,0,0,2.73868e+07,1.90382e+08,8.70559e+06,0.0
05/23/2006 05:00,5,23,2,5,0,17.1583,71.1667,0,0,3.18057e+07,2.78576e+08,1.2167e+07,0.0
05/23/2006 06:00,5,23,2,6,0,17.9833,65.5833,0,0,7.84943e+07,4.74313e+08,1.82804e+07,0.0
05/23/2006 07:00,5,23,2,7,0,19.5417,61,0,0,1.48112e+08,6.25002e+08,2.03754e+07,0.0
05/23/2006 08:00,5,23,2,8,0,20.9917,59.8333,0,0,1.5777e+08,6.56888e+08,2.09274e+07,0.0
05/23/2006 09:00,5,23,2,9,0,22.3417,56.6667,0,0,1.73397e+08,7.14431e+08,2.1591e+07,0.0
05/23/2006 10:00,5,23,2,10,0,24.4333,50.3333,0,0,2.03318e+08,7.78123e+08,2.24186e+07,0.0
05/23/2006 11:00,5,23,2,11,0,26.5333,41.75,0,0,2.3593e+08,8.24656e+08,2.33148e+07,0.0
05/23/2006 12:00,5,23,2,12,0,27.2,44.4167,0,0,2.24316e+08,8.1329e+08,2.48373e+07,0.0
05/23/2006 13:00,5,23,2,13,0,27.2,46.6667,0,0,2.14559e+08,7.56032e+08,2.7027e+07,0.0
05/23/2006 14:00,5,23,2,14,0,27.8417,42.6667,0,0,2.51102e+08,8.63323e+08,2.48045e+07,0.0
05/23/2006 15:00,5,23,2,15,0,28.3,42.1667,0,0,2.71479e+08,9.15421e+08,2.00714e+07,0.0
05/23/2006 16:00,5,23,2,16,0,28.0083,44.75,0,0,2.73548e+08,9.1921e+08,1.92303e+07,0.0
05/23/2006 17:00,5,23,2,17,0,27.45,46.5833,0,0,2.63109e+08,8.92004e+08,2.0021e+07,0.0
05/23/2006 18:00,5,23,2,18,0,26.9083,49.3333,0,0,2.46493e+08,8.4394e+08,2.10103e+07,0.0
05/23/2006 19:00,5,23,2,19,0,26.0583,55.0833,0,0,2.3861e+08,8.35361e+08,2.21004e+07,0.0
05/23/2006 20:00,5,23,2,20,0,25.25,55.6667,0,0,2.05546e+08,7.39626e+08,2.08395e+07,0.0
05/23/2006 21:00,5,23,2,21,0,24.3583,52.25,0,0,1.44624e+08,4.74407e+08,1.63916e+07,0.0
05/23/2006 22:00,5,23,2,22,0,23.55,53.3333,0,0,1.17578e+08,3.73832e+08,1.40053e+07,0.0
05/23/2006 23:00,5,23,2,23,0,23.0083,58.5,0,0,8.48736e+07,3.11917e+08,1.23052e+07,0.0
05/24/2006 00:00,5,24,3,0,0,22.8,63.9167,0,0,1.09316e+08,3.2e+08,1.1249e+07,0.0
05/24/2006 01:00,5,24,3,1,0,22.8,66,0,0,8.88816e+07,2.72523e+08,9.80124e+06,0.0
05/24/2006 02:00,5,24,3,2,0,22.8,67.1667,0,0,9.41844e+07,2.42765e+08,3.65708e+06,0.0
05/24/2006 03:00,5,24,3,3,0,22.8,69.75,0,0,7.38499e+07,2.08368e+08,6.09265e+06,0.0
05/24/2006 04:00,5,24,3,4,0,22.45,73.9167,0,236520,1.042e+08,2.75044e+08,9.57828e+06,236520.0
05/24/2006 05:00,5,24,3,5,0,22.2,74.25,0,161411,1.43965e+08,4.15381e+08,1.21704e+07,161411.0
05/24/2006 06:00,5,24,3,6,0,22.55,67.75,0,281584,1.66756e+08,5.83143e+08,1.79397e+07,281584.0
05/24/2006 07:00,5,24,3,7,0,22.45,65.1667,0,0,1.7427e+08,6.70136e+08,2.0324e+07,0.0
05/24/2006 08:00,5,24,3,8,0,22.2,66,0,0,1.77482e+08,6.81907e+08,2.08781e+07,0.0
05/24/2006 09:00,5,24,3,9,0,23.1917,62.5,0,0,1.98899e+08,7.21968e+08,2.16324e+07,0.0
05/24/2006 10:00,5,24,3,10,0,24.5417,57.6667,0,0,2.30543e+08,7.93143e+08,2.23736e+07,0.0
05/24/2006 11:00,5,24,3,11,0,25.6417,52.5,0,0,2.42126e+08,8.33708e+08,2.31143e+07,0.0
05/24/2006 12:00,5,24,3,12,0,26.7417,48.25,0,0,2.36519e+08,8.1629e+08,2.47203e+07,0.0
05/24/2006 13:00,5,24,3,13,0,26.2667,48.75,0,0,2.01744e+08,7.19352e+08,2.75365e+07,0.0
05/24/2006 14:00,5,24,3,14,0,26.5333,48.25,0,0,2.39147e+08,8.24408e+08,2.46792e+07,0.0
05/24/2006 15:00,5,24,3,15,0,26.9083,47,0,0,2.36819e+08,8.13837e+08,1.9593e+07,0.0
05/24/2006 16:00,5,24,3,16,0,26.7,47,0,0,2.32158e+08,8.00852e+08,1.91759e+07,0.0
05/24/2006 17:00,5,24,3,17,0,26.0583,47.5833,0,0,2.15109e+08,7.59852e+08,1.99672e+07,0.0
05/24/2006 18:00,5,24,3,18,0,25.25,48,0,0,1.97596e+08,7.51412e+08,2.09492e+07,0.0
05/24/2006 19:00,5,24,3,19,0,23.7167,61.4167,0,0,2.07047e+08,7.73827e+08,2.20298e+07,0.0
05/24/2006 20:00,5,24,3,20,0,22.45,68.0833,0,0,1.8488e+08,6.90936e+08,2.08607e+07,0.0
05/24/2006 21:00,5,24,3,21,0,21.9083,67.1667,0,0,1.39856e+08,4.61085e+08,1.69134e+07,0.0
05/24/2006 22:00,5,24,3,22,0,21.0583,70.9167,0,168682,1.00924e+08,3.60962e+08,1.36515e+07,168682.0
05/24/2006 23:00,5,24,3,23,0,20.6,74.1667,0,0,7.45224e+07,3.03224e+08,1.29178e+07,0.0
05/25/2006 00:00,5,25,4,0,0,20.8917,73.8333,0,404178,9.31394e+07,2.93812e+08,1.10466e+07,404178.0
05/25/2006 01:00,5,25,4,1,0,21.45,62.5,0,182742,5.59978e+07,2.29822e+08,9.9906e+06,182742.0
05/25/2006 02:00,5,25,4,2,0,21.35,53.8333,0,0,6.7452e+07,2.21739e+08,3.78351e+06,0.0
05/25/2006 03:00,5,25,4,3,0,20.1083,50.6667,0,0,4.5924e+07,1.91018e+08,5.94493e+06,0.0
05/25/2006 04:00,5,25,4,4,0,18.7583,40.25,0,0,3.34943e+07,1.97879e+08,9.68238e+06,0.0
05/25/2006 05:00,5,25,4,5,0,17.3667,39.8333,0,341153,3.41729e+07,2.80516e+08,1.27052e+07,341153.0
05/25/2006 06:00,5,25,4,6,0,16.7,39.3333,0,0,4.7753e+07,4.50084e+08,1.73507e+07,0.0
05/25/2006 07:00,5,25,4,7,0,16.7,36,0,0,6.02007e+07,5.25552e+08,2.02993e+07,0.0
05/25/2006 08:00,5,25,4,8,0,16.0583,39.5,0,0,4.77884e+07,5.05412e+08,2.09005e+07,0.0
05/25/2006 09:00,5,25,4,9,0,15.8917,42,0,0,4.58001e+07,5.06797e+08,2.15836e+07,0.0
05/25/2006 10:00,5,25,4,10,0,16.45,43.1667,0,0,6.50147e+07,5.33886e+08,2.23129e+07,0.0
05/25/2006 11:00,5,25,4,11,0,16.7,45.1667,0,0,7.70765e+07,5.53874e+08,2.29959e+07,0.0
05/25/2006 12:00,5,25,4,12,0,16.7,46,0,0,7.68821e+07,5.52903e+08,2.39915e+07,0.0
05/25/2006 13:00,5,25,4,13,0,16.7,46,0,0,6.25941e+07,5.10768e+08,2.81846e+07,0.0
05/25/2006 14:00,5,25,4,14,0,17.3417,43.0833,0,0,9.86973e+07,5.76977e+08,2.47487e+07,0.0
05/25/2006 15:00,5,25,4,15,0,17.45,42.75,0,0,1.1077e+08,5.98855e+08,1.95878e+07,0.0
05/25/2006 16:00,5,25,4,16,0,17.8417,44.5833,0,0,1.30251e+08,6.29615e+08,1.87145e+07,0.0
05/25/2006 17:00,5,25,4,17,0,18.65,43.8333,0,0,1.56283e+08,6.83089e+08,1.98488e+07,0.0
05/25/2006 18:00,5,25,4,18,0,18.55,45.3333,0,0,1.56158e+08,6.78501e+08,2.10053e+07,0.0
05/25/2006 19:00,5,25,4,19,0,17.3667,50.5,0,0,1.13171e+08,6.32586e+08,2.20486e+07,0.0
05/25/2006 20:00,5,25,4,20,0,15.7083,58.25,0,0,4.21676e+07,5.14969e+08,2.02718e+07,0.0
05/25/2006 21:00,5,25,4,21,0,14.0083,67.8333,0,0,6.21524e+06,2.95197e+08,1.69487e+07,0.0
05/25/2006 22:00,5,25,4,22,0,13.3,70.25,0,153220,5.47028e+06,2.17683e+08,1.36289e+07,153220.0
05/25/2006 23:00,5,25,4,23,0,13.3,69,0,0,2.52501e+06,1.94212e+08,1.29528e+07,0.0
05/26/2006 00:00,5,26,5,0,0,12.6583,75.4167,0,159025,3.04564e+06,1.69221e+08,1.09261e+07,159025.0
05/26/2006 01:00,5,26,5,1,0,12.8417,73.5833,0,717307,631728,1.47093e+08,1.03994e+07,717307.0
05/26/2006 02:00,5,26,5,2,0,13.65,70.75,0,0,0,1.12995e+08,3.78759e+06,0.0
05/26/2006 03:00,5,26,5,3,0,13.9,70.25,0,4.88675e+06,0,1.07311e+08,1.0928e+07,4886750.0
05/26/2006 04:00,5,26,5,4,0,14.1917,69.5833,0,5.13427e+06,240328,1.31396e+08,1.48108e+07,5134270.0
05/26/2006 05:00,5,26,5,5,0,14.4,71.1667,0,0,2.82659e+06,2.48147e+08,1.27072e+07,0.0
05/26/2006 06:00,5,26,5,6,0,14.4,69.0833,0,461610,1.16782e+07,3.99608e+08,1.76988e+07,461610.0
05/26/2006 07:00,5,26,5,7,0,14.75,65.25,0,0,1.65047e+07,4.64537e+08,2.0246e+07,0.0
05/26/2006 08:00,5,26,5,8,0,15.35,61.6667,0,0,2.86604e+07,4.82145e+08,2.08469e+07,0.0
05/26/2006 09:00,5,26,5,9,0,15.6,60,0,0,3.85728e+07,5.01204e+08,2.15295e+07,0.0
05/26/2006 10:00,5,26,5,10,0,15.8917,60,0,0,5.04047e+07,5.20802e+08,2.22603e+07,0.0
05/26/2006 11:00,5,26,5,11,0,16.45,62.9167,0,0,6.87048e+07,5.44946e+08,2.29435e+07,0.0
05/26/2006 12:00,5,26,5,12,0,16.9917,66.1667,0,0,8.34675e+07,5.57054e+08,2.39187e+07,0.0
05/26/2006 13:00,5,26,5,13,0,16.2667,76.3333,0,0,4.94214e+07,4.92998e+08,2.81475e+07,0.0
05/26/2006 14:00,5,26,5,14,0,15.6,81.25,0,0,4.29127e+07,5.12294e+08,2.47495e+07,0.0
05/26/2006 15:00,5,26,5,15,0,15.25,80.5833,0,0,3.53938e+07,5.0813e+08,1.95771e+07,0.0
05/26/2006 16:00,5,26,5,16,0,14.65,81,0,0,1.96927e+07,4.86576e+08,1.86513e+07,0.0
05/26/2006 17:00,5,26,5,17,0,14.1083,80.4167,0,0,1.60975e+07,4.62481e+08,1.97847e+07,0.0
05/26/2006 18:00,5,26,5,18,0,13.9,80,0,0,1.52047e+07,4.67126e+08,2.09444e+07,0.0
05/26/2006 19:00,5,26,5,19,0,13.9,80,0,0,1.52525e+07,4.82208e+08,2.19899e+07,0.0
05/26/2006 20:00,5,26,5,20,0,13.9,80,0,0,1.28944e+07,4.46524e+08,2.02592e+07,0.0
05/26/2006 21:00,5,26,5,21,0,13.55,80,0,0,4.70122e+06,2.75545e+08,1.6512e+07,0.0
05/26/2006 22:00,5,26,5,22,0,13.65,80,0,22192.5,5.47575e+06,2.16708e+08,1.34918e+07,22192.5
05/26/2006 23:00,5,26,5,23,0,13.9,80,0,588400,2.26626e+06,1.93817e+08,1.35332e+07,588400.0
05/27/2006 00:00,5,27,6,0,0,13.55,80,0,2.07752e+06,1.91712e+06,1.65652e+08,1.33e+07,2077520.0
05/27/2006 01:00,5,27,6,1,0,13.3,82.3333,0,340651,1.78456e+06,9.40343e+07,1.4225e+06,340651.0
05/27/2006 02:00,5,27,6,2,0,13.3,84,0,0,0,9.1344e+07,0,0.0
05/27/2006 03:00,5,27,6,3,0,13.3,85.75,0,0,0,8.79596e+07,1.54079e+06,0.0
05/27/2006 04:00,5,27,6,4,0,13.3,90.5,0,0,0,8.7458e+07,0,0.0
05/27/2006 05:00,5,27,6,5,0,13.3,93,0,0,0,9.16541e+07,9.16396e+06,0.0
05/27/2006 06:00,5,27,6,6,0,13.0083,94.75,0,2.03595e+07,0,9.41245e+07,2.95746e+07,20359500.0
05/27/2006 07:00,5,27,6,7,0,12.8,96,0,2.95451e+07,0,1.35763e+08,4.04106e+07,29545100.0
05/27/2006 08:00,5,27,6,8,0,13.0917,94.25,0,1.38621e+07,1.19831e+06,1.69569e+08,2.67797e+07,13862100.0
05/27/2006 09:00,5,27,6,9,0,13.0083,94.75,0,227773,2.1158e+06,1.82707e+08,1.38594e+07,227773.0
05/27/2006 10:00,5,27,6,10,0,13.0917,96.5833,0,8734.64,1.92479e+06,1.73961e+08,1.35945e+07,8734.64
05/27/2006 11:00,5,27,6,11,0,13.65,94.6667,0,0,1.99565e+06,1.67231e+08,1.49199e+07,0.0
05/27/2006 12:00,5,27,6,12,0,13.55,93,0,0,581550,1.37241e+08,1.49989e+07,0.0
05/27/2006 13:00,5,27,6,13,0,13.3,93,0,0,0,1.11004e+08,1.33521e+07,0.0
05/27/2006 14:00,5,27,6,14,0,13.3,93,0,0,0,1.01121e+08,1.13907e+07,0.0
05/27/2006 15:00,5,27,6,15,0,13.3,93,0,14920,0,1.03287e+08,1.18988e+07,14920.0
05/27/2006 16:00,5,27,6,16,0,13.3,93,0,196803,0,9.31088e+07,1.19133e+07,196803.0
05/27/2006 17:00,5,27,6,17,0,13.0083,94.75,0,0,0,7.24869e+07,8.99285e+06,0.0
05/27/2006 18:00,5,27,6,18,0,13.0917,94.25,0,0,0,6.10154e+07,9.20704e+06,0.0
05/27/2006 19:00,5,27,6,19,0,13.3,93,0,0,0,5.91591e+07,7.10259e+06,0.0
05/27/2006 20:00,5,27,6,20,0,13.0083,94.75,0,0,0,9.26014e+07,0,0.0
05/27/2006 21:00,5,27,6,21,0,12.8,96,0,0,0,9.18554e+07,0,0.0
05/27/2006 22:00,5,27,6,22,0,13.0917,94.25,0,0,0,9.89652e+07,1.54046e+06,0.0
05/27/2006 23:00,5,27,6,23,0,13.3,93,0,0,0,9.18554e+07,0,0.0
05/28/2006 00:00,5,28,0,0,0,13.3,93,0,0,0,7.85527e+07,0,0.0
05/28/2006 01:00,5,28,0,1,0,13.0083,93,0,0,0,7.85527e+07,1.54078e+06,0.0
05/28/2006 02:00,5,28,0,2,0,12.8,93,0,0,0,7.85527e+07,0,0.0
05/28/2006 03:00,5,28,0,3,0,12.45,95.3333,0,0,0,7.85527e+07,0,0.0
05/28/2006 04:00,5,28,0,4,0,12.2,97,0,0,0,7.85621e+07,1.18058e+07,0.0
05/28/2006 05:00,5,28,0,5,0,12.2,98.75,0,0,0,7.6203e+07,7.37349e+06,0.0
05/28/2006 06:00,5,28,0,6,0,12.55,97.6667,0,0,0,6.66883e+07,8.84308e+06,0.0
05/28/2006 07:00,5,28,0,7,0,12.8,96,0,0,0,5.91121e+07,8.01752e+06,0.0
05/28/2006 08:00,5,28,0,8,0,13.0917,96.5833,0,0,0,6.53013e+07,7.57042e+06,0.0
05/28/2006 09:00,5,28,0,9,0,13.9417,94.6667,0,0,0,6.03265e+07,9.45876e+06,0.0
05/28/2006 10:00,5,28,0,10,0,14.4,91.25,0,0,0,6.23571e+07,7.61929e+06,0.0
05/28/2006 11:00,5,28,0,11,0,14.75,90,0,0,395131,6.84903e+07,9.61521e+06,0.0
05/28/2006 12:00,5,28,0,12,0,15,90,0,0,395149,6.6032e+07,9.41524e+06,0.0
05/28/2006 13:00,5,28,0,13,0,15.35,87.6667,0,0,3.1343e+06,8.49301e+07,9.69619e+06,0.0
05/28/2006 14:00,5,28,0,14,0,15.25,88.3333,0,0,0,5.76885e+07,8.2196e+06,0.0
05/28/2006 15:00,5,28,0,15,0,15,90,0,0,1.06096e+06,8.0898e+07,9.4792e+06,0.0
05/28/2006 16:00,5,28,0,16,0,15,90,0,0,0,5.76885e+07,7.55009e+06,0.0
05/28/2006 17:00,5,28,0,17,0,14.65,91.75,0,0,0,6.70228e+07,7.46551e+06,0.0
05/28/2006 18:00,5,28,0,18,0,14.4,93,0,0,0,5.24865e+07,7.3677e+06,0.0
05/28/2006 19:00,5,28,0,19,0,14.4,93,0,0,0,5.33198e+07,3.50974e+06,0.0
05/28/2006 20:00,5,28,0,20,0,14.4,93,0,0,0,8.54746e+07,0,0.0
05/28/2006 21:00,5,28,0,21,0,14.1083,93,0,0,0,9.18554e+07,0,0.0
05/28/2006 22:00,5,28,0,22,0,13.9,93,0,0,0,9.18554e+07,1.54074e+06,0.0
05/28/2006 23:00,5,28,0,23,0,13.9,93,0,0,0,9.18554e+07,0,0.0
05/29/2006 00:00,5,29,1,0,0,13.55,95.3333,0,0,0,7.85527e+07,1.54076e+06,0.0
05/29/2006 01:00,5,29,1,1,0,13.65,94.6667,0,1.1391e+08,0,1.44358e+08,1.27094e+08,113910000.0
05/29/2006 02:00,5,29,1,2,0,13.55,95.3333,0,0,0,9.9572e+07,3.45883e+06,0.0
05/29/2006 03:00,5,29,1,3,0,13.65,94.6667,0,1.04468e+08,0,1.08177e+08,1.10009e+08,104468000.0
05/29/2006 04:00,5,29,1,4,0,13.9,93,0,1.14912e+08,1.81579e+06,1.61185e+08,1.24599e+08,114912000.0
05/29/2006 05:00,5,29,1,5,0,13.55,95.3333,0,0,121604,2.11722e+08,1.26282e+07,0.0
05/29/2006 06:00,5,29,1,6,0,13.3,97,0,3.17257e+07,5.80368e+06,3.66256e+08,4.88237e+07,31725700.0
05/29/2006 07:00,5,29,1,7,0,13.65,96.4167,0,0,1.29237e+07,4.37332e+08,2.00959e+07,0.0
05/29/2006 08:00,5,29,1,8,0,14.1917,94.25,0,0,1.54881e+07,4.53833e+08,2.07014e+07,0.0
05/29/2006 09:00,5,29,1,9,0,14.4,93,0,0,1.58723e+07,4.52016e+08,2.13867e+07,0.0
05/29/2006 10:00,5,29,1,10,0,14.1083,94.75,0,0,1.52743e+07,4.4641e+08,2.21198e+07,0.0
05/29/2006 11:00,5,29,1,11,0,14.1917,96.5833,0,0,1.60767e+07,4.55245e+08,2.28051e+07,0.0
05/29/2006 12:00,5,29,1,12,0,14.4,94.6667,0,0,1.61107e+07,4.56341e+08,2.37862e+07,0.0
05/29/2006 13:00,5,29,1,13,0,14.4,95.3333,0,0,1.31089e+07,4.37264e+08,2.7849e+07,0.0
05/29/2006 14:00,5,29,1,14,0,14.75,94.6667,0,0,1.712e+07,4.56321e+08,2.48243e+07,0.0
05/29/2006 15:00,5,29,1,15,0,15,91.25,0,0,1.99095e+07,4.64194e+08,1.94642e+07,0.0
05/29/2006 16:00,5,29,1,16,0,14.65,91.75,0,0,1.79453e+07,4.62838e+08,1.84935e+07,0.0
05/29/2006 17:00,5,29,1,17,0,14.4,91.25,0,0,1.76447e+07,4.68226e+08,1.96251e+07,0.0
05/29/2006 18:00,5,29,1,18,0,14.4,88.25,0,0,1.7704e+07,4.87186e+08,2.07916e+07,0.0
05/29/2006 19:00,5,29,1,19,0,14.4,87,0,0,1.78133e+07,5.08585e+08,2.18421e+07,0.0
05/29/2006 20:00,5,29,1,20,0,14.4,83.5,0,0,1.50741e+07,4.70197e+08,2.01403e+07,0.0
05/29/2006 21:00,5,29,1,21,0,14.1083,80.4167,0,19535.8,6.46281e+06,3.03474e+08,1.62846e+07,19535.8
05/29/2006 22:00,5,29,1,22,0,13.55,84.0833,0,1.43759e+06,3.68531e+06,2.11838e+08,1.48776e+07,1437590.0
05/29/2006 23:00,5,29,1,23,0,12.6583,92.8333,0,4.10853e+06,2.44725e+06,1.92442e+08,1.70274e+07,4108530.0
05/30/2006 00:00,5,30,2,0,0,11.9083,96.4167,0,1.3014e+07,1.80859e+06,1.62847e+08,2.39863e+07,13014000.0
05/30/2006 01:00,5,30,2,1,0,11.35,96.5833,0,1.40183e+07,594465,1.45793e+08,2.34692e+07,14018300.0
05/30/2006 02:00,5,30,2,2,0,10.8083,90.5833,0,0,0,1.10382e+08,3.78249e+06,0.0
05/30/2006 03:00,5,30,2,3,0,9.9,84.25,0,6.5183e+07,0,1.0844e+08,7.09547e+07,65183000.0
05/30/2006 04:00,5,30,2,4,0,8.75833,83,0,9.47763e+07,0,1.33542e+08,1.04454e+08,94776300.0
05/30/2006 05:00,5,30,2,5,0,8.3,81.25,0,0,0,2.11277e+08,1.3048e+07,0.0
05/30/2006 06:00,5,30,2,6,0,9.29167,74.75,0,2.33407e+07,6.61893e+06,3.5488e+08,4.05951e+07,23340700.0
05/30/2006 07:00,5,30,2,7,0,11.2833,66.9167,0,8866.1,1.12318e+07,4.20246e+08,2.00452e+07,8866.1
05/30/2006 08:00,5,30,2,8,0,13.4833,59.9167,0,0,1.31286e+07,4.38787e+08,2.06495e+07,0.0
05/30/2006 09:00,5,30,2,9,0,16.3833,52.9167,0,0,6.69521e+07,5.35757e+08,2.13256e+07,0.0
05/30/2006 10:00,5,30,2,10,0,18.0917,45.9167,0,0,1.1751e+08,5.9969e+08,2.20601e+07,0.0
05/30/2006 11:00,5,30,2,11,0,18.9417,38.9167,0,0,1.50834e+08,6.4011e+08,2.27472e+07,0.0
05/30/2006 12:00,5,30,2,12,0,19.75,37.75,0,0,1.5539e+08,6.40559e+08,2.36952e+07,0.0
05/30/2006 13:00,5,30,2,13,0,20.35,36.0833,0,0,1.52658e+08,6.11781e+08,2.69038e+07,0.0
05/30/2006 14:00,5,30,2,14,0,20.8917,35.1667,0,0,1.5626e+08,6.62027e+08,2.57177e+07,0.0
05/30/2006 15:00,5,30,2,15,0,21.45,35.4167,0,0,1.64867e+08,6.95565e+08,1.95244e+07,0.0
05/30/2006 16:00,5,30,2,16,0,21.9917,34.4167,0,0,1.72079e+08,7.15182e+08,1.8437e+07,0.0
05/30/2006 17:00,5,30,2,17,0,21.9083,32.25,0,0,1.70399e+08,7.10686e+08,1.95508e+07,0.0
05/30/2006 18:00,5,30,2,18,0,21.35,32.1667,0,0,1.60525e+08,6.81685e+08,2.07212e+07,0.0
05/30/2006 19:00,5,30,2,19,0,19.8167,37.0833,0,0,1.56414e+08,6.77746e+08,2.17741e+07,0.0
05/30/2006 20:00,5,30,2,20,0,17.9083,48.1667,0,0,1.0984e+08,5.82258e+08,2.02553e+07,0.0
05/30/2006 21:00,5,30,2,21,0,16.5583,61.5833,0,0,3.48657e+07,3.40733e+08,1.53616e+07,0.0
05/30/2006 22:00,5,30,2,22,0,15.4583,62.9167,0,155511,1.51156e+07,2.48922e+08,1.36025e+07,155511.0
05/30/2006 23:00,5,30,2,23,0,14.3583,68.1667,0,0,2.27255e+06,1.92887e+08,1.29128e+07,0.0
05/31/2006 00:00,5,31,3,0,0,12.6167,79.25,0,341932,3.03687e+06,1.68494e+08,1.23373e+07,341932.0
05/31/2006 01:00,5,31,3,1,0,11.7,81.25,0,684239,642400,1.47035e+08,9.12886e+06,684239.0
05/31/2006 02:00,5,31,3,2,0,11.7,78.25,0,0,0,1.13308e+08,3.78356e+06,0.0
05/31/2006 03:00,5,31,3,3,0,11.9917,73.5,0,2.36241e+06,0,1.04742e+08,8.25709e+06,2362410.0
05/31/2006 04:00,5,31,3,4,0,10.9167,78,0,9.81431e+06,0,1.27252e+08,1.94941e+07,9814310.0
05/31/2006 05:00,5,31,3,5,0,9.65,81.25,0,0,0,2.11085e+08,1.30391e+07,0.0
05/31/2006 06:00,5,31,3,6,0,10.7417,76.5,0,828849,7.81337e+06,3.58548e+08,1.82191e+07,828849.0
05/31/2006 07:00,5,31,3,7,0,12.9833,71.0833,0,0,1.23628e+07,4.47673e+08,1.99818e+07,0.0
05/31/2006 08:00,5,31,3,8,0,15.1833,64.9167,0,0,3.74711e+07,5.28584e+08,2.05948e+07,0.0
05/31/2006 09:00,5,31,3,9,0,17.7333,50.3333,0,0,1.24633e+08,6.37985e+08,2.1275e+07,0.0
05/31/2006 10:00,5,31,3,10,0,19.8917,40.8333,0,0,1.56298e+08,6.84867e+08,2.20105e+07,0.0
05/31/2006 11:00,5,31,3,11,0,20.8917,40.5833,0,0,1.6057e+08,6.8825e+08,2.26983e+07,0.0
05/31/2006 12:00,5,31,3,12,0,21.1,39.8333,0,0,1.57911e+08,6.70678e+08,2.36419e+07,0.0
05/31/2006 13:00,5,31,3,13,0,21.7417,39.5833,0,0,1.55313e+08,6.34588e+08,2.65969e+07,0.0
05/31/2006 14:00,5,31,3,14,0,22.55,37.0833,0,0,1.72333e+08,7.08231e+08,2.57231e+07,0.0
05/31/2006 15:00,5,31,3,15,0,23.0917,36.1667,0,0,1.89567e+08,7.59044e+08,1.95993e+07,0.0
05/31/2006 16:00,5,31,3,16,0,23.0083,37,0,0,1.91171e+08,7.76192e+08,1.85385e+07,0.0
05/31/2006 17:00,5,31,3,17,0,22.8,37,0,0,1.87727e+08,7.70173e+08,1.94923e+07,0.0
05/31/2006 18:00,5,31,3,18,0,22.1583,39.9167,0,0,1.74642e+08,7.31847e+08,2.06649e+07,0.0
05/31/2006 19:00,5,31,3,19,0,20.7083,48.4167,0,0,1.59913e+08,7.0597e+08,2.17208e+07,0.0
05/31/2006 20:00,5,31,3,20,0,18.7167,58.8333,0,0,1.2786e+08,6.12426e+08,2.02467e+07,0.0
05/31/2006 21:00,5,31,3,21,0,17.1583,65.3333,0,0,4.98812e+07,3.59641e+08,1.50914e+07,0.0
05/31/2006 22:00,5,31,3,22,0,16.5833,67,0,161406,3.15134e+07,2.77713e+08,1.35973e+07,161406.0
05/31/2006 23:00,5,31,3,23,0,16.4417,75.1667,0,0,1.56145e+07,2.29821e+08,1.29033e+07,0.0
06/01/2006 00:00,6,1,4,0,0,16.2833,82.1667,0,500532,1.78787e+07,2.11423e+08,1.26837e+07,500532.0
06/01/2006 01:00,6,1,4,1,0,16.1417,76.5833,0,0,1.24919e+07,1.83674e+08,8.2522e+06,0.0
06/01/2006 02:00,6,1,4,2,0,15.9833,75.5,0,0,1.11295e+07,1.53729e+08,3.78325e+06,0.0
06/01/2006 03:00,6,1,4,3,0,15.8417,76.25,0,0,7.66597e+06,1.42741e+08,5.97863e+06,0.0
06/01/2006 04:00,6,1,4,4,0,15.6833,76.75,0,262056,1.04911e+07,1.75286e+08,9.93278e+06,262056.0
06/01/2006 05:00,6,1,4,5,0,14.9,79.75,0,0,4.91441e+06,2.45688e+08,1.30248e+07,0.0
06/01/2006 06:00,6,1,4,6,0,14.75,81,0,215011,1.5944e+07,3.99999e+08,1.74942e+07,215011.0
06/01/2006 07:00,6,1,4,7,0,16.2833,81,0,0,5.98039e+07,5.29681e+08,1.99353e+07,0.0
06/01/2006 08:00,6,1,4,8,0,18.8333,69.3333,0,0,1.4408e+08,6.39944e+08,2.05468e+07,0.0
06/01/2006 09:00,6,1,4,9,0,20.6417,57.5,0,0,1.603e+08,6.88059e+08,2.12288e+07,0.0
06/01/2006 10:00,6,1,4,10,0,22.0917,49.75,0,0,1.74827e+08,7.23099e+08,2.19651e+07,0.0
06/01/2006 11:00,6,1,4,11,0,23.4417,45.4167,0,0,1.88193e+08,7.46807e+08,2.26535e+07,0.0
06/01/2006 12:00,6,1,4,12,0,24.5417,45,0,0,1.93656e+08,7.41804e+08,2.36003e+07,0.0
06/01/2006 13:00,6,1,4,13,0,25,43.25,0,0,1.84701e+08,6.94844e+08,2.65422e+07,0.0
06/01/2006 14:00,6,1,4,14,0,25,39.0833,0,0,2.06687e+08,7.75098e+08,2.56437e+07,0.0
06/01/2006 15:00,6,1,4,15,0,24.3583,44.5833,0,0,2.04556e+08,7.86273e+08,1.95648e+07,0.0
06/01/2006 16:00,6,1,4,16,0,23.9,48.8333,0,0,1.96548e+08,7.65095e+08,1.85366e+07,0.0
06/01/2006 17:00,6,1,4,17,0,23.2583,49.75,0,0,1.84863e+08,7.33536e+08,1.94418e+07,0.0
06/01/2006 18:00,6,1,4,18,0,22.45,51,0,0,1.72441e+08,7.03628e+08,2.06159e+07,0.0
06/01/2006 19:00,6,1,4,19,0,21.2667,52.1667,0,0,1.61899e+08,6.98525e+08,2.16731e+07,0.0
06/01/2006 20:00,6,1,4,20,0,19.9,53.5833,0,0,1.47972e+08,6.3252e+08,2.01993e+07,0.0
06/01/2006 21:00,6,1,4,21,0,18.7583,58.0833,0,0,7.59803e+07,3.87689e+08,1.50706e+07,0.0
06/01/2006 22:00,6,1,4,22,0,18.0083,63.3333,0,232052,4.9876e+07,2.97857e+08,1.36591e+07,232052.0
06/01/2006 23:00,6,1,4,23,0,17.45,69.0833,0,191542,3.27183e+07,2.55336e+08,1.30881e+07,191542.0
06/02/2006 00:00,6,2,5,0,0,16.9083,73.75,0,0,2.68775e+07,2.22975e+08,1.20185e+07,0.0
06/02/2006 01:00,6,2,5,1,0,16.7,75,0,0,1.81876e+07,1.91396e+08,8.40604e+06,0.0
06/02/2006 02:00,6,2,5,2,0,16.35,76.75,0,232120,1.69642e+07,1.63982e+08,4.01428e+06,232120.0
06/02/2006 03:00,6,2,5,3,0,15.8083,79.1667,0,227603,9.9381e+06,1.51864e+08,6.32309e+06,227603.0
06/02/2006 04:00,6,2,5,4,0,15.25,81.75,0,0,8.1979e+06,1.70554e+08,9.66326e+06,0.0
06/02/2006 05:00,6,2,5,5,0,15,81.8333,0,58318.7,4.17225e+06,2.45429e+08,1.30619e+07,58318.7
06/02/2006 06:00,6,2,5,6,0,15,81,0,246993,1.64449e+07,4.14008e+08,1.70677e+07,246993.0
06/02/2006 07:00,6,2,5,7,0,15.35,79.25,0,0,2.84899e+07,4.84793e+08,1.98906e+07,0.0
06/02/2006 08:00,6,2,5,8,0,15.25,79.75,0,0,2.79464e+07,4.81514e+08,2.05027e+07,0.0
06/02/2006 09:00,6,2,5,9,0,15.6417,79.25,0,0,4.01575e+07,4.98877e+08,2.11905e+07,0.0
06/02/2006 10:00,6,2,5,10,0,16.45,76.25,0,0,6.61089e+07,5.32391e+08,2.19274e+07,0.0
06/02/2006 11:00,6,2,5,11,0,17.3417,72.0833,0,0,9.88215e+07,5.76817e+08,2.26162e+07,0.0
06/02/2006 12:00,6,2,5,12,0,18.0917,68.8333,0,0,1.23014e+08,6.03215e+08,2.35794e+07,0.0
06/02/2006 13:00,6,2,5,13,0,18.3,68,0,0,1.06696e+08,5.57068e+08,2.69535e+07,0.0
06/02/2006 14:00,6,2,5,14,0,18.65,66.25,0,0,1.4458e+08,6.26987e+08,2.54253e+07,0.0
06/02/2006 15:00,6,2,5,15,0,18.9,66.75,0,0,1.5824e+08,6.47858e+08,1.93707e+07,0.0
06/02/2006 16:00,6,2,5,16,0,18.9,68,0,0,1.585e+08,6.50223e+08,1.8284e+07,0.0
06/02/2006 17:00,6,2,5,17,0,19.1917,66.8333,0,0,1.5863e+08,6.50102e+08,1.94064e+07,0.0
06/02/2006 18:00,6,2,5,18,0,19.1083,67.1667,0,0,1.57384e+08,6.53512e+08,2.05798e+07,0.0
06/02/2006 19:00,6,2,5,19,0,18.55,69.1667,0,0,1.41618e+08,6.55779e+08,2.1636e+07,0.0
06/02/2006 20:00,6,2,5,20,0,18.0083,72.9167,0,0,1.01529e+08,5.70169e+08,2.00786e+07,0.0
06/02/2006 21:00,6,2,5,21,0,17.8,75,0,0,5.52687e+07,3.61384e+08,1.5521e+07,0.0
06/02/2006 22:00,6,2,5,22,0,17.45,76.75,0,223522,4.09324e+07,2.85576e+08,1.36298e+07,223522.0
06/02/2006 23:00,6,2,5,23,0,16.9083,81.5,0,201485,2.56147e+07,2.42672e+08,1.30883e+07,201485.0
06/03/2006 00:00,6,3,6,0,0,16.0583,89.25,0,0,1.73565e+07,2.12027e+08,1.12019e+07,0.0
06/03/2006 01:00,6,3,6,1,0,15.6,93,0,262764,7.67413e+06,1.2424e+08,1.3286e+06,262764.0
06/03/2006 02:00,6,3,6,2,0,15.6,93,0,0,6.29148e+06,1.25894e+08,0,0.0
06/03/2006 03:00,6,3,6,3,0,15.6,93,0,0,4.71315e+06,1.19929e+08,1.54078e+06,0.0
06/03/2006 04:00,6,3,6,4,0,15.6,93,0,0,5.43916e+06,1.17162e+08,0,0.0
06/03/2006 05:00,6,3,6,5,0,15.6,94.75,0,0,1.26564e+06,9.21229e+07,8.53067e+06,0.0
06/03/2006 06:00,6,3,6,6,0,15.8917,94.25,0,7.48857e+06,1.41395e+07,1.35697e+08,1.7269e+07,7488570.0
06/03/2006 07:00,6,3,6,7,0,16.1,93,0,6.35293e+06,1.99509e+07,1.92312e+08,1.65648e+07,6352930.0
06/03/2006 08:00,6,3,6,8,0,16.1,91.25,0,1.09999e+06,2.36852e+07,2.30081e+08,1.39594e+07,1099990.0
06/03/2006 09:00,6,3,6,9,0,16.1,91.75,0,68840.2,2.45869e+07,2.42045e+08,1.36298e+07,68840.2
06/03/2006 10:00,6,3,6,10,0,16.45,93,0,0,3.56386e+07,2.43967e+08,1.35144e+07,0.0
06/03/2006 11:00,6,3,6,11,0,16.9917,93,0,0,5.45143e+07,2.51162e+08,1.54104e+07,0.0
06/03/2006 12:00,6,3,6,12,0,17.2,93,0,0,5.08354e+07,2.18821e+08,1.4345e+07,0.0
06/03/2006 13:00,6,3,6,13,0,17.55,93,0,235141,5.19394e+07,2.04054e+08,1.35147e+07,235141.0
06/03/2006 14:00,6,3,6,14,0,18.0917,91.25,0,0,4.65153e+07,1.77855e+08,1.11465e+07,0.0
06/03/2006 15:00,6,3,6,15,0,18.3,91.75,0,171946,6.62209e+07,2.12832e+08,1.22116e+07,171946.0
06/03/2006 16:00,6,3,6,16,0,18.3,91.25,0,203639,4.80325e+07,1.68059e+08,1.11396e+07,203639.0
06/03/2006 17:00,6,3,6,17,0,18.125,92.3333,0,0,3.74533e+07,1.45507e+08,9.3244e+06,0.0
06/03/2006 18:00,6,3,6,18,0,18.175,91.6667,0,0,2.64489e+07,1.0715e+08,9.56028e+06,0.0
06/03/2006 19:00,6,3,6,19,0,18.3,90,0,0,3.94016e+07,1.28554e+08,5.55778e+06,0.0
06/03/2006 20:00,6,3,6,20,0,18.3,90,0,0,2.05281e+07,1.1719e+08,1.54078e+06,0.0
06/03/2006 21:00,6,3,6,21,0,18.3,90,0,0,9.64813e+06,1.10158e+08,0,0.0
06/03/2006 22:00,6,3,6,22,0,18.3,90,0,0,2.99546e+07,1.48013e+08,0,0.0
06/03/2006 23:00,6,3,6,23,0,18.125,92.3333,0,0,0,9.18554e+07,1.54063e+06,0.0
06/04/2006 00:00,6,4,0,0,0,17.8833,91.6667,0,0,2.79417e+07,1.32489e+08,0,0.0
06/04/2006 01:00,6,4,0,1,0,17.8,90,0,0,0,7.85527e+07,1.54075e+06,0.0
06/04/2006 02:00,6,4,0,2,0,17.9167,88.8333,0,0,2.34666e+07,1.27602e+08,0,0.0
06/04/2006 03:00,6,4,0,3,0,17.5333,90.9167,0,0,0,7.85527e+07,0,0.0
06/04/2006 04:00,6,4,0,4,0,17.2,91.25,0,0,0,7.85621e+07,1.1631e+07,0.0
06/04/2006 05:00,6,4,0,5,0,17.0833,88.8333,0,0,1.19924e+07,1.08691e+08,7.37563e+06,0.0
06/04/2006 06:00,6,4,0,6,0,17.4667,87.4167,0,0,0,5.90508e+07,8.43548e+06,0.0
06/04/2006 07:00,6,4,0,7,0,17.8,87,0,0,0,5.81034e+07,8.41294e+06,0.0
06/04/2006 08:00,6,4,0,8,0,19.0833,80.5833,0,0,3.17908e+07,1.18146e+08,7.56246e+06,0.0
06/04/2006 09:00,6,4,0,9,0,20,76,0,0,2.14702e+07,9.76845e+07,9.454e+06,0.0
06/04/2006 10:00,6,4,0,10,0,20.6417,74.25,0,0,4.88357e+07,1.44279e+08,7.60815e+06,0.0
06/04/2006 11:00,6,4,0,11,0,21.1,71.8333,0,0,7.10898e+07,1.71927e+08,9.60589e+06,0.0
06/04/2006 12:00,6,4,0,12,0,22.0917,66.9167,0,0,9.75597e+07,2.10149e+08,8.22652e+06,0.0
06/04/2006 13:00,6,4,0,13,0,23.4417,62.8333,0,0,8.59597e+07,1.88114e+08,9.41705e+06,0.0
06/04/2006 14:00,6,4,0,14,0,23.9,62,0,0,1.11957e+08,2.26294e+08,9.63723e+06,0.0
06/04/2006 15:00,6,4,0,15,0,23.55,66.0833,0,0,9.65973e+07,2.0178e+08,8.09338e+06,0.0
06/04/2006 16:00,6,4,0,16,0,23.9417,69,0,0,1.27337e+08,2.47346e+08,8.91042e+06,0.0
06/04/2006 17:00,6,4,0,17,0,24.75,66.0833,0,0,1.04329e+08,2.14035e+08,7.44999e+06,0.0
06/04/2006 18:00,6,4,0,18,0,24.65,65.75,0,0,1.18567e+08,2.28969e+08,7.34699e+06,0.0
06/04/2006 19:00,6,4,0,19,0,23.7583,69.3333,0,0,9.31964e+07,1.91069e+08,3.36682e+06,0.0
06/04/2006 20:00,6,4,0,20,0,22.6583,75.6667,0,0,1.03277e+08,2.36591e+08,0,0.0
06/04/2006 21:00,6,4,0,21,0,21.9083,79,0,0,7.35854e+07,2.05201e+08,0,0.0
06/04/2006 22:00,6,4,0,22,0,21.0583,80.1667,0,0,4.97704e+07,1.7053e+08,1.54044e+06,0.0
06/04/2006 23:00,6,4,0,23,0,20.25,81,0,0,4.13027e+07,1.57413e+08,0,0.0
06/05/2006 00:00,6,5,1,0,0,19.65,84.5,0,0,3.94213e+07,1.44714e+08,0,0.0
06/05/2006 01:00,6,5,1,1,0,19.1083,88.75,0,0,1.71632e+07,1.59196e+08,1.36143e+07,0.0
06/05/2006 02:00,6,5,1,2,0,18.9,90,0,0,3.18412e+07,1.50706e+08,3.77706e+06,0.0
06/05/2006 03:00,6,5,1,3,0,19.1917,90,0,0,0,9.60731e+07,5.27032e+06,0.0
06/05/2006 04:00,6,5,1,4,0,19.1083,90,0,0,5.84009e+07,2.10498e+08,9.67813e+06,0.0
06/05/2006 05:00,6,5,1,5,0,18.9,90,0,0,1.11661e+08,3.59672e+08,1.2982e+07,0.0
06/05/2006 06:00,6,5,1,6,0,18.9,90,0,0,1.46633e+08,5.37114e+08,1.80251e+07,0.0
06/05/2006 07:00,6,5,1,7,0,19.8917,86.5,0,0,1.74937e+08,6.48069e+08,1.9716e+07,0.0
06/05/2006 08:00,6,5,1,8,0,20.8917,84,0,0,2.09475e+08,7.13893e+08,2.03458e+07,0.0
06/05/2006 09:00,6,5,1,9,0,22.3833,79.3333,0,0,2.35068e+08,7.77082e+08,2.10239e+07,0.0
06/05/2006 10:00,6,5,1,10,0,24.2917,73.0833,0,0,2.53409e+08,8.13232e+08,2.17649e+07,0.0
06/05/2006 11:00,6,5,1,11,0,26.2833,67.5,0,0,2.69316e+08,8.37687e+08,2.24573e+07,0.0
06/05/2006 12:00,6,5,1,12,0,27.55,62.0833,0,0,2.66656e+08,8.25942e+08,2.33867e+07,0.0
06/05/2006 13:00,6,5,1,13,0,28.4417,57.0833,0,0,2.40862e+08,7.6472e+08,2.53216e+07,0.0
06/05/2006 14:00,6,5,1,14,0,29.1917,53.8333,0,0,2.84306e+08,8.75932e+08,2.52584e+07,0.0
06/05/2006 15:00,6,5,1,15,0,28.7583,56.5,0,0,2.98847e+08,9.13596e+08,1.948e+07,0.0
06/05/2006 16:00,6,5,1,16,0,29.2917,55.5,0,0,2.98392e+08,9.05648e+08,1.88337e+07,0.0
06/05/2006 17:00,6,5,1,17,0,29.65,55.3333,0,0,3.03145e+08,9.13293e+08,1.95761e+07,0.0
06/05/2006 18:00,6,5,1,18,0,28.4667,60.5,0,0,2.93988e+08,8.92516e+08,2.04791e+07,0.0
06/05/2006 19:00,6,5,1,19,0,28.0917,60.6667,0,0,2.79852e+08,8.73305e+08,2.14675e+07,0.0
06/05/2006 20:00,6,5,1,20,0,26.725,67.75,0,0,2.4022e+08,7.68221e+08,2.00844e+07,0.0
06/05/2006 21:00,6,5,1,21,0,24.9,75.1667,0,0,1.76423e+08,5.17482e+08,1.43176e+07,0.0
06/05/2006 22:00,6,5,1,22,0,24.4,77.75,0,0,1.44913e+08,3.97333e+08,1.33944e+07,0.0
06/05/2006 23:00,6,5,1,23,0,23.7583,83.6667,0,0,1.16965e+08,3.45195e+08,1.2869e+07,0.0
06/06/2006 00:00,6,6,2,0,0,23.3,85.8333,0,0,1.40193e+08,3.46575e+08,1.2596e+07,0.0
06/06/2006 01:00,6,6,2,1,0,23.0083,87.9167,0,204409,1.03322e+08,2.88718e+08,8.88972e+06,204409.0
06/06/2006 02:00,6,6,2,2,0,22.45,90.5833,0,0,1.13783e+08,2.66513e+08,2.91911e+06,0.0
06/06/2006 03:00,6,6,2,3,0,21.9083,90.4167,0,0,8.3434e+07,2.26556e+08,6.25408e+06,0.0
06/06/2006 04:00,6,6,2,4,0,21.7,90,0,170673,1.10263e+08,2.83739e+08,9.81611e+06,170673.0
06/06/2006 05:00,6,6,2,5,0,21.7,90,0,199719,1.59318e+08,4.25398e+08,1.32086e+07,199719.0
06/06/2006 06:00,6,6,2,6,0,21.9917,88.25,0,0,1.93458e+08,6.18338e+08,1.66122e+07,0.0
06/06/2006 07:00,6,6,2,7,0,22.55,87,0,0,2.4051e+08,7.66936e+08,1.96974e+07,0.0
06/06/2006 08:00,6,6,2,8,0,23.7333,84.0833,0,0,2.6586e+08,8.21797e+08,2.03116e+07,0.0
06/06/2006 09:00,6,6,2,9,0,25.3917,79.0833,0,0,2.93496e+08,8.81708e+08,2.10033e+07,0.0
06/06/2006 10:00,6,6,2,10,0,27.0917,75.25,0,0,3.17776e+08,9.25111e+08,2.17437e+07,0.0
06/06/2006 11:00,6,6,2,11,0,28.7333,70.5,0,0,3.32487e+08,9.44307e+08,2.24354e+07,0.0
06/06/2006 12:00,6,6,2,12,0,30.1,63.9167,0,0,3.25036e+08,9.22495e+08,2.34048e+07,0.0
06/06/2006 13:00,6,6,2,13,0,30.6,59.8333,0,0,2.89893e+08,8.43659e+08,2.65338e+07,0.0
06/06/2006 14:00,6,6,2,14,0,30.8333,61.3333,0,0,3.4942e+08,9.77899e+08,2.52172e+07,0.0
06/06/2006 15:00,6,6,2,15,0,30.7667,61.8333,0,0,3.63525e+08,1.01143e+09,1.93941e+07,0.0
06/06/2006 16:00,6,6,2,16,0,30.25,62.1667,0,0,3.4701e+08,9.81391e+08,1.82491e+07,0.0
06/06/2006 17:00,6,6,2,17,0,30,64.1667,0,0,3.40562e+08,9.63514e+08,1.91999e+07,0.0
06/06/2006 18:00,6,6,2,18,0,29.4167,67.9167,0,0,3.35896e+08,9.50295e+08,2.03817e+07,0.0
06/06/2006 19:00,6,6,2,19,0,28.9417,67.0833,0,0,3.15301e+08,9.247e+08,2.14439e+07,0.0
06/06/2006 20:00,6,6,2,20,0,24.875,75.5,0,0,2.40159e+08,7.77051e+08,1.99188e+07,0.0
06/06/2006 21:00,6,6,2,21,0,21.475,85.3333,0,0,1.63207e+08,5.06112e+08,1.52766e+07,0.0
06/06/2006 22:00,6,6,2,22,0,20.8083,87,0,0,1.3394e+08,3.88644e+08,1.33628e+07,0.0
06/06/2006 23:00,6,6,2,23,0,20.8917,87,0,0,1.07162e+08,3.36961e+08,1.28583e+07,0.0
06/07/2006 00:00,6,7,3,0,0,20.8083,88.75,0,186417,1.32498e+08,3.4609e+08,1.08987e+07,186417.0
06/07/2006 01:00,6,7,3,1,0,20.6,88.25,0,0,9.03145e+07,2.66876e+08,9.63814e+06,0.0
06/07/2006 02:00,6,7,3,2,0,20.25,87,0,0,1.04352e+08,2.64706e+08,3.77862e+06,0.0
06/07/2006 03:00,6,7,3,3,0,20,87,0,266221,7.97668e+07,2.31449e+08,6.45815e+06,266221.0
06/07/2006 04:00,6,7,3,4,0,20,88.75,0,0,9.47588e+07,2.67694e+08,9.3506e+06,0.0
06/07/2006 05:00,6,7,3,5,0,19.65,91.75,0,230422,1.38235e+08,4.04978e+08,1.16223e+07,230422.0
06/07/2006 06:00,6,7,3,6,0,19.75,91.25,0,0,1.72798e+08,5.83121e+08,1.78421e+07,0.0
06/07/2006 07:00,6,7,3,7,0,20.9917,88.25,0,0,2.18174e+08,7.31058e+08,1.98059e+07,0.0
06/07/2006 08:00,6,7,3,8,0,22.3417,83.5,0,0,2.41945e+08,7.85003e+08,2.02927e+07,0.0
06/07/2006 09:00,6,7,3,9,0,23.7333,78.0833,0,0,2.64497e+08,8.39952e+08,2.08897e+07,0.0
06/07/2006 10:00,6,7,3,10,0,25.1,74.8333,0,0,2.76319e+08,8.57613e+08,2.16239e+07,0.0
06/07/2006 11:00,6,7,3,11,0,26.2417,72.25,0,0,2.93704e+08,8.92551e+08,2.24118e+07,0.0
06/07/2006 12:00,6,7,3,12,0,26.9917,71.5833,0,0,2.93402e+08,8.81116e+08,2.37332e+07,0.0
06/07/2006 13:00,6,7,3,13,0,28.1917,66.75,0,0,2.68744e+08,8.12512e+08,2.66269e+07,0.0
06/07/2006 14:00,6,7,3,14,0,29.1917,63,0,0,3.20832e+08,9.37575e+08,2.41919e+07,0.0
06/07/2006 15:00,6,7,3,15,0,29.1083,61.8333,0,0,3.34382e+08,9.80576e+08,1.89574e+07,0.0
06/07/2006 16:00,6,7,3,16,0,29.8917,55.1667,0,0,3.28452e+08,9.83129e+08,1.80547e+07,0.0
06/07/2006 17:00,6,7,3,17,0,30.8917,43.4167,0,0,3.02854e+08,9.51814e+08,1.92091e+07,0.0
06/07/2006 18:00,6,7,3,18,0,30.8083,37.4167,0,0,2.64358e+08,8.75187e+08,2.03844e+07,0.0
06/07/2006 19:00,6,7,3,19,0,28.9667,50.4167,0,0,2.701e+08,8.77305e+08,2.14433e+07,0.0
06/07/2006 20:00,6,7,3,20,0,26.8083,65.25,0,0,2.42037e+08,7.79961e+08,2.01178e+07,0.0
06/07/2006 21:00,6,7,3,21,0,25.4583,76.5833,0,0,1.84432e+08,5.28918e+08,1.66688e+07,0.0
06/07/2006 22:00,6,7,3,22,0,25.35,73.25,0,0,1.47408e+08,4.06106e+08,1.33399e+07,0.0
06/07/2006 23:00,6,7,3,23,0,24.9,72.25,0,172826,1.18181e+08,3.56211e+08,1.18347e+07,172826.0
06/08/2006 00:00,6,8,4,0,0,24.1083,77.75,0,0,1.40827e+08,3.50185e+08,1.16561e+07,0.0
06/08/2006 01:00,6,8,4,1,0,23.55,80.75,0,0,1.05e+08,2.90787e+08,9.75663e+06,0.0
06/08/2006 02:00,6,8,4,2,0,23.0083,81.4167,0,263234,1.1612e+08,2.72458e+08,3.7172e+06,263234.0
06/08/2006 03:00,6,8,4,3,0,22.45,82.75,0,0,8.36486e+07,2.21797e+08,6.04433e+06,0.0
06/08/2006 04:00,6,8,4,4,0,22.55,79.3333,0,205250,1.14209e+08,2.91989e+08,8.78956e+06,205250.0
06/08/2006 05:00,6,8,4,5,0,22.1583,77.75,0,151595,1.46723e+08,4.12489e+08,1.21376e+07,151595.0
06/08/2006 06:00,6,8,4,6,0,21.7,81.9167,0,0,1.89673e+08,6.20211e+08,1.80481e+07,0.0
06/08/2006 07:00,6,8,4,7,0,22.6333,84.5833,0,0,2.43494e+08,7.82508e+08,1.97861e+07,0.0
06/08/2006 08:00,6,8,4,8,0,24.2917,78.5833,0,0,2.69795e+08,8.41776e+08,2.02587e+07,0.0
06/08/2006 09:00,6,8,4,9,0,26.2833,71.0833,0,0,2.94051e+08,8.93951e+08,2.08567e+07,0.0
06/08/2006 10:00,6,8,4,10,0,27.8417,66.6667,0,0,3.12868e+08,9.30012e+08,2.1586e+07,0.0
06/08/2006 11:00,6,8,4,11,0,29.6417,59.1667,0,0,3.1939e+08,9.41834e+08,2.23692e+07,0.0
06/08/2006 12:00,6,8,4,12,0,30.8917,53.25,0,0,3.0993e+08,9.17264e+08,2.37072e+07,0.0
06/08/2006 13:00,6,8,4,13,0,31.45,49.0833,0,0,2.73753e+08,8.3336e+08,2.60097e+07,0.0
06/08/2006 14:00,6,8,4,14,0,31.7,47,0,0,3.17939e+08,9.54492e+08,2.41e+07,0.0
06/08/2006 15:00,6,8,4,15,0,31.7,45.8333,0,0,3.32598e+08,1.00204e+09,1.8871e+07,0.0
06/08/2006 16:00,6,8,4,16,0,31.35,47.9167,0,0,3.36534e+08,1.01631e+09,1.82734e+07,0.0
06/08/2006 17:00,6,8,4,17,0,30.4583,52.9167,0,0,3.31846e+08,9.96508e+08,1.94262e+07,0.0
06/08/2006 18:00,6,8,4,18,0,30,52.6667,0,0,3.09848e+08,9.4349e+08,2.03117e+07,0.0
06/08/2006 19:00,6,8,4,19,0,29.3583,54.5,0,0,2.95607e+08,9.20281e+08,2.12754e+07,0.0
06/08/2006 20:00,6,8,4,20,0,28.2583,58.75,0,0,2.50864e+08,7.98703e+08,2.02222e+07,0.0
06/08/2006 21:00,6,8,4,21,0,27.1583,62.3333,0,0,1.83238e+08,5.31766e+08,1.60675e+07,0.0
06/08/2006 22:00,6,8,4,22,0,26.0583,69.8333,0,0,1.48173e+08,4.08602e+08,1.37029e+07,0.0
06/08/2006 23:00,6,8,4,23,0,25.25,76.9167,0,0,1.21142e+08,3.59413e+08,1.10672e+07,0.0
06/09/2006 00:00,6,9,5,0,0,25,76.0833,0,0,1.44844e+08,3.55649e+08,1.24067e+07,0.0
06/09/2006 01:00,6,9,5,1,0,25,76.9167,0,0,1.09708e+08,2.91385e+08,9.74686e+06,0.0
06/09/2006 02:00,6,9,5,2,0,24.65,77.25,0,235174,1.2849e+08,2.90968e+08,3.67076e+06,235174.0
06/09/2006 03:00,6,9,5,3,0,24.1083,79.5,0,235572,9.87371e+07,2.47482e+08,6.15956e+06,235572.0
06/09/2006 04:00,6,9,5,4,0,23.55,84.9167,0,232806,1.24872e+08,2.93555e+08,8.50085e+06,232806.0
06/09/2006 05:00,6,9,5,5,0,23.3,87,0,195171,1.66065e+08,4.31388e+08,1.25129e+07,195171.0
06/09/2006 06:00,6,9,5,6,0,23.3,85.8333,0,0,2.09335e+08,6.42928e+08,1.80605e+07,0.0
06/09/2006 07:00,6,9,5,7,0,23.65,84.4167,0,0,2.57265e+08,7.97153e+08,1.97592e+07,0.0
06/09/2006 08:00,6,9,5,8,0,24.5417,81.0833,0,0,2.78914e+08,8.49291e+08,2.02237e+07,0.0
06/09/2006 09:00,6,9,5,9,0,25.6417,77.8333,0,0,3.01064e+08,9.01601e+08,2.08207e+07,0.0
06/09/2006 10:00,6,9,5,10,0,27.0917,74.0833,0,0,3.20874e+08,9.38725e+08,2.15447e+07,0.0
06/09/2006 11:00,6,9,5,11,0,28.4417,69.0833,0,0,3.30549e+08,9.5361e+08,2.23219e+07,0.0
06/09/2006 12:00,6,9,5,12,0,29.1917,65.8333,0,0,3.24068e+08,9.31929e+08,2.36748e+07,0.0
06/09/2006 13:00,6,9,5,13,0,30.1,62.6667,0,0,2.94884e+08,8.55874e+08,2.56362e+07,0.0
06/09/2006 14:00,6,9,5,14,0,30.6,61,0,0,3.49231e+08,9.8876e+08,2.40335e+07,0.0
06/09/2006 15:00,6,9,5,15,0,30.6,59.8333,0,0,3.55264e+08,1.00966e+09,1.88045e+07,0.0
06/09/2006 16:00,6,9,5,16,0,30.6,59,0,0,3.43708e+08,9.83322e+08,1.8496e+07,0.0
06/09/2006 17:00,6,9,5,17,0,29.6083,61.3333,0,0,3.41575e+08,9.91275e+08,1.93998e+07,0.0
06/09/2006 18:00,6,9,5,18,0,27.6167,69.4167,0,0,2.99309e+08,9.06677e+08,2.02795e+07,0.0
06/09/2006 19:00,6,9,5,19,0,26.7,75.1667,0,0,2.89665e+08,8.98518e+08,2.12365e+07,0.0
06/09/2006 20:00,6,9,5,20,0,26.35,79.5,0,0,2.61598e+08,7.94686e+08,2.01554e+07,0.0
06/09/2006 21:00,6,9,5,21,0,26.1,82,0,0,1.98722e+08,5.44183e+08,1.56871e+07,0.0
06/09/2006 22:00,6,9,5,22,0,25.8083,80.25,0,0,1.56157e+08,4.15283e+08,1.36478e+07,0.0
06/09/2006 23:00,6,9,5,23,0,24.9,80.75,0,0,1.22709e+08,3.54315e+08,1.12532e+07,0.0
06/10/2006 00:00,6,10,6,0,0,24.4,83.75,0,0,1.47984e+08,3.57482e+08,1.25889e+07,0.0
06/10/2006 01:00,6,10,6,1,0,24.4,85,0,230813,1.12655e+08,2.46661e+08,230813,230813.0
06/10/2006 02:00,6,10,6,2,0,24.1083,86.75,0,0,1.28944e+08,2.61198e+08,1.54078e+06,0.0
06/10/2006 03:00,6,10,6,3,0,23.9583,88.5833,0,231388,1.07614e+08,2.3665e+08,231388,231388.0
06/10/2006 04:00,6,10,6,4,0,23.9417,89.5833,0,0,1.24316e+08,2.54138e+08,0,0.0
06/10/2006 05:00,6,10,6,5,0,23.9,88.8333,0,233290,1.07707e+08,2.44081e+08,9.75796e+06,233290.0
06/10/2006 06:00,6,10,6,6,0,23.9,88,0,169796,1.362e+08,2.7818e+08,9.84011e+06,169796.0
06/10/2006 07:00,6,10,6,7,0,24.1917,88,0,258377,1.54381e+08,3.4596e+08,1.0551e+07,258377.0
06/10/2006 08:00,6,10,6,8,0,24.75,84.5,0,0,1.80707e+08,4.11816e+08,1.27639e+07,0.0
06/10/2006 09:00,6,10,6,9,0,25.35,80.25,0,0,1.85394e+08,4.32175e+08,1.35312e+07,0.0
06/10/2006 10:00,6,10,6,10,0,25.8917,79,0,0,1.91668e+08,4.33065e+08,1.3432e+07,0.0
06/10/2006 11:00,6,10,6,11,0,26.625,76.0833,0,0,1.98924e+08,4.3427e+08,1.38148e+07,0.0
06/10/2006 12:00,6,10,6,12,0,27.7583,71.6667,0,0,1.97718e+08,4.11967e+08,1.34868e+07,0.0
06/10/2006 13:00,6,10,6,13,0,28.65,70,0,0,1.64372e+08,3.37458e+08,1.32237e+07,0.0
06/10/2006 14:00,6,10,6,14,0,28.55,70,0,147042,1.39263e+08,3.0127e+08,1.28623e+07,147042.0
06/10/2006 15:00,6,10,6,15,0,29.2917,67.0833,0,75223.5,1.69936e+08,3.49032e+08,1.15879e+07,75223.5
06/10/2006 16:00,6,10,6,16,0,29.65,66.75,0,132730,1.46243e+08,3.04597e+08,1.14138e+07,132730.0
06/10/2006 17:00,6,10,6,17,0,29.1083,69.1667,0,0,1.65186e+08,3.14159e+08,9.7972e+06,0.0
06/10/2006 18:00,6,10,6,18,0,28.55,71.1667,0,142289,1.35064e+08,2.59607e+08,7.78046e+06,142289.0
06/10/2006 19:00,6,10,6,19,0,28.3,70.8333,0,0,1.53941e+08,2.72951e+08,7.39552e+06,0.0
06/10/2006 20:00,6,10,6,20,0,28.0083,71.1667,0,0,1.16529e+08,2.43528e+08,0,0.0
06/10/2006 21:00,6,10,6,21,0,27.1583,74.3333,0,0,1.41714e+08,2.88725e+08,0,0.0
06/10/2006 22:00,6,10,6,22,0,26.0583,77.75,0,0,1.09835e+08,2.49875e+08,1.54068e+06,0.0
06/10/2006 23:00,6,10,6,23,0,25.25,77.8333,0,0,1.26789e+08,2.71577e+08,0,0.0
06/11/2006 00:00,6,11,0,0,0,24.65,78.1667,0,0,1.01346e+08,2.34443e+08,1.5406e+06,0.0
06/11/2006 01:00,6,11,0,1,0,24.1083,80.75,0,0,1.1569e+08,2.47006e+08,0,0.0
06/11/2006 02:00,6,11,0,2,0,23.9,83.1667,0,0,9.49993e+07,2.20045e+08,0,0.0
06/11/2006 03:00,6,11,0,3,0,23.9,82.8333,0,0,1.10503e+08,2.3819e+08,1.54079e+06,0.0
06/11/2006 04:00,6,11,0,4,0,23.55,82,0,0,7.53402e+07,1.96505e+08,1.06037e+07,0.0
06/11/2006 05:00,6,11,0,5,0,23.3,82,0,0,8.48034e+07,2.02921e+08,7.37483e+06,0.0
06/11/2006 06:00,6,11,0,6,0,23.3,82,0,0,7.39296e+07,1.77959e+08,8.66949e+06,0.0
06/11/2006 07:00,6,11,0,7,0,23.9417,78.5,0,0,6.59424e+07,1.63453e+08,8.17245e+06,0.0
06/11/2006 08:00,6,11,0,8,0,25.1,74.8333,0,0,1.09356e+08,2.11345e+08,7.5573e+06,0.0
06/11/2006 09:00,6,11,0,9,0,25.6,74,0,0,1.43634e+08,2.63795e+08,9.4352e+06,0.0
06/11/2006 10:00,6,11,0,10,0,26.2417,74,0,0,1.16921e+08,2.26828e+08,7.59953e+06,0.0
06/11/2006 11:00,6,11,0,11,0,27.3417,72.8333,0,0,1.54437e+08,2.78431e+08,9.58414e+06,0.0
06/11/2006 12:00,6,11,0,12,0,28.0917,72,0,0,1.22808e+08,2.3289e+08,7.80319e+06,0.0
06/11/2006 13:00,6,11,0,13,0,28.65,69.0833,0,0,1.57088e+08,2.81334e+08,9.77816e+06,0.0
06/11/2006 14:00,6,11,0,14,0,29.1917,67.5833,0,0,1.27672e+08,2.45599e+08,9.62457e+06,0.0
06/11/2006 15:00,6,11,0,15,0,29.4,66.25,0,0,1.63462e+08,2.96275e+08,7.55617e+06,0.0
06/11/2006 16:00,6,11,0,16,0,29.4,65,0,86560.9,1.29946e+08,2.50878e+08,9.50025e+06,86560.9
06/11/2006 17:00,6,11,0,17,0,29.4,63.8333,0,87034.8,1.60953e+08,2.95343e+08,7.52969e+06,87034.8
06/11/2006 18:00,6,11,0,18,0,29.1083,63,0,0,1.18745e+08,2.21339e+08,7.35371e+06,0.0
06/11/2006 19:00,6,11,0,19,0,28.55,61.8333,0,0,1.43545e+08,2.58144e+08,1.82164e+06,0.0
06/11/2006 20:00,6,11,0,20,0,27.6583,63.3333,0,0,1.08782e+08,2.33673e+08,1.54078e+06,0.0
06/11/2006 21:00,6,11,0,21,0,26.9083,64.4167,0,0,1.26645e+08,2.73804e+08,0,0.0
06/11/2006 22:00,6,11,0,22,0,26.0583,65.75,0,0,9.72324e+07,2.32567e+08,1.54051e+06,0.0
06/11/2006 23:00,6,11,0,23,0,24.9,69.3333,0,0,1.13095e+08,2.62605e+08,0,0.0
06/12/2006 00:00,6,12,1,0,0,24.1083,73.9167,0,0,8.86885e+07,2.12939e+08,0,0.0
06/12/2006 01:00,6,12,1,1,0,23.55,79.5,0,0,1.10112e+08,2.99486e+08,1.36675e+07,0.0
06/12/2006 02:00,6,12,1,2,0,23.0083,81.4167,0,0,7.54875e+07,2.18671e+08,3.1965e+06,0.0
06/12/2006 03:00,6,12,1,3,0,22.45,81.5833,0,0,7.95083e+07,2.21539e+08,6.12804e+06,0.0
06/12/2006 04:00,6,12,1,4,0,21.9083,83.1667,0,0,6.89233e+07,2.18663e+08,9.63523e+06,0.0
06/12/2006 05:00,6,12,1,5,0,21.7,85.75,0,56619.7,1.55599e+08,4.21878e+08,1.30116e+07,56619.7
06/12/2006 06:00,6,12,1,6,0,21.9917,85.25,0,0,1.82023e+08,5.96782e+08,1.6339e+07,0.0
06/12/2006 07:00,6,12,1,7,0,22.8417,82.8333,0,0,2.29529e+08,7.4078e+08,1.94175e+07,0.0
06/12/2006 08:00,6,12,1,8,0,23.9417,80.25,0,0,2.54161e+08,7.95405e+08,2.00335e+07,0.0
06/12/2006 09:00,6,12,1,9,0,25.1,76.0833,0,0,2.74011e+08,8.39888e+08,2.07316e+07,0.0
06/12/2006 10:00,6,12,1,10,0,25.8917,74,0,0,2.86263e+08,8.655e+08,2.1476e+07,0.0
06/12/2006 11:00,6,12,1,11,0,26.45,71.0833,0,0,2.89441e+08,8.72705e+08,2.21715e+07,0.0
06/12/2006 12:00,6,12,1,12,0,27.6333,63.1667,0,0,2.7802e+08,8.47498e+08,2.31568e+07,0.0
06/12/2006 13:00,6,12,1,13,0,28.9417,55.5,0,0,2.50666e+08,7.85492e+08,2.60721e+07,0.0
06/12/2006 14:00,6,12,1,14,0,29.4,54.1667,0,0,2.93422e+08,8.93369e+08,2.48203e+07,0.0
06/12/2006 15:00,6,12,1,15,0,29.4,52.6667,0,0,3.07332e+08,9.38819e+08,1.92095e+07,0.0
06/12/2006 16:00,6,12,1,16,0,29.75,50.4167,0,0,3.1014e+08,9.58663e+08,1.8326e+07,0.0
06/12/2006 17:00,6,12,1,17,0,29.65,54.0833,0,0,3.17621e+08,9.64461e+08,1.89065e+07,0.0
06/12/2006 18:00,6,12,1,18,0,29.1083,55.8333,0,0,2.9986e+08,9.17915e+08,2.00968e+07,0.0
06/12/2006 19:00,6,12,1,19,0,28.55,58.5,0,0,2.87862e+08,8.96778e+08,2.1168e+07,0.0
06/12/2006 20:00,6,12,1,20,0,28.0083,62.1667,0,0,2.50421e+08,7.89366e+08,1.96502e+07,0.0
06/12/2006 21:00,6,12,1,21,0,27.1583,67.6667,0,0,1.89094e+08,5.35124e+08,1.51499e+07,0.0
06/12/2006 22:00,6,12,1,22,0,26.35,72.75,0,0,1.525e+08,4.11791e+08,1.33018e+07,0.0
06/12/2006 23:00,6,12,1,23,0,25.8083,75.1667,0,0,1.23681e+08,3.60601e+08,1.28129e+07,0.0
06/13/2006 00:00,6,13,2,0,0,25.25,79.5,0,0,1.48804e+08,3.58266e+08,1.05064e+07,0.0
06/13/2006 01:00,6,13,2,1,0,25,82,0,0,1.13853e+08,2.94932e+08,9.75813e+06,0.0
06/13/2006 02:00,6,13,2,2,0,24.65,83.75,0,194515,1.36624e+08,2.99164e+08,3.86353e+06,194515.0
06/13/2006 03:00,6,13,2,3,0,24.4,85,0,0,1.06297e+08,2.56423e+08,6.12464e+06,0.0
06/13/2006 04:00,6,13,2,4,0,24.4,85,0,0,1.32999e+08,3.00807e+08,8.90138e+06,0.0
06/13/2006 05:00,6,13,2,5,0,24.4,85,0,131699,1.77133e+08,4.42707e+08,1.17669e+07,131699.0
06/13/2006 06:00,6,13,2,6,0,24.75,83.25,0,0,2.16707e+08,6.48314e+08,1.79344e+07,0.0
06/13/2006 07:00,6,13,2,7,0,25.35,80.25,0,0,2.65693e+08,7.95406e+08,1.96187e+07,0.0
06/13/2006 08:00,6,13,2,8,0,25.8917,77.8333,0,0,2.89328e+08,8.51086e+08,2.00752e+07,0.0
06/13/2006 09:00,6,13,2,9,0,26.7417,75.25,0,0,3.02917e+08,8.81989e+08,2.06547e+07,0.0
06/13/2006 10:00,6,13,2,10,0,27.8417,71.6667,0,0,3.25766e+08,9.36493e+08,2.13579e+07,0.0
06/13/2006 11:00,6,13,2,11,0,28.9417,70,0,0,3.39374e+08,9.56181e+08,2.21114e+07,0.0
06/13/2006 12:00,6,13,2,12,0,29.75,68.25,0,0,3.3923e+08,9.42036e+08,2.34009e+07,0.0
06/13/2006 13:00,6,13,2,13,0,30.6417,62.3333,0,0,3.01379e+08,8.57538e+08,2.57555e+07,0.0
06/13/2006 14:00,6,13,2,14,0,31.1,61.3333,0,0,3.50422e+08,9.7031e+08,2.39225e+07,0.0
06/13/2006 15:00,6,13,2,15,0,31.7417,60.0833,0,0,3.78104e+08,1.02566e+09,1.86594e+07,0.0
06/13/2006 16:00,6,13,2,16,0,32.2,58,0,0,3.74774e+08,1.01968e+09,1.78728e+07,0.0
06/13/2006 17:00,6,13,2,17,0,31.2667,59.75,0,0,3.72355e+08,1.03526e+09,1.92647e+07,0.0
06/13/2006 18:00,6,13,2,18,0,30.25,62.1667,0,0,3.40405e+08,9.68102e+08,2.01231e+07,0.0
06/13/2006 19:00,6,13,2,19,0,29.0083,67.0833,0,0,3.15557e+08,9.34514e+08,2.10541e+07,0.0
06/13/2006 20:00,6,13,2,20,0,26.725,77,0,0,2.66511e+08,8.03735e+08,2.00406e+07,0.0
06/13/2006 21:00,6,13,2,21,0,25.25,82,0,0,1.90288e+08,5.34803e+08,1.58155e+07,0.0
06/13/2006 22:00,6,13,2,22,0,24.65,85.5,0,0,1.52233e+08,4.09582e+08,1.34763e+07,0.0
06/13/2006 23:00,6,13,2,23,0,24.4,88,0,0,1.22592e+08,3.52499e+08,1.11868e+07,0.0
06/14/2006 00:00,6,14,3,0,0,24.75,85.6667,0,0,1.50098e+08,3.58869e+08,1.25623e+07,0.0
06/14/2006 01:00,6,14,3,1,0,25,84,0,0,1.12718e+08,2.98607e+08,9.73161e+06,0.0
06/14/2006 02:00,6,14,3,2,0,24.65,86.3333,0,0,1.26466e+08,2.86054e+08,1.87592e+06,0.0
06/14/2006 03:00,6,14,3,3,0,24.1083,89.1667,0,214776,1.03259e+08,2.45125e+08,7.5278e+06,214776.0
06/14/2006 04:00,6,14,3,4,0,24.1917,87.0833,0,251147,1.27572e+08,2.95661e+08,8.10649e+06,251147.0
06/14/2006 05:00,6,14,3,5,0,23.4667,87.9167,0,141096,1.68808e+08,4.34218e+08,1.28423e+07,141096.0
06/14/2006 06:00,6,14,3,6,0,23.7333,83.5833,0,0,2.08625e+08,6.40265e+08,1.79909e+07,0.0
06/14/2006 07:00,6,14,3,7,0,25.1,76.0833,0,0,2.61802e+08,8.05967e+08,1.96016e+07,0.0
06/14/2006 08:00,6,14,3,8,0,26.8833,67.5833,0,0,2.85217e+08,8.671e+08,2.00471e+07,0.0
06/14/2006 09:00,6,14,3,9,0,28.7333,59.5,0,0,3.0605e+08,9.17976e+08,2.06282e+07,0.0
06/14/2006 10:00,6,14,3,10,0,29.75,55.8333,0,0,3.17922e+08,9.46292e+08,2.13275e+07,0.0
06/14/2006 11:00,6,14,3,11,0,30.6417,53.25,0,0,3.21514e+08,9.51068e+08,2.20768e+07,0.0
06/14/2006 12:00,6,14,3,12,0,31.7417,50.8333,0,0,3.18867e+08,9.33226e+08,2.34038e+07,0.0
06/14/2006 13:00,6,14,3,13,0,32.2,50,0,0,2.90803e+08,8.58169e+08,2.49195e+07,0.0
06/14/2006 14:00,6,14,3,14,0,32.55,49.4167,0,0,3.43657e+08,9.87532e+08,2.3805e+07,0.0
06/14/2006 15:00,6,14,3,15,0,33.0917,49,0,0,3.66989e+08,1.03847e+09,1.85648e+07,0.0
06/14/2006 16:00,6,14,3,16,0,33.3,47.8333,0,0,3.67946e+08,1.05061e+09,1.85681e+07,0.0
06/14/2006 17:00,6,14,3,17,0,33.3,46.4167,0,0,3.60309e+08,1.03171e+09,1.92513e+07,0.0
06/14/2006 18:00,6,14,3,18,0,32.6583,48.3333,0,0,3.39923e+08,9.77569e+08,2.01031e+07,0.0
06/14/2006 19:00,6,14,3,19,0,31.5583,54.0833,0,0,3.2681e+08,9.57705e+08,2.10284e+07,0.0
06/14/2006 20:00,6,14,3,20,0,30.4583,58.1667,0,0,2.79969e+08,8.33669e+08,1.9933e+07,0.0
06/14/2006 21:00,6,14,3,21,0,29.65,61.3333,0,0,2.05422e+08,5.57294e+08,1.49072e+07,0.0
06/14/2006 22:00,6,14,3,22,0,28.7583,67.0833,0,0,1.60038e+08,4.22556e+08,1.34082e+07,0.0
06/14/2006 23:00,6,14,3,23,0,28.65,67.0833,0,0,1.3142e+08,3.74057e+08,1.20655e+07,0.0
06/15/2006 00:00,6,15,4,0,0,28.2583,67.3333,0,0,1.55327e+08,3.71665e+08,1.25434e+07,0.0
06/15/2006 01:00,6,15,4,1,0,27.45,70.75,0,0,1.1878e+08,3.04907e+08,8.79884e+06,0.0
06/15/2006 02:00,6,15,4,2,0,26.9083,73.1667,0,206677,1.40453e+08,2.98975e+08,2.98502e+06,206677.0
06/15/2006 03:00,6,15,4,3,0,25.7083,78.6667,0,194112,1.05682e+08,2.533e+08,6.34848e+06,194112.0
06/15/2006 04:00,6,15,4,4,0,24.65,82,0,211075,1.29748e+08,3.04831e+08,9.85037e+06,211075.0
06/15/2006 05:00,6,15,4,5,0,24.4,82,0,0,1.74457e+08,4.40315e+08,1.28979e+07,0.0
06/15/2006 06:00,6,15,4,6,0,25.1,75.5833,0,0,2.15555e+08,6.56451e+08,1.62001e+07,0.0
06/15/2006 07:00,6,15,4,7,0,26.5333,65.1667,0,0,2.64779e+08,8.24631e+08,1.92845e+07,0.0
06/15/2006 08:00,6,15,4,8,0,27.8417,56.3333,0,0,2.80603e+08,8.81888e+08,1.98994e+07,0.0
06/15/2006 09:00,6,15,4,9,0,28.65,51.8333,0,0,2.89985e+08,9.0434e+08,2.0601e+07,0.0
06/15/2006 10:00,6,15,4,10,0,28.9,52.1667,0,0,2.95547e+08,9.26179e+08,2.13478e+07,0.0
06/15/2006 11:00,6,15,4,11,0,28.9,47.75,0,0,2.86168e+08,9.21672e+08,2.20454e+07,0.0
06/15/2006 12:00,6,15,4,12,0,28.9,41.6667,0,0,2.5838e+08,8.70018e+08,2.30413e+07,0.0
06/15/2006 13:00,6,15,4,13,0,29.8917,37.6667,0,0,2.26867e+08,7.85117e+08,2.59369e+07,0.0
06/15/2006 14:00,6,15,4,14,0,30.6,35.4167,0,0,2.624e+08,8.81912e+08,2.46214e+07,0.0
06/15/2006 15:00,6,15,4,15,0,30.25,35,0,0,2.68781e+08,9.03411e+08,1.91216e+07,0.0
06/15/2006 16:00,6,15,4,16,0,30.35,35.5833,0,0,2.87801e+08,9.59293e+08,1.82628e+07,0.0
06/15/2006 17:00,6,15,4,17,0,30.6,35.4167,0,0,2.89351e+08,9.54706e+08,1.87675e+07,0.0
06/15/2006 18:00,6,15,4,18,0,30.25,36.1667,0,0,2.70294e+08,9.13469e+08,1.99627e+07,0.0
06/15/2006 19:00,6,15,4,19,0,29.3583,39.3333,0,0,2.5682e+08,8.85291e+08,2.10369e+07,0.0
06/15/2006 20:00,6,15,4,20,0,28.2583,44.5,0,0,2.21069e+08,7.71284e+08,1.9499e+07,0.0
06/15/2006 21:00,6,15,4,21,0,27.8,46.4167,0,0,1.66037e+08,5.16647e+08,1.52145e+07,0.0
06/15/2006 22:00,6,15,4,22,0,27.8,46.5833,0,0,1.36099e+08,3.99898e+08,1.32727e+07,0.0
06/15/2006 23:00,6,15,4,23,0,27.1583,48.1667,0,0,1.08654e+08,3.51312e+08,1.27925e+07,0.0
06/16/2006 00:00,6,16,5,0,0,26.35,48.4167,0,0,1.29115e+08,3.46117e+08,1.04692e+07,0.0
06/16/2006 01:00,6,16,5,1,0,26.1,48,0,0,9.49751e+07,2.80182e+08,9.74639e+06,0.0
06/16/2006 02:00,6,16,5,2,0,24.4667,58.5,0,201384,1.04295e+08,2.6007e+08,3.73938e+06,201384.0
06/16/2006 03:00,6,16,5,3,0,23.0083,68.9167,0,180717,8.61704e+07,2.33491e+08,6.29385e+06,180717.0
06/16/2006 04:00,6,16,5,4,0,22.1583,72.1667,0,0,1.08907e+08,2.86052e+08,8.75482e+06,0.0
06/16/2006 05:00,6,16,5,5,0,21.7,71.25,0,234049,1.25692e+08,3.78506e+08,1.199e+07,234049.0
06/16/2006 06:00,6,16,5,6,0,21.7,70,0,0,1.58622e+08,5.76478e+08,1.78875e+07,0.0
06/16/2006 07:00,6,16,5,7,0,22.6333,65.3333,0,0,1.92454e+08,7.10477e+08,1.95297e+07,0.0
06/16/2006 08:00,6,16,5,8,0,23.9417,60.8333,0,0,2.2656e+08,7.82037e+08,1.99731e+07,0.0
06/16/2006 09:00,6,16,5,9,0,25.3917,55.3333,0,0,2.37484e+08,8.08279e+08,2.05436e+07,0.0
06/16/2006 10:00,6,16,5,10,0,26.7417,51.4167,0,0,2.45541e+08,8.22604e+08,2.12331e+07,0.0
06/16/2006 11:00,6,16,5,11,0,27.55,48.6667,0,0,2.55624e+08,8.50168e+08,2.19711e+07,0.0
06/16/2006 12:00,6,16,5,12,0,28.0917,46.4167,0,0,2.54411e+08,8.50002e+08,2.32503e+07,0.0
06/16/2006 13:00,6,16,5,13,0,28.0083,46,0,0,2.2434e+08,7.71875e+08,2.53837e+07,0.0
06/16/2006 14:00,6,16,5,14,0,26.5167,53,0,0,2.40872e+08,8.1336e+08,2.3796e+07,0.0
06/16/2006 15:00,6,16,5,15,0,27.175,49.8333,0,0,2.68144e+08,8.84637e+08,1.8518e+07,0.0
06/16/2006 16:00,6,16,5,16,0,27.6583,44.5833,0,0,2.65771e+08,8.96304e+08,1.78781e+07,0.0
06/16/2006 17:00,6,16,5,17,0,26.9083,43.25,0,0,2.61808e+08,8.91781e+08,1.91787e+07,0.0
06/16/2006 18:00,6,16,5,18,0,25.7083,43.75,0,0,2.25987e+08,8.19648e+08,2.00219e+07,0.0
06/16/2006 19:00,6,16,5,19,0,24.3583,46.75,0,0,1.98046e+08,7.76285e+08,2.09348e+07,0.0
06/16/2006 20:00,6,16,5,20,0,23.2583,49.1667,0,0,1.68543e+08,6.76174e+08,1.99147e+07,0.0
06/16/2006 21:00,6,16,5,21,0,22.45,50.5833,0,0,1.38815e+08,4.63194e+08,1.53927e+07,0.0
06/16/2006 22:00,6,16,5,22,0,21.9083,52.1667,0,0,1.00367e+08,3.50918e+08,1.334e+07,0.0
06/16/2006 23:00,6,16,5,23,0,21.35,54.1667,0,0,7.22592e+07,2.98053e+08,1.16282e+07,0.0
06/17/2006 00:00,6,17,6,0,0,20.8083,56.1667,0,0,7.59763e+07,2.78086e+08,1.25359e+07,0.0
06/17/2006 01:00,6,17,6,1,0,20.25,59.3333,0,0,4.8118e+07,1.72885e+08,0,0.0
06/17/2006 02:00,6,17,6,2,0,19.3583,62.1667,0,0,4.19007e+07,1.66718e+08,0,0.0
06/17/2006 03:00,6,17,6,3,0,18.55,64.1667,0,0,3.12716e+07,1.57817e+08,1.54078e+06,0.0
06/17/2006 04:00,6,17,6,4,0,17.6583,70.8333,0,0,2.37636e+07,1.45082e+08,0,0.0
06/17/2006 05:00,6,17,6,5,0,16.5583,76.75,0,0,1.26557e+06,9.03867e+07,8.60452e+06,0.0
06/17/2006 06:00,6,17,6,6,0,17.0917,73.3333,0,281742,2.99825e+07,1.59097e+08,1.00195e+07,281742.0
06/17/2006 07:00,6,17,6,7,0,19.4333,62.4167,0,0,7.5791e+07,2.53895e+08,1.01527e+07,0.0
06/17/2006 08:00,6,17,6,8,0,21.5333,52.3333,0,0,1.35715e+08,3.55313e+08,1.27594e+07,0.0
06/17/2006 09:00,6,17,6,9,0,22.8417,48.4167,0,0,1.47436e+08,3.85889e+08,1.34184e+07,0.0
06/17/2006 10:00,6,17,6,10,0,23.3,46.25,0,0,1.47294e+08,3.70611e+08,1.33719e+07,0.0
06/17/2006 11:00,6,17,6,11,0,23.3,43.8333,0,0,1.46845e+08,3.59346e+08,1.37447e+07,0.0
06/17/2006 12:00,6,17,6,12,0,23.3,44.75,0,0,1.41916e+08,3.34266e+08,1.38911e+07,0.0
06/17/2006 13:00,6,17,6,13,0,23.3,42.5,0,63545,1.19183e+08,2.86252e+08,1.28747e+07,63545.0
06/17/2006 14:00,6,17,6,14,0,23.65,37.6667,0,0,9.30371e+07,2.48596e+08,1.2569e+07,0.0
06/17/2006 15:00,6,17,6,15,0,24.5417,35.4167,0,73002.5,1.22517e+08,2.91774e+08,1.14962e+07,73002.5
06/17/2006 16:00,6,17,6,16,0,25,32.6667,0,77863.6,9.97481e+07,2.47738e+08,1.13817e+07,77863.6
06/17/2006 17:00,6,17,6,17,0,24.65,32.1667,0,0,1.20656e+08,2.58201e+08,9.78027e+06,0.0
06/17/2006 18:00,6,17,6,18,0,24.1083,33.5833,0,91764.4,9.28268e+07,2.0851e+08,7.7182e+06,91764.4
06/17/2006 19:00,6,17,6,19,0,23.55,34,0,0,1.01051e+08,2.1216e+08,7.39019e+06,0.0
06/17/2006 20:00,6,17,6,20,0,22.6583,36.3333,0,0,7.39192e+07,1.8983e+08,0,0.0
06/17/2006 21:00,6,17,6,21,0,22.2,38,0,0,7.37891e+07,2.1382e+08,0,0.0
06/17/2006 22:00,6,17,6,22,0,21.9083,40.3333,0,0,6.14604e+07,1.99691e+08,1.54051e+06,0.0
06/17/2006 23:00,6,17,6,23,0,21.0583,43.75,0,0,5.66291e+07,1.93311e+08,0,0.0
06/18/2006 00:00,6,18,0,0,0,19.6083,50.25,0,0,2.58463e+07,1.34789e+08,0,0.0
06/18/2006 01:00,6,18,0,1,0,18.55,55.1667,0,0,2.11539e+07,1.26144e+08,1.54077e+06,0.0
06/18/2006 02:00,6,18,0,2,0,17.6583,58.3333,0,0,1.25093e+07,1.15703e+08,0,0.0
06/18/2006 03:00,6,18,0,3,0,17.55,60,0,0,4.83801e+06,9.18023e+07,1.54047e+06,0.0
06/18/2006 04:00,6,18,0,4,0,17.1583,62.9167,0,0,1.1151e+07,1.14127e+08,1.02712e+07,0.0
06/18/2006 05:00,6,18,0,5,0,16.0583,69.0833,0,0,5.01526e+06,9.30519e+07,7.82575e+06,0.0
06/18/2006 06:00,6,18,0,6,0,16.5333,67.9167,0,0,1.05091e+07,1.04003e+08,8.83265e+06,0.0
06/18/2006 07:00,6,18,0,7,0,18.4833,61.5,0,0,1.10925e+07,8.8044e+07,7.51701e+06,0.0
06/18/2006 08:00,6,18,0,8,0,20.1,57.8333,0,0,6.40558e+07,1.73068e+08,7.54545e+06,0.0
06/18/2006 09:00,6,18,0,9,0,21.5333,53.5,0,0,1.00844e+08,2.18964e+08,9.43144e+06,0.0
06/18/2006 10:00,6,18,0,10,0,23.1917,46.3333,0,0,8.96594e+07,1.96845e+08,7.58531e+06,0.0
06/18/2006 11:00,6,18,0,11,0,24.1917,42.4167,0,0,1.15529e+08,2.35551e+08,9.57625e+06,0.0
06/18/2006 12:00,6,18,0,12,0,25.1,39.0833,0,0,8.82725e+07,1.96256e+08,7.92262e+06,0.0
06/18/2006 13:00,6,18,0,13,0,24.9,38.75,0,0,1.15078e+08,2.345e+08,9.6402e+06,0.0
06/18/2006 14:00,6,18,0,14,0,25.7417,38.8333,0,0,8.93096e+07,2.01809e+08,9.61241e+06,0.0
06/18/2006 15:00,6,18,0,15,0,26.35,38,0,0,1.1565e+08,2.42959e+08,7.55873e+06,0.0
06/18/2006 16:00,6,18,0,16,0,26.7417,38,0,0,9.3281e+07,2.11754e+08,9.40512e+06,0.0
06/18/2006 17:00,6,18,0,17,0,26.5583,38,0,0,1.19533e+08,2.53002e+08,7.43247e+06,0.0
06/18/2006 18:00,6,18,0,18,0,26.1,36.8333,0,0,8.90666e+07,1.93054e+08,7.34932e+06,0.0
06/18/2006 19:00,6,18,0,19,0,25.1083,39.5,0,0,1.11755e+08,2.23021e+08,1.82244e+06,0.0
06/18/2006 20:00,6,18,0,20,0,24.1083,42.5833,0,0,7.98406e+07,1.96709e+08,1.54054e+06,0.0
06/18/2006 21:00,6,18,0,21,0,23.55,45.9167,0,0,8.77442e+07,2.30434e+08,0,0.0
06/18/2006 22:00,6,18,0,22,0,22.6583,49.75,0,0,6.54257e+07,2.02954e+08,189179,0.0
06/18/2006 23:00,6,18,0,23,0,22.2,54.5,0,0,7.28863e+07,2.11403e+08,1.35147e+06,0.0
06/19/2006 00:00,6,19,1,0,0,21.5583,58.1667,0,0,3.70864e+07,1.46958e+08,0,0.0
06/19/2006 01:00,6,19,1,1,0,20.4583,61.3333,0,0,2.6232e+07,1.81441e+08,1.33825e+07,0.0
06/19/2006 02:00,6,19,1,2,0,19.65,64.75,0,0,9.92904e+06,1.18971e+08,3.77164e+06,0.0
06/19/2006 03:00,6,19,1,3,0,19.1083,67.1667,0,0,1.71324e+07,1.31347e+08,5.112e+06,0.0
06/19/2006 04:00,6,19,1,4,0,18.55,68,0,0,2.19082e+07,1.7338e+08,9.70055e+06,0.0
06/19/2006 05:00,6,19,1,5,0,18.3,68,0,0,4.60201e+07,2.89409e+08,1.28752e+07,0.0
06/19/2006 06:00,6,19,1,6,0,18.3,66.25,0,0,7.19217e+07,4.65685e+08,1.68527e+07,0.0
06/19/2006 07:00,6,19,1,7,0,18.65,65,0,0,1.0429e+08,5.59324e+08,1.90874e+07,0.0
06/19/2006 08:00,6,19,1,8,0,19.8917,62.6667,0,0,1.46647e+08,6.13445e+08,1.97147e+07,0.0
06/19/2006 09:00,6,19,1,9,0,21.2417,58.6667,0,0,1.59395e+08,6.61082e+08,2.04152e+07,0.0
06/19/2006 10:00,6,19,1,10,0,22.6333,54.0833,0,0,1.73899e+08,7.04327e+08,2.11668e+07,0.0
06/19/2006 11:00,6,19,1,11,0,23.9417,50.8333,0,0,1.87143e+08,7.29159e+08,2.18682e+07,0.0
06/19/2006 12:00,6,19,1,12,0,24.4,50,0,0,1.88093e+08,7.19781e+08,2.28385e+07,0.0
06/19/2006 13:00,6,19,1,13,0,25.1,48.25,0,0,1.83842e+08,6.82907e+08,2.48342e+07,0.0
06/19/2006 14:00,6,19,1,14,0,25.6,47,0,0,2.14595e+08,7.75485e+08,2.44833e+07,0.0
06/19/2006 15:00,6,19,1,15,0,25.25,48.75,0,0,2.18336e+08,7.95472e+08,1.90568e+07,0.0
06/19/2006 16:00,6,19,1,16,0,24.0083,57,0,0,2.25466e+08,8.0803e+08,1.84641e+07,0.0
06/19/2006 17:00,6,19,1,17,0,23.0083,63.1667,0,0,2.19549e+08,7.87361e+08,1.91501e+07,0.0
06/19/2006 18:00,6,19,1,18,0,22.1583,65.1667,0,0,1.92452e+08,7.39686e+08,1.98269e+07,0.0
06/19/2006 19:00,6,19,1,19,0,21.35,67.1667,0,0,1.68628e+08,7.18717e+08,2.08461e+07,0.0
06/19/2006 20:00,6,19,1,20,0,20.8083,66.25,0,0,1.56089e+08,6.36584e+08,1.94346e+07,0.0
06/19/2006 21:00,6,19,1,21,0,20.25,62.6667,0,0,1.01168e+08,4.16639e+08,1.43722e+07,0.0
06/19/2006 22:00,6,19,1,22,0,19.65,62.1667,0,0,6.79638e+07,3.14065e+08,1.32485e+07,0.0
06/19/2006 23:00,6,19,1,23,0,19.1083,61.8333,0,207296,4.87852e+07,2.73542e+08,1.29785e+07,207296.0
06/20/2006 00:00,6,20,2,0,0,18.2583,64.5,0,175991,4.7004e+07,2.50693e+08,1.0652e+07,175991.0
06/20/2006 01:00,6,20,2,1,0,17.45,68.75,0,0,2.45308e+07,1.98004e+08,9.74357e+06,0.0
06/20/2006 02:00,6,20,2,2,0,16.9083,72.9167,0,227643,2.20157e+07,1.69102e+08,3.81326e+06,227643.0
06/20/2006 03:00,6,20,2,3,0,16.35,76.75,0,224134,1.27423e+07,1.52013e+08,6.15613e+06,224134.0
06/20/2006 04:00,6,20,2,4,0,16.1,79.75,0,209815,1.58391e+07,1.78412e+08,9.7616e+06,209815.0
06/20/2006 05:00,6,20,2,5,0,16.1,81,0,68484.8,1.78461e+07,2.59291e+08,1.09667e+07,68484.8
06/20/2006 06:00,6,20,2,6,0,16.45,79.25,0,256460,4.41056e+07,4.3511e+08,1.80155e+07,256460.0
06/20/2006 07:00,6,20,2,7,0,17.3417,76.25,0,0,7.89174e+07,5.4355e+08,1.93991e+07,0.0
06/20/2006 08:00,6,20,2,8,0,17.8,75,0,0,1.00843e+08,5.64056e+08,1.98396e+07,0.0
06/20/2006 09:00,6,20,2,9,0,18.4417,69.1667,0,0,1.24603e+08,5.93681e+08,2.0394e+07,0.0
06/20/2006 10:00,6,20,2,10,0,19.1917,65.5833,0,0,1.52351e+08,6.30572e+08,2.1065e+07,0.0
06/20/2006 11:00,6,20,2,11,0,19.75,64.25,0,0,1.58231e+08,6.46237e+08,2.17815e+07,0.0
06/20/2006 12:00,6,20,2,12,0,20.35,61.8333,0,0,1.57988e+08,6.50145e+08,2.29984e+07,0.0
06/20/2006 13:00,6,20,2,13,0,21.5333,56.3333,0,0,1.55958e+08,6.29745e+08,2.5616e+07,0.0
06/20/2006 14:00,6,20,2,14,0,21.9083,55.3333,0,0,1.66942e+08,6.89514e+08,2.3689e+07,0.0
06/20/2006 15:00,6,20,2,15,0,22.3417,52.9167,0,0,1.77318e+08,7.23672e+08,1.83971e+07,0.0
06/20/2006 16:00,6,20,2,16,0,22.45,50.5833,0,0,1.77555e+08,7.20582e+08,1.74387e+07,0.0
06/20/2006 17:00,6,20,2,17,0,22.55,50.4167,0,0,1.73096e+08,6.99091e+08,1.88424e+07,0.0
06/20/2006 18:00,6,20,2,18,0,21.8083,55.25,0,0,1.6592e+08,6.87481e+08,1.98812e+07,0.0
06/20/2006 19:00,6,20,2,19,0,20.8083,60.1667,0,0,1.59135e+08,6.85603e+08,2.07716e+07,0.0
06/20/2006 20:00,6,20,2,20,0,19.9,63.9167,0,0,1.46494e+08,6.2062e+08,1.98167e+07,0.0
06/20/2006 21:00,6,20,2,21,0,19.4,66,0,0,8.23189e+07,3.93059e+08,1.55567e+07,0.0
06/20/2006 22:00,6,20,2,22,0,19.1083,67.1667,0,231419,6.19378e+07,3.15451e+08,1.33882e+07,231419.0
06/20/2006 23:00,6,20,2,23,0,18.55,70.9167,0,189625,4.47055e+07,2.78259e+08,1.17412e+07,189625.0
06/21/2006 00:00,6,21,3,0,0,18.0083,73,0,0,3.85717e+07,2.35233e+08,1.25196e+07,0.0
06/21/2006 01:00,6,21,3,1,0,17.45,74.1667,0,0,2.55833e+07,2.10958e+08,8.78749e+06,0.0
06/21/2006 02:00,6,21,3,2,0,17.2,73.25,0,0,2.44981e+07,1.76498e+08,2.78568e+06,0.0
06/21/2006 03:00,6,21,3,3,0,16.5583,77.25,0,232927,1.37656e+07,1.51788e+08,6.25415e+06,232927.0
06/21/2006 04:00,6,21,3,4,0,15.8083,82.1667,0,34312.3,1.16038e+07,1.72451e+08,9.67123e+06,34312.3
06/21/2006 05:00,6,21,3,5,0,15.8917,80.0833,0,69487.9,1.55099e+07,2.56808e+08,1.29529e+07,69487.9
06/21/2006 06:00,6,21,3,6,0,16.1,80.9167,0,282346,3.85242e+07,4.2611e+08,1.63104e+07,282346.0
06/21/2006 07:00,6,21,3,7,0,17.3833,77.1667,0,0,9.6273e+07,5.71467e+08,1.90255e+07,0.0
06/21/2006 08:00,6,21,3,8,0,19.6417,66,0,0,1.56945e+08,6.62325e+08,1.96404e+07,0.0
06/21/2006 09:00,6,21,3,9,0,21.5333,57.5,0,0,1.66541e+08,6.988e+08,2.03476e+07,0.0
06/21/2006 10:00,6,21,3,10,0,22.8417,53.8333,0,0,1.80798e+08,7.30241e+08,2.10991e+07,0.0
06/21/2006 11:00,6,21,3,11,0,23.65,51.8333,0,0,1.88889e+08,7.44022e+08,2.18008e+07,0.0
06/21/2006 12:00,6,21,3,12,0,24.1917,52.75,0,0,1.92358e+08,7.34643e+08,2.28092e+07,0.0
06/21/2006 13:00,6,21,3,13,0,25.1,50.5,0,0,1.90199e+08,6.96802e+08,2.55464e+07,0.0
06/21/2006 14:00,6,21,3,14,0,26.2417,47.4167,0,0,2.32436e+08,8.14338e+08,2.4269e+07,0.0
06/21/2006 15:00,6,21,3,15,0,26.9917,43.5,0,0,2.60139e+08,8.70413e+08,1.89605e+07,0.0
06/21/2006 16:00,6,21,3,16,0,27.55,39.25,0,0,2.57484e+08,8.87358e+08,1.82661e+07,0.0
06/21/2006 17:00,6,21,3,17,0,27.8,39.1667,0,0,2.51224e+08,8.86007e+08,1.84992e+07,0.0
06/21/2006 18:00,6,21,3,18,0,27.8,40.5833,0,0,2.44128e+08,8.55168e+08,1.97021e+07,0.0
06/21/2006 19:00,6,21,3,19,0,27.1583,41.5833,0,0,2.40343e+08,8.28161e+08,2.07839e+07,0.0
06/21/2006 20:00,6,21,3,20,0,25.3583,49,0,0,1.8924e+08,6.98319e+08,1.9228e+07,0.0
06/21/2006 21:00,6,21,3,21,0,24.1083,59.8333,0,0,1.53745e+08,4.90336e+08,1.524e+07,0.0
06/21/2006 22:00,6,21,3,22,0,23.55,64,0,0,1.3098e+08,3.85826e+08,1.32219e+07,0.0
06/21/2006 23:00,6,21,3,23,0,22.6583,69.25,0,0,1.03721e+08,3.33492e+08,1.23096e+07,0.0
06/22/2006 00:00,6,22,4,0,0,21.9083,77.6667,0,0,1.27347e+08,3.34918e+08,1.08619e+07,0.0
06/22/2006 01:00,6,22,4,1,0,21.35,79.25,0,0,9.10624e+07,2.80205e+08,9.72702e+06,0.0
06/22/2006 02:00,6,22,4,2,0,20.8083,78,0,213467,1.01159e+08,2.6155e+08,3.66315e+06,213467.0
06/22/2006 03:00,6,22,4,3,0,20.6,76.25,0,264643,6.56288e+07,2.0418e+08,6.29303e+06,264643.0
06/22/2006 04:00,6,22,4,4,0,20.25,76.75,0,256959,7.42803e+07,2.45108e+08,8.52349e+06,256959.0
06/22/2006 05:00,6,22,4,5,0,19.65,81.5,0,158847,1.00607e+08,3.48315e+08,1.23666e+07,158847.0
06/22/2006 06:00,6,22,4,6,0,20.3917,77.5833,0,0,1.49788e+08,5.55958e+08,1.78292e+07,0.0
06/22/2006 07:00,6,22,4,7,0,22.0917,71.8333,0,0,1.95043e+08,6.96182e+08,1.93651e+07,0.0
06/22/2006 08:00,6,22,4,8,0,23.7333,63.4167,0,0,2.15445e+08,7.32302e+08,1.97882e+07,0.0
06/22/2006 09:00,6,22,4,9,0,24.75,56.8333,0,0,2.1505e+08,7.33341e+08,2.03431e+07,0.0
06/22/2006 10:00,6,22,4,10,0,25,56,0,0,2.18006e+08,7.37377e+08,2.10067e+07,0.0
06/22/2006 11:00,6,22,4,11,0,23.075,64.1667,0,0,1.98388e+08,7.11317e+08,2.1715e+07,0.0
06/22/2006 12:00,6,22,4,12,0,21.35,76.4167,0,0,1.94405e+08,6.96406e+08,2.27739e+07,0.0
06/22/2006 13:00,6,22,4,13,0,22.3833,76.9167,0,0,2.02972e+08,7.02919e+08,2.46236e+07,0.0
06/22/2006 14:00,6,22,4,14,0,24.6417,67,0,0,2.50709e+08,8.20447e+08,2.35251e+07,0.0
06/22/2006 15:00,6,22,4,15,0,26.8833,57.9167,0,0,2.78579e+08,8.88374e+08,1.82243e+07,0.0
06/22/2006 16:00,6,22,4,16,0,28.0917,52.6667,0,0,2.86704e+08,9.14264e+08,1.82031e+07,0.0
06/22/2006 17:00,6,22,4,17,0,27.6583,52.1667,0,0,2.75056e+08,8.94888e+08,1.9027e+07,0.0
06/22/2006 18:00,6,22,4,18,0,23.9917,60.5833,0,0,2.16029e+08,7.889e+08,1.98411e+07,0.0
06/22/2006 19:00,6,22,4,19,0,22.3417,64.8333,0,0,1.87216e+08,7.52145e+08,2.0721e+07,0.0
06/22/2006 20:00,6,22,4,20,0,22.8,65.1667,0,0,1.82202e+08,6.7443e+08,1.96511e+07,0.0
06/22/2006 21:00,6,22,4,21,0,22.45,67.1667,0,0,1.47068e+08,4.70803e+08,1.41905e+07,0.0
06/22/2006 22:00,6,22,4,22,0,21.5583,72.6667,0,0,1.25135e+08,3.78125e+08,1.31701e+07,0.0
06/22/2006 23:00,6,22,4,23,0,20.8083,77.1667,0,195179,9.7818e+07,3.29705e+08,1.29491e+07,195179.0
06/23/2006 00:00,6,23,5,0,0,20.6,76.25,0,0,9.72724e+07,3.00283e+08,1.18674e+07,0.0
06/23/2006 01:00,6,23,5,1,0,19.9,78.5,0,0,6.81459e+07,2.50035e+08,8.39517e+06,0.0
06/23/2006 02:00,6,23,5,2,0,19.1083,81,0,0,5.78411e+07,2.08533e+08,3.7714e+06,0.0
06/23/2006 03:00,6,23,5,3,0,19.1917,72.25,0,223627,3.88772e+07,1.81466e+08,6.29857e+06,223627.0
06/23/2006 04:00,6,23,5,4,0,19.1083,59,0,214406,4.46295e+07,2.12195e+08,9.84015e+06,214406.0
06/23/2006 05:00,6,23,5,5,0,18.55,54,0,173504,4.98897e+07,2.92554e+08,1.15226e+07,173504.0
06/23/2006 06:00,6,23,5,6,0,18.3,54,0,0,8.38226e+07,4.75945e+08,1.70239e+07,0.0
06/23/2006 07:00,6,23,5,7,0,18.9417,51.0833,0,0,1.44028e+08,6.27496e+08,1.93019e+07,0.0
06/23/2006 08:00,6,23,5,8,0,20.1,49,0,0,1.57105e+08,6.66972e+08,1.97437e+07,0.0
06/23/2006 09:00,6,23,5,9,0,21.5333,48.4167,0,0,1.67196e+08,7.04182e+08,2.02844e+07,0.0
06/23/2006 10:00,6,23,5,10,0,22.8417,45.0833,0,0,1.82967e+08,7.38933e+08,2.0943e+07,0.0
06/23/2006 11:00,6,23,5,11,0,24.2917,39.5,0,0,1.98179e+08,7.62394e+08,2.16453e+07,0.0
06/23/2006 12:00,6,23,5,12,0,25.6417,37.5833,0,0,2.0562e+08,7.59761e+08,2.28152e+07,0.0
06/23/2006 13:00,6,23,5,13,0,26.7417,37.4167,0,0,1.90597e+08,7.137e+08,2.59882e+07,0.0
06/23/2006 14:00,6,23,5,14,0,27.8417,37,0,0,2.25983e+08,8.19997e+08,2.36457e+07,0.0
06/23/2006 15:00,6,23,5,15,0,28.0083,37.5833,0,0,2.57455e+08,8.81412e+08,1.83571e+07,0.0
06/23/2006 16:00,6,23,5,16,0,28.0917,39.1667,0,0,2.57371e+08,9.03715e+08,1.72964e+07,0.0
06/23/2006 17:00,6,23,5,17,0,28.3,38.25,0,0,2.68869e+08,9.13631e+08,1.84687e+07,0.0
06/23/2006 18:00,6,23,5,18,0,27.6583,41.0833,0,0,2.4022e+08,8.49023e+08,1.96671e+07,0.0
06/23/2006 19:00,6,23,5,19,0,26.2667,47.5,0,0,2.34206e+08,8.27225e+08,2.07454e+07,0.0
06/23/2006 20:00,6,23,5,20,0,24.9,50,0,0,1.85957e+08,6.9633e+08,1.94821e+07,0.0
06/23/2006 21:00,6,23,5,21,0,23.7583,51.75,0,0,1.41876e+08,4.71408e+08,1.59689e+07,0.0
06/23/2006 22:00,6,23,5,22,0,22.6583,56.5,0,0,1.09065e+08,3.62304e+08,1.30757e+07,0.0
06/23/2006 23:00,6,23,5,23,0,21.9083,63.0833,0,0,7.79038e+07,3.05629e+08,1.11795e+07,0.0
06/24/2006 00:00,6,24,6,0,0,21.35,68.9167,0,0,9.11029e+07,2.95508e+08,1.24996e+07,0.0
06/24/2006 01:00,6,24,6,1,0,20.4583,75.0833,0,0,6.46669e+07,1.91314e+08,0,0.0
06/24/2006 02:00,6,24,6,2,0,20,78,0,0,6.35926e+07,1.90703e+08,0,0.0
06/24/2006 03:00,6,24,6,3,0,19.65,78.5833,0,0,5.20258e+07,1.81103e+08,1.54078e+06,0.0
06/24/2006 04:00,6,24,6,4,0,19.4,81.9167,0,0,6.02412e+07,1.88983e+08,0,0.0
06/24/2006 05:00,6,24,6,5,0,19.1083,85.75,0,0,0,8.27941e+07,8.18402e+06,0.0
06/24/2006 06:00,6,24,6,6,0,19.1917,87,0,239143,7.63217e+07,2.09566e+08,9.95671e+06,239143.0
06/24/2006 07:00,6,24,6,7,0,20.3917,83.5,0,190715,1.43304e+08,3.35004e+08,1.03037e+07,190715.0
06/24/2006 08:00,6,24,6,8,0,22.0917,75.1667,0,0,1.56757e+08,3.95514e+08,1.27132e+07,0.0
06/24/2006 09:00,6,24,6,9,0,24.0833,59.9167,0,0,1.58381e+08,4.11661e+08,1.33604e+07,0.0
06/24/2006 10:00,6,24,6,10,0,25.9917,47.9167,0,0,1.58961e+08,4.04019e+08,1.33144e+07,0.0
06/24/2006 11:00,6,24,6,11,0,26.9917,47.3333,0,0,1.59174e+08,3.97722e+08,1.37225e+07,0.0
06/24/2006 12:00,6,24,6,12,0,27.8417,47.25,0,0,1.61596e+08,3.74953e+08,1.37809e+07,0.0
06/24/2006 13:00,6,24,6,13,0,28.65,46,0,0,1.3885e+08,3.1221e+08,1.26519e+07,0.0
06/24/2006 14:00,6,24,6,14,0,29.1917,46,0,143557,1.18381e+08,2.80776e+08,1.27738e+07,143557.0
06/24/2006 15:00,6,24,6,15,0,29.75,46,0,73671.5,1.47977e+08,3.28618e+08,1.08021e+07,73671.5
06/24/2006 16:00,6,24,6,16,0,29.65,47.1667,0,130746,1.26375e+08,2.85433e+08,1.20696e+07,130746.0
06/24/2006 17:00,6,24,6,17,0,29.75,48,0,0,1.46316e+08,2.97624e+08,9.75887e+06,0.0
06/24/2006 18:00,6,24,6,18,0,29.3583,48.5833,0,141146,1.19073e+08,2.449e+08,7.74422e+06,141146.0
06/24/2006 19:00,6,24,6,19,0,28.2583,53.6667,0,0,1.37633e+08,2.5774e+08,7.24095e+06,0.0
06/24/2006 20:00,6,24,6,20,0,27.1,62.25,0,0,1.02478e+08,2.23603e+08,0,0.0
06/24/2006 21:00,6,24,6,21,0,26.1917,64.8333,0,0,1.22017e+08,2.69229e+08,0,0.0
06/24/2006 22:00,6,24,6,22,0,25.375,62.8333,0,0,9.07751e+07,2.25946e+08,1.54074e+06,0.0
06/24/2006 23:00,6,24,6,23,0,24.3583,66.0833,0,0,1.07231e+08,2.57732e+08,0,0.0
06/25/2006 00:00,6,25,0,0,0,23.2583,70.1667,0,0,8.1516e+07,2.0697e+08,0,0.0
06/25/2006 01:00,6,25,0,1,0,22.45,69.25,0,0,8.81467e+07,2.15334e+08,1.54052e+06,0.0
06/25/2006 02:00,6,25,0,2,0,21.9083,68,0,0,5.75165e+07,1.78704e+08,0,0.0
06/25/2006 03:00,6,25,0,3,0,21.35,68,0,0,5.20476e+07,1.76207e+08,0,0.0
06/25/2006 04:00,6,25,0,4,0,21.1,69.75,0,0,3.93402e+07,1.50008e+08,1.29318e+07,0.0
06/25/2006 05:00,6,25,0,5,0,20.1083,75.6667,0,0,3.6313e+07,1.4405e+08,7.37947e+06,0.0
06/25/2006 06:00,6,25,0,6,0,20.3917,75.5,0,0,5.52843e+07,1.58458e+08,7.44453e+06,0.0
06/25/2006 07:00,6,25,0,7,0,22.675,70.6667,0,0,3.79108e+07,1.16339e+08,7.50649e+06,0.0
06/25/2006 08:00,6,25,0,8,0,24.5,64.3333,0,0,1.08096e+08,2.22968e+08,9.26512e+06,0.0
06/25/2006 09:00,6,25,0,9,0,25,63.9167,0,0,1.31706e+08,2.54978e+08,7.68954e+06,0.0
06/25/2006 10:00,6,25,0,10,0,27.275,59.5833,0,0,1.15929e+08,2.28331e+08,7.5787e+06,0.0
06/25/2006 11:00,6,25,0,11,0,28.9,53.8333,0,0,1.41786e+08,2.68031e+08,9.56223e+06,0.0
06/25/2006 12:00,6,25,0,12,0,30.125,46.5833,0,0,1.14154e+08,2.28069e+08,9.66026e+06,0.0
06/25/2006 13:00,6,25,0,13,0,31.9333,40.8333,0,43763.3,1.43193e+08,2.7513e+08,9.1015e+06,43763.3
06/25/2006 14:00,6,25,0,14,0,32.5417,41.1667,0,90003.4,1.23242e+08,2.45525e+08,8.51283e+06,90003.4
06/25/2006 15:00,6,25,0,15,0,32.0333,39.6667,0,0,1.43468e+08,2.80926e+08,8.65943e+06,0.0
06/25/2006 16:00,6,25,0,16,0,31.35,42.0833,0,137504,1.20682e+08,2.44017e+08,8.43357e+06,137504.0
06/25/2006 17:00,6,25,0,17,0,31.8,42.0833,0,90457,1.47668e+08,2.89332e+08,7.52453e+06,90457.0
06/25/2006 18:00,6,25,0,18,0,31.95,42.9167,0,0,1.16765e+08,2.25876e+08,7.34875e+06,0.0
06/25/2006 19:00,6,25,0,19,0,30.65,47.9167,0,0,1.37533e+08,2.52723e+08,3.36489e+06,0.0
06/25/2006 20:00,6,25,0,20,0,28.9083,51.75,0,0,9.94966e+07,2.19512e+08,0,0.0
06/25/2006 21:00,6,25,0,21,0,27.2083,55.9167,0,0,1.14361e+08,2.60939e+08,0,0.0
06/25/2006 22:00,6,25,0,22,0,26.0333,57.4167,0,0,8.65115e+07,2.21338e+08,1.54079e+06,0.0
06/25/2006 23:00,6,25,0,23,0,24.65,64,0,0,1.00816e+08,2.4994e+08,0,0.0
06/26/2006 00:00,6,26,1,0,0,23.2583,71.3333,0,0,8.13311e+07,2.03264e+08,0,0.0
06/26/2006 01:00,6,26,1,1,0,22.45,76.5,0,0,9.47666e+07,2.77606e+08,1.35104e+07,0.0
06/26/2006 02:00,6,26,1,2,0,21.9083,81.9167,0,0,5.92369e+07,1.93904e+08,3.76963e+06,0.0
06/26/2006 03:00,6,26,1,3,0,21.35,87.5,0,0,5.3155e+07,1.79713e+08,6.0622e+06,0.0
06/26/2006 04:00,6,26,1,4,0,20.8083,90,0,0,4.79464e+07,1.95691e+08,9.62208e+06,0.0
06/26/2006 05:00,6,26,1,5,0,20.8917,90,0,0,1.5373e+08,4.20157e+08,1.09737e+07,0.0
06/26/2006 06:00,6,26,1,6,0,22.0917,88.25,0,0,1.84167e+08,6.00953e+08,1.74021e+07,0.0
06/26/2006 07:00,6,26,1,7,0,24.0833,91.0833,0,0,2.43487e+08,7.40107e+08,1.9235e+07,0.0
06/26/2006 08:00,6,26,1,8,0,25.6417,84.0833,0,0,2.64543e+08,7.79493e+08,1.96612e+07,0.0
06/26/2006 09:00,6,26,1,9,0,25.8083,73.5,0,0,2.61821e+08,8.00346e+08,2.01973e+07,0.0
06/26/2006 10:00,6,26,1,10,0,26.5333,65.75,0,0,2.74128e+08,8.48266e+08,2.08445e+07,0.0
06/26/2006 11:00,6,26,1,11,0,28.4833,55,0,0,2.77439e+08,8.63931e+08,2.15339e+07,0.0
06/26/2006 12:00,6,26,1,12,0,30.1,47.0833,0,0,2.69843e+08,8.48193e+08,2.27019e+07,0.0
06/26/2006 13:00,6,26,1,13,0,31.2417,35.6667,0,0,2.2786e+08,7.68071e+08,2.54225e+07,0.0
06/26/2006 14:00,6,26,1,14,0,31.9917,30.1667,0,0,2.59764e+08,8.72379e+08,2.34842e+07,0.0
06/26/2006 15:00,6,26,1,15,0,32.2,32.1667,0,0,2.85714e+08,9.31517e+08,1.81906e+07,0.0
06/26/2006 16:00,6,26,1,16,0,32.55,40,0,0,3.13161e+08,9.67572e+08,1.71796e+07,0.0
06/26/2006 17:00,6,26,1,17,0,32.8,43.25,0,0,3.28592e+08,9.76732e+08,1.8558e+07,0.0
06/26/2006 18:00,6,26,1,18,0,32.45,43.1667,0,0,3.10583e+08,9.43024e+08,1.97004e+07,0.0
06/26/2006 19:00,6,26,1,19,0,31.5583,47.5,0,0,3.02266e+08,9.27108e+08,2.05608e+07,0.0
06/26/2006 20:00,6,26,1,20,0,29.8167,54.0833,0,0,2.56591e+08,7.97031e+08,1.96328e+07,0.0
06/26/2006 21:00,6,26,1,21,0,28.2583,62.8333,0,0,1.91673e+08,5.39269e+08,1.51783e+07,0.0
06/26/2006 22:00,6,26,1,22,0,27.1583,71.0833,0,0,1.54676e+08,4.1478e+08,1.29369e+07,0.0
06/26/2006 23:00,6,26,1,23,0,26.35,72.8333,0,0,1.23044e+08,3.61015e+08,1.19721e+07,0.0
06/27/2006 00:00,6,27,2,0,0,25.8083,74.3333,0,0,1.47541e+08,3.59826e+08,1.24798e+07,0.0
06/27/2006 01:00,6,27,2,1,0,24.9,84.75,0,0,1.14339e+08,2.96103e+08,7.77102e+06,0.0
06/27/2006 02:00,6,27,2,2,0,24.1083,92.75,0,250756,1.30844e+08,2.84156e+08,4.02255e+06,250756.0
06/27/2006 03:00,6,27,2,3,0,23.9,91.6667,0,195017,1.08368e+08,2.55428e+08,6.36438e+06,195017.0
06/27/2006 04:00,6,27,2,4,0,23.9,90,0,0,1.35045e+08,3.09947e+08,9.6214e+06,0.0
06/27/2006 05:00,6,27,2,5,0,23.55,90.5833,0,260034,1.70166e+08,4.35318e+08,1.15329e+07,260034.0
06/27/2006 06:00,6,27,2,6,0,23.65,89.25,0,0,2.16731e+08,6.51114e+08,1.70004e+07,0.0
06/27/2006 07:00,6,27,2,7,0,24.1917,84.5,0,0,2.54641e+08,7.81224e+08,1.92023e+07,0.0
06/27/2006 08:00,6,27,2,8,0,24.75,82.5833,0,0,2.56953e+08,7.85543e+08,1.96311e+07,0.0
06/27/2006 09:00,6,27,2,9,0,25.35,77.75,0,0,2.71834e+08,8.18581e+08,2.01617e+07,0.0
06/27/2006 10:00,6,27,2,10,0,26.4167,71.6667,0,0,2.81116e+08,8.47338e+08,2.08053e+07,0.0
06/27/2006 11:00,6,27,2,11,0,27.5833,67.6667,0,0,2.81106e+08,8.4039e+08,2.14904e+07,0.0
06/27/2006 12:00,6,27,2,12,0,28.525,63.0833,0,0,2.93013e+08,8.67035e+08,2.26382e+07,0.0
06/27/2006 13:00,6,27,2,13,0,26.975,71.5,0,0,2.58578e+08,7.89398e+08,2.5698e+07,0.0
06/27/2006 14:00,6,27,2,14,0,27.175,73.75,0,0,2.95009e+08,8.67348e+08,2.34678e+07,0.0
06/27/2006 15:00,6,27,2,15,0,27.0167,75.25,0,0,2.91686e+08,8.53214e+08,1.81968e+07,0.0
06/27/2006 16:00,6,27,2,16,0,27.0917,76.0833,0,0,3.06826e+08,8.80203e+08,1.7133e+07,0.0
06/27/2006 17:00,6,27,2,17,0,27.8,71.0833,0,0,3.2274e+08,9.32382e+08,1.83107e+07,0.0
06/27/2006 18:00,6,27,2,18,0,28.4417,69.5833,0,0,3.14509e+08,9.08033e+08,1.95642e+07,0.0
06/27/2006 19:00,6,27,2,19,0,28.55,71.1667,0,0,3.13049e+08,9.08254e+08,2.05463e+07,0.0
06/27/2006 20:00,6,27,2,20,0,28.125,70.8333,0,0,2.63304e+08,7.88406e+08,1.96025e+07,0.0
06/27/2006 21:00,6,27,2,21,0,26.8917,75.25,0,0,1.93529e+08,5.36414e+08,1.54606e+07,0.0
06/27/2006 22:00,6,27,2,22,0,25.8083,80.75,0,0,1.54023e+08,4.0696e+08,1.29115e+07,0.0
06/27/2006 23:00,6,27,2,23,0,24.9,85.5,0,0,1.22707e+08,3.51648e+08,1.17144e+07,0.0
06/28/2006 00:00,6,28,3,0,0,24.1083,89.1667,0,0,1.4872e+08,3.5662e+08,1.24764e+07,0.0
06/28/2006 01:00,6,28,3,1,0,23.55,92.3333,0,0,1.08707e+08,2.92959e+08,7.81209e+06,0.0
06/28/2006 02:00,6,28,3,2,0,23.2417,96.3333,0,197967,1.19311e+08,2.71657e+08,3.9329e+06,197967.0
06/28/2006 03:00,6,28,3,3,0,23.2,98,0,0,1.00361e+08,2.52814e+08,6.21559e+06,0.0
06/28/2006 04:00,6,28,3,4,0,23.2583,95.6667,0,196357,1.18969e+08,2.94608e+08,9.80724e+06,196357.0
06/28/2006 05:00,6,28,3,5,0,23.1833,95.1667,0,99666.2,1.71402e+08,4.36509e+08,1.13505e+07,99666.2
06/28/2006 06:00,6,28,3,6,0,23.975,91.9167,0,0,2.13983e+08,6.51794e+08,1.7013e+07,0.0
06/28/2006 07:00,6,28,3,7,0,25.1833,87.8333,0,0,2.55128e+08,7.70339e+08,1.91789e+07,0.0
06/28/2006 08:00,6,28,3,8,0,26.2417,84.0833,0,0,2.68234e+08,7.82823e+08,1.96047e+07,0.0
06/28/2006 09:00,6,28,3,9,0,28.275,75,0,0,2.85319e+08,8.10454e+08,2.01333e+07,0.0
06/28/2006 10:00,6,28,3,10,0,30.1,67.0833,0,0,3.01999e+08,8.40311e+08,2.07733e+07,0.0
06/28/2006 11:00,6,28,3,11,0,31.2417,62.6667,0,0,3.14722e+08,8.66138e+08,2.14545e+07,0.0
06/28/2006 12:00,6,28,3,12,0,32.3417,60.4167,0,0,3.1947e+08,8.74394e+08,2.25985e+07,0.0
06/28/2006 13:00,6,28,3,13,0,32.9167,59.4167,0,0,2.92374e+08,8.14484e+08,2.55854e+07,0.0
06/28/2006 14:00,6,28,3,14,0,33.8167,52.5833,0,0,3.31735e+08,9.02701e+08,2.34312e+07,0.0
06/28/2006 15:00,6,28,3,15,0,33.8167,49.1667,0,0,3.30641e+08,9.10969e+08,1.81536e+07,0.0
06/28/2006 16:00,6,28,3,16,0,32.7,52.3333,0,0,3.23895e+08,9.01189e+08,1.70944e+07,0.0
06/28/2006 17:00,6,28,3,17,0,31.9083,55.1667,0,0,3.17928e+08,8.92079e+08,1.82738e+07,0.0
06/28/2006 18:00,6,28,3,18,0,31.0583,57.75,0,0,3.10819e+08,8.93865e+08,1.96213e+07,0.0
06/28/2006 19:00,6,28,3,19,0,29.2583,65.4167,0,0,3.00146e+08,8.94269e+08,2.04922e+07,0.0
06/28/2006 20:00,6,28,3,20,0,27.0167,71.1667,0,0,2.52171e+08,7.69966e+08,1.95939e+07,0.0
06/28/2006 21:00,6,28,3,21,0,25.4583,76.0833,0,0,1.80896e+08,5.20691e+08,1.52909e+07,0.0
06/28/2006 22:00,6,28,3,22,0,24.65,80.75,0,0,1.49139e+08,4.01648e+08,1.28725e+07,0.0
06/28/2006 23:00,6,28,3,23,0,24.75,82,0,0,1.21159e+08,3.48915e+08,1.18863e+07,0.0
06/29/2006 00:00,6,29,4,0,0,25,82,0,0,1.49052e+08,3.56702e+08,1.24719e+07,0.0
06/29/2006 01:00,6,29,4,1,0,25,80.25,0,0,1.14555e+08,3.00498e+08,7.76675e+06,0.0
06/29/2006 02:00,6,29,4,2,0,24.65,80.75,0,204865,1.31364e+08,2.90527e+08,3.97551e+06,204865.0
06/29/2006 03:00,6,29,4,3,0,24.4,80.25,0,230055,9.51591e+07,2.32828e+08,6.21009e+06,230055.0
06/29/2006 04:00,6,29,4,4,0,24.1083,80.75,0,0,1.28922e+08,3.04978e+08,9.63637e+06,0.0
06/29/2006 05:00,6,29,4,5,0,23.375,86.0833,0,348723,1.6568e+08,4.35681e+08,1.2077e+07,348723.0
06/29/2006 06:00,6,29,4,6,0,23.175,87.8333,0,0,2.02462e+08,6.40597e+08,1.64135e+07,0.0
06/29/2006 07:00,6,29,4,7,0,23.3,85.8333,0,0,2.31891e+08,7.46038e+08,1.91432e+07,0.0
06/29/2006 08:00,6,29,4,8,0,24.2917,83.8333,0,0,2.47666e+08,7.61084e+08,1.95749e+07,0.0
06/29/2006 09:00,6,29,4,9,0,25.35,78.9167,0,0,2.62525e+08,7.90017e+08,2.0097e+07,0.0
06/29/2006 10:00,6,29,4,10,0,25.6,77.75,0,0,2.75573e+08,8.26066e+08,2.07335e+07,0.0
06/29/2006 11:00,6,29,4,11,0,25.8917,76.0833,0,0,2.89405e+08,8.65692e+08,2.14107e+07,0.0
06/29/2006 12:00,6,29,4,12,0,26.7417,71.0833,0,0,2.84239e+08,8.55975e+08,2.25285e+07,0.0
06/29/2006 13:00,6,29,4,13,0,26.9083,70.1667,0,0,2.51462e+08,7.74947e+08,2.55728e+07,0.0
06/29/2006 14:00,6,29,4,14,0,27.3417,68.6667,0,0,2.91974e+08,8.69352e+08,2.36484e+07,0.0
06/29/2006 15:00,6,29,4,15,0,28.4417,64.6667,0,0,3.14287e+08,9.18871e+08,1.83932e+07,0.0
06/29/2006 16:00,6,29,4,16,0,28.9,63,0,0,3.13314e+08,9.14881e+08,1.70511e+07,0.0
06/29/2006 17:00,6,29,4,17,0,28.55,64.1667,0,0,3.03322e+08,8.90965e+08,1.82211e+07,0.0
06/29/2006 18:00,6,29,4,18,0,27.6583,69.0833,0,0,2.99495e+08,8.82035e+08,1.94295e+07,0.0
06/29/2006 19:00,6,29,4,19,0,25.275,71.4167,0,0,2.65842e+08,8.46978e+08,2.05145e+07,0.0
06/29/2006 20:00,6,29,4,20,0,22.2667,82.0833,0,0,2.11176e+08,7.21048e+08,1.92345e+07,0.0
06/29/2006 21:00,6,29,4,21,0,21.45,91.75,0,0,1.63466e+08,4.99033e+08,1.57746e+07,0.0
06/29/2006 22:00,6,29,4,22,0,21.9917,91.8333,0,0,1.42829e+08,3.94885e+08,1.28522e+07,0.0
06/29/2006 23:00,6,29,4,23,0,22.2,91,0,0,1.14722e+08,3.42368e+08,1.14414e+07,0.0
06/30/2006 00:00,6,30,5,0,0,21.9083,92.1667,0,0,1.35862e+08,3.41155e+08,1.24659e+07,0.0
06/30/2006 01:00,6,30,5,1,0,21.7,89.5,0,0,1.01763e+08,2.85904e+08,8.00444e+06,0.0
06/30/2006 02:00,6,30,5,2,0,21.35,87,0,0,1.00153e+08,2.51488e+08,3.54304e+06,0.0
06/30/2006 03:00,6,30,5,3,0,21.1,88.75,0,269395,8.03354e+07,2.29314e+08,6.5129e+06,269395.0
06/30/2006 04:00,6,30,5,4,0,21.1,90,0,229570,1.08461e+08,2.82904e+08,9.83674e+06,229570.0
06/30/2006 05:00,6,30,5,5,0,21.1,90,0,59690.6,1.53643e+08,4.24578e+08,1.13297e+07,59690.6
06/30/2006 06:00,6,30,5,6,0,21.45,90,0,0,1.85609e+08,6.18379e+08,1.69494e+07,0.0
06/30/2006 07:00,6,30,5,7,0,22.3417,86.5,0,0,2.20027e+08,7.22853e+08,1.91295e+07,0.0
06/30/2006 08:00,6,30,5,8,0,22.8,84,0,0,2.30032e+08,7.42012e+08,1.95531e+07,0.0
06/30/2006 09:00,6,30,5,9,0,23.4417,82.8333,0,0,2.43255e+08,7.67608e+08,2.0077e+07,0.0
06/30/2006 10:00,6,30,5,10,0,25.1833,77.3333,0,0,2.77474e+08,8.43267e+08,2.07102e+07,0.0
06/30/2006 11:00,6,30,5,11,0,26.45,71.0833,0,0,2.87889e+08,8.73059e+08,2.13836e+07,0.0
06/30/2006 12:00,6,30,5,12,0,27.6333,64.3333,0,0,2.82705e+08,8.62012e+08,2.25167e+07,0.0
06/30/2006 13:00,6,30,5,13,0,28.9417,59.8333,0,0,2.59587e+08,7.9785e+08,2.54572e+07,0.0
06/30/2006 14:00,6,30,5,14,0,29.75,56.6667,0,0,3.00061e+08,8.96269e+08,2.33647e+07,0.0
06/30/2006 15:00,6,30,5,15,0,30.35,53.8333,0,0,3.21633e+08,9.55103e+08,1.80806e+07,0.0
06/30/2006 16:00,6,30,5,16,0,31.2417,51.25,0,0,3.32551e+08,9.84222e+08,1.70178e+07,0.0
06/30/2006 17:00,6,30,5,17,0,31.7,50,0,0,3.22625e+08,9.53253e+08,1.82534e+07,0.0
06/30/2006 18:00,6,30,5,18,0,31.35,48.8333,0,0,3.08767e+08,9.28139e+08,1.95902e+07,0.0
06/30/2006 19:00,6,30,5,19,0,30.4583,53.25,0,0,2.96987e+08,9.04832e+08,2.04326e+07,0.0
06/30/2006 20:00,6,30,5,20,0,29.0083,64.5833,0,0,2.64189e+08,7.95595e+08,1.95335e+07,0.0
06/30/2006 21:00,6,30,5,21,0,27.3667,73.5,0,0,1.98316e+08,5.44181e+08,1.50707e+07,0.0
06/30/2006 22:00,6,30,5,22,0,26.35,79.5,0,0,1.57732e+08,4.15579e+08,1.27921e+07,0.0
06/30/2006 23:00,6,30,5,23,0,25.6917,82,0,0,1.27039e+08,3.60818e+08,1.21266e+07,0.0
07/01/2006 00:00,7,1,6,0,0,25.05,82,0,0,1.49921e+08,3.59285e+08,1.21235e+07,0.0
07/01/2006 01:00,7,1,6,1,0,24.3917,75.5833,0,0,1.07204e+08,2.39279e+08,254114,0.0
07/01/2006 02:00,7,1,6,2,0,23.75,68.0833,0,195390,1.12979e+08,2.52938e+08,195390,195390.0
07/01/2006 03:00,7,1,6,3,0,23.0917,70.0833,0,352226,8.34769e+07,2.11891e+08,1.89292e+06,352226.0
07/01/2006 04:00,7,1,6,4,0,22.45,74.75,0,0,9.6931e+07,2.31078e+08,0,0.0
07/01/2006 05:00,7,1,6,5,0,22.2,73.0833,0,0,4.55436e+06,9.82339e+07,8.7946e+06,0.0
07/01/2006 06:00,7,1,6,6,0,22.55,71,0,175246,9.6022e+07,2.31316e+08,9.89454e+06,175246.0
07/01/2006 07:00,7,1,6,7,0,23.4417,66.9167,0,0,1.53746e+08,3.48237e+08,1.013e+07,0.0
07/01/2006 08:00,7,1,6,8,0,24.5417,64,0,0,1.61635e+08,3.97973e+08,1.16986e+07,0.0
07/01/2006 09:00,7,1,6,9,0,25.6417,62.8333,0,0,1.75921e+08,4.3806e+08,1.35806e+07,0.0
07/01/2006 10:00,7,1,6,10,0,26.7417,59.6667,0,0,1.83392e+08,4.42278e+08,1.33577e+07,0.0
07/01/2006 11:00,7,1,6,11,0,28.1917,56.25,0,0,1.86103e+08,4.29011e+08,1.42789e+07,0.0
07/01/2006 12:00,7,1,6,12,0,29.8917,52.0833,0,0,1.86649e+08,4.0457e+08,1.32912e+07,0.0
07/01/2006 13:00,7,1,6,13,0,30.6,50,0,93758.4,1.53583e+08,3.30823e+08,1.31489e+07,93758.4
07/01/2006 14:00,7,1,6,14,0,31.2417,48.8333,0,171180,1.32119e+08,2.96984e+08,1.06623e+07,171180.0
07/01/2006 15:00,7,1,6,15,0,31.35,50.3333,0,76018.8,1.63288e+08,3.47539e+08,1.24532e+07,76018.8
07/01/2006 16:00,7,1,6,16,0,31.45,52,0,155279,1.3783e+08,2.974e+08,1.03981e+07,155279.0
07/01/2006 17:00,7,1,6,17,0,31.35,53.1667,0,0,1.59983e+08,3.10784e+08,9.75626e+06,0.0
07/01/2006 18:00,7,1,6,18,0,30.8083,55.75,0,0,1.28828e+08,2.53254e+08,7.61814e+06,0.0
07/01/2006 19:00,7,1,6,19,0,29.9,57,0,113704,1.50334e+08,2.73781e+08,7.50326e+06,113704.0
07/01/2006 20:00,7,1,6,20,0,28.7583,58.1667,0,0,1.08418e+08,2.30681e+08,0,0.0
07/01/2006 21:00,7,1,6,21,0,27.6583,58.4167,0,0,1.28532e+08,2.76855e+08,67005.5,0.0
07/01/2006 22:00,7,1,6,22,0,26.9083,59.1667,0,0,9.68232e+07,2.3804e+08,1.47373e+06,0.0
07/01/2006 23:00,7,1,6,23,0,26.0583,60,0,0,1.13854e+08,2.6035e+08,0,0.0
07/02/2006 00:00,7,2,0,0,0,25.25,61.1667,0,0,8.76198e+07,2.14282e+08,1.54065e+06,0.0
07/02/2006 01:00,7,2,0,1,0,25,60.8333,0,0,1.02052e+08,2.38169e+08,0,0.0
07/02/2006 02:00,7,2,0,2,0,24.3583,62.3333,0,0,8.1273e+07,2.07668e+08,0,0.0
07/02/2006 03:00,7,2,0,3,0,23.55,66.9167,0,0,8.06977e+07,2.05749e+08,1.54075e+06,0.0
07/02/2006 04:00,7,2,0,4,0,23.3,69,0,0,6.31226e+07,1.85573e+08,1.06366e+07,0.0
07/02/2006 05:00,7,2,0,5,0,23.3,69,0,0,6.86757e+07,1.88307e+08,7.64862e+06,0.0
07/02/2006 06:00,7,2,0,6,0,23.3,71.9167,0,0,8.26955e+07,1.948e+08,8.75876e+06,0.0
07/02/2006 07:00,7,2,0,7,0,23.9417,72.25,0,0,6.3607e+07,1.63212e+08,7.50589e+06,0.0
07/02/2006 08:00,7,2,0,8,0,25.3917,68.6667,0,147459,1.04512e+08,2.1055e+08,7.68692e+06,147459.0
07/02/2006 09:00,7,2,0,9,0,26.7417,67,0,154463,1.42939e+08,2.67743e+08,9.56702e+06,154463.0
07/02/2006 10:00,7,2,0,10,0,28.1917,64.6667,0,59962.7,1.19861e+08,2.33438e+08,7.63955e+06,59962.7
07/02/2006 11:00,7,2,0,11,0,30.5333,57.75,0,66493.3,1.57707e+08,2.86617e+08,9.62249e+06,66493.3
07/02/2006 12:00,7,2,0,12,0,32.3417,51.0833,0,142684,1.26298e+08,2.44045e+08,7.85209e+06,142684.0
07/02/2006 13:00,7,2,0,13,0,33.4417,45.5,0,0,1.56866e+08,2.87721e+08,9.79673e+06,0.0
07/02/2006 14:00,7,2,0,14,0,34.1917,44.75,0,142656,1.28926e+08,2.52281e+08,9.72951e+06,142656.0
07/02/2006 15:00,7,2,0,15,0,34.1083,46.5833,0,0,1.6925e+08,3.1048e+08,7.53975e+06,0.0
07/02/2006 16:00,7,2,0,16,0,33.9,49.3333,0,49258,1.35831e+08,2.64341e+08,7.96192e+06,49258.0
07/02/2006 17:00,7,2,0,17,0,33.55,51,0,39795.8,1.73101e+08,3.16331e+08,8.94588e+06,39795.8
07/02/2006 18:00,7,2,0,18,0,33.0083,50.4167,0,94547.5,1.28392e+08,2.40578e+08,7.43084e+06,94547.5
07/02/2006 19:00,7,2,0,19,0,32.8,50,0,0,1.55033e+08,2.73507e+08,1.81994e+06,0.0
07/02/2006 20:00,7,2,0,20,0,31.8083,54.0833,0,0,1.18115e+08,2.39926e+08,0,0.0
07/02/2006 21:00,7,2,0,21,0,30.1083,64.5833,0,0,1.46724e+08,2.95923e+08,1.54047e+06,0.0
07/02/2006 22:00,7,2,0,22,0,29.1083,71.1667,0,0,1.20077e+08,2.56209e+08,0,0.0
07/02/2006 23:00,7,2,0,23,0,28.55,70.8333,0,0,1.41541e+08,2.91144e+08,1.54048e+06,0.0
07/03/2006 00:00,7,3,1,0,0,28.0083,72.3333,0,0,1.0677e+08,2.2803e+08,0,0.0
07/03/2006 01:00,7,3,1,1,0,27.45,75.75,0,186208,1.34265e+08,3.27717e+08,1.32477e+07,186208.0
07/03/2006 02:00,7,3,1,2,0,26.9083,78.1667,0,0,1.08146e+08,2.62559e+08,3.68675e+06,0.0
07/03/2006 03:00,7,3,1,3,0,26.35,79,0,0,1.20975e+08,2.73144e+08,5.93641e+06,0.0
07/03/2006 04:00,7,3,1,4,0,26.1,79,0,0,1.08435e+08,2.79278e+08,9.34382e+06,0.0
07/03/2006 05:00,7,3,1,5,0,26.45,77.25,0,0,1.82661e+08,4.51471e+08,1.10344e+07,0.0
07/03/2006 06:00,7,3,1,6,0,26.9917,74.8333,0,0,2.14275e+08,6.38117e+08,1.75894e+07,0.0
07/03/2006 07:00,7,3,1,7,0,27.8417,72.8333,0,0,2.71005e+08,7.84094e+08,1.90868e+07,0.0
07/03/2006 08:00,7,3,1,8,0,28.9417,69.6667,0,0,3.01829e+08,8.47179e+08,1.94904e+07,0.0
07/03/2006 09:00,7,3,1,9,0,30.3917,63.9167,0,0,3.28261e+08,9.08175e+08,2.00141e+07,0.0
07/03/2006 10:00,7,3,1,10,0,31.7417,59.8333,0,0,3.50124e+08,9.57387e+08,2.06386e+07,0.0
07/03/2006 11:00,7,3,1,11,0,33.1917,54.9167,0,0,3.57207e+08,9.73912e+08,2.13024e+07,0.0
07/03/2006 12:00,7,3,1,12,0,34.1917,50.25,0,0,3.43468e+08,9.46028e+08,2.23702e+07,0.0
07/03/2006 13:00,7,3,1,13,0,34.75,46.0833,0,0,3.02717e+08,8.61192e+08,2.42522e+07,0.0
07/03/2006 14:00,7,3,1,14,0,35.35,39.3333,0,0,3.40038e+08,9.76631e+08,2.32013e+07,0.0
07/03/2006 15:00,7,3,1,15,0,35.6,37.75,0,0,3.52763e+08,1.01576e+09,1.78399e+07,0.0
07/03/2006 16:00,7,3,1,16,0,35.8917,38.4167,0,0,3.65777e+08,1.03237e+09,1.75643e+07,0.0
07/03/2006 17:00,7,3,1,17,0,36.1,38.5833,0,0,3.68008e+08,1.0121e+09,1.87677e+07,0.0
07/03/2006 18:00,7,3,1,18,0,35.8083,41.3333,0,0,3.57093e+08,9.90219e+08,1.95411e+07,0.0
07/03/2006 19:00,7,3,1,19,0,34.9,43,0,0,3.37287e+08,9.72924e+08,2.03712e+07,0.0
07/03/2006 20:00,7,3,1,20,0,33.7583,44.75,0,0,2.85498e+08,8.40296e+08,1.93421e+07,0.0
07/03/2006 21:00,7,3,1,21,0,33.0083,46.5833,0,0,2.08964e+08,5.63596e+08,1.3987e+07,0.0
07/03/2006 22:00,7,3,1,22,0,31.8083,56.3333,0,0,1.63852e+08,4.26985e+08,1.31548e+07,0.0
07/03/2006 23:00,7,3,1,23,0,30.4583,67.0833,0,0,1.36681e+08,3.79631e+08,1.26883e+07,0.0
07/04/2006 00:00,7,4,2,0,0,29.65,64.75,0,0,1.59499e+08,3.76532e+08,1.04301e+07,0.0
07/04/2006 01:00,7,4,2,1,0,28.7583,66.25,0,0,1.22394e+08,3.11789e+08,9.71752e+06,0.0
07/04/2006 02:00,7,4,2,2,0,28.0083,69.4167,0,0,1.43062e+08,3.02211e+08,3.65237e+06,0.0
07/04/2006 03:00,7,4,2,3,0,27.1583,73.0833,0,599654,1.12714e+08,2.58785e+08,6.69878e+06,599654.0
07/04/2006 04:00,7,4,2,4,0,27.6333,68.4167,0,275526,1.41466e+08,3.14303e+08,8.81228e+06,275526.0
07/04/2006 05:00,7,4,2,5,0,28.0083,64.1667,0,0,1.80146e+08,4.51775e+08,1.18608e+07,0.0
07/04/2006 06:00,7,4,2,6,0,27.8,63.8333,0,0,2.26481e+08,6.73482e+08,1.76518e+07,0.0
07/04/2006 07:00,7,4,2,7,0,28.0917,64.1667,0,0,2.83678e+08,8.43539e+08,1.89962e+07,0.0
07/04/2006 08:00,7,4,2,8,0,29.2917,62.6667,0,0,3.15556e+08,9.13641e+08,1.91248e+07,0.0
07/04/2006 09:00,7,4,2,9,0,31.2833,58.0833,0,0,3.49069e+08,9.61008e+08,1.98221e+07,0.0
07/04/2006 10:00,7,4,2,10,0,32.8417,53.0833,0,0,3.59894e+08,9.80258e+08,2.05861e+07,0.0
07/04/2006 11:00,7,4,2,11,0,33.3,51,0,0,3.58486e+08,9.96901e+08,2.12987e+07,0.0
07/04/2006 12:00,7,4,2,12,0,34.6417,45.75,0,0,3.4982e+08,9.85085e+08,2.22545e+07,0.0
07/04/2006 13:00,7,4,2,13,0,35.8917,39.0833,0,0,3.06682e+08,8.924e+08,2.42528e+07,0.0
07/04/2006 14:00,7,4,2,14,0,36.45,35.25,0,0,3.53712e+08,1.01026e+09,2.31056e+07,0.0
07/04/2006 15:00,7,4,2,15,0,35.7083,36.9167,0,0,3.60798e+08,1.03179e+09,1.78638e+07,0.0
07/04/2006 16:00,7,4,2,16,0,35.9917,38.4167,0,0,3.76522e+08,1.04795e+09,1.81348e+07,0.0
07/04/2006 17:00,7,4,2,17,0,36.35,38,0,0,3.72866e+08,1.02894e+09,1.87634e+07,0.0
07/04/2006 18:00,7,4,2,18,0,35.8083,38,0,0,3.50311e+08,9.91547e+08,1.95325e+07,0.0
07/04/2006 19:00,7,4,2,19,0,34.9,38.5833,0,0,3.26175e+08,9.66984e+08,2.03582e+07,0.0
07/04/2006 20:00,7,4,2,20,0,34.1083,40.1667,0,0,2.78088e+08,8.41783e+08,1.924e+07,0.0
07/04/2006 21:00,7,4,2,21,0,33.55,43.9167,0,89703.9,2.12657e+08,5.73439e+08,1.40585e+07,89703.9
07/04/2006 22:00,7,4,2,22,0,32.6583,49.5,0,168859,1.56614e+08,4.19541e+08,1.33091e+07,168859.0
07/04/2006 23:00,7,4,2,23,0,31.5583,53.1667,0,158716,1.23836e+08,3.65404e+08,1.28408e+07,158716.0
07/05/2006 00:00,7,5,3,0,0,31.1,45.25,0,0,1.41408e+08,3.60464e+08,1.03931e+07,0.0
07/05/2006 01:00,7,5,3,1,0,30.8083,47.1667,0,0,1.15739e+08,3.09343e+08,9.70624e+06,0.0
07/05/2006 02:00,7,5,3,2,0,30.25,54.1667,0,0,1.43298e+08,3.07939e+08,3.44655e+06,0.0
07/05/2006 03:00,7,5,3,3,0,29.0083,60.8333,0,205397,1.21034e+08,2.77279e+08,6.29861e+06,205397.0
07/05/2006 04:00,7,5,3,4,0,28.3,63.8333,0,0,1.39626e+08,3.13632e+08,8.39797e+06,0.0
07/05/2006 05:00,7,5,3,5,0,28.0083,64.1667,0,0,1.80514e+08,4.53475e+08,1.1992e+07,0.0
07/05/2006 06:00,7,5,3,6,0,27.8,63.8333,0,0,2.25746e+08,6.75934e+08,1.76464e+07,0.0
07/05/2006 07:00,7,5,3,7,0,28.4417,61.8333,0,0,2.81198e+08,8.39461e+08,1.88403e+07,0.0
07/05/2006 08:00,7,5,3,8,0,29.1917,58.6667,0,0,3.02705e+08,8.98501e+08,1.90924e+07,0.0
07/05/2006 09:00,7,5,3,9,0,30.1,50,0,0,3.0897e+08,9.30426e+08,1.97918e+07,0.0
07/05/2006 10:00,7,5,3,10,0,31.2417,41.5,0,0,3.02444e+08,9.34877e+08,2.05565e+07,0.0
07/05/2006 11:00,7,5,3,11,0,32.3417,34.3333,0,0,2.93355e+08,9.40398e+08,2.12697e+07,0.0
07/05/2006 12:00,7,5,3,12,0,32.8,30.4167,0,0,2.74675e+08,9.07387e+08,2.22286e+07,0.0
07/05/2006 13:00,7,5,3,13,0,33.4417,25.3333,0,0,2.34649e+08,8.16174e+08,2.4227e+07,0.0
07/05/2006 14:00,7,5,3,14,0,33.55,21.4167,0,0,2.82937e+08,9.38955e+08,2.30601e+07,0.0
07/05/2006 15:00,7,5,3,15,0,33.3,19.25,0,0,2.72844e+08,9.54278e+08,1.79662e+07,0.0
07/05/2006 16:00,7,5,3,16,0,33.0083,19.75,0,0,2.70155e+08,9.35857e+08,1.81188e+07,0.0
07/05/2006 17:00,7,5,3,17,0,32.45,23.3333,0,0,2.72161e+08,9.2272e+08,1.87476e+07,0.0
07/05/2006 18:00,7,5,3,18,0,31.9083,25.5833,0,0,2.62472e+08,9.08323e+08,1.95126e+07,0.0
07/05/2006 19:00,7,5,3,19,0,30.7083,28.9167,0,0,2.55108e+08,8.96354e+08,2.03352e+07,0.0
07/05/2006 20:00,7,5,3,20,0,29.0083,34.5,0,0,2.15549e+08,7.65305e+08,1.9196e+07,0.0
07/05/2006 21:00,7,5,3,21,0,27.6583,37.5833,0,0,1.61909e+08,5.11251e+08,1.39591e+07,0.0
07/05/2006 22:00,7,5,3,22,0,26.5583,38.5833,0,0,1.2565e+08,3.92064e+08,1.31332e+07,0.0
07/05/2006 23:00,7,5,3,23,0,25.4583,40.75,0,0,9.82928e+07,3.40701e+08,1.26799e+07,0.0
07/06/2006 00:00,7,6,4,0,0,24.65,43.75,0,0,1.19833e+08,3.35055e+08,1.03804e+07,0.0
07/06/2006 01:00,7,6,4,1,0,23.7583,47.9167,0,0,8.58065e+07,2.6883e+08,9.70615e+06,0.0
07/06/2006 02:00,7,6,4,2,0,23.0083,50,0,0,8.98697e+07,2.43956e+08,3.44645e+06,0.0
07/06/2006 03:00,7,6,4,3,0,22.1583,52.9167,0,109669,6.85319e+07,2.21857e+08,5.9655e+06,109669.0
07/06/2006 04:00,7,6,4,4,0,21.0583,56.1667,0,0,6.98425e+07,2.42695e+08,8.98854e+06,0.0
07/06/2006 05:00,7,6,4,5,0,20.25,58.1667,0,357116,7.07955e+07,3.19697e+08,1.17366e+07,357116.0
07/06/2006 06:00,7,6,4,6,0,20,59,0,0,1.28029e+08,5.37647e+08,1.75742e+07,0.0
07/06/2006 07:00,7,6,4,7,0,20.9917,57.8333,0,0,1.59026e+08,6.65006e+08,1.90311e+07,0.0
07/06/2006 08:00,7,6,4,8,0,22.6333,54.6667,0,0,1.77952e+08,7.24482e+08,1.92931e+07,0.0
07/06/2006 09:00,7,6,4,9,0,24.2917,49.5,0,0,2.02476e+08,7.81548e+08,1.97531e+07,0.0
07/06/2006 10:00,7,6,4,10,0,25.9917,42.3333,0,0,2.31182e+08,8.26078e+08,2.05181e+07,0.0
07/06/2006 11:00,7,6,4,11,0,26.9917,39,0,0,2.33718e+08,8.37469e+08,2.12318e+07,0.0
07/06/2006 12:00,7,6,4,12,0,28.1917,37.25,0,0,2.27569e+08,8.22053e+08,2.21855e+07,0.0
07/06/2006 13:00,7,6,4,13,0,29.5417,33.0833,0,0,2.1736e+08,7.6428e+08,2.41833e+07,0.0
07/06/2006 14:00,7,6,4,14,0,30.35,29.25,0,0,2.54084e+08,8.75465e+08,2.30789e+07,0.0
07/06/2006 15:00,7,6,4,15,0,30.6,29.1667,0,0,2.61622e+08,9.18607e+08,1.77113e+07,0.0
07/06/2006 16:00,7,6,4,16,0,30.6,28.8333,0,0,2.75989e+08,9.47284e+08,1.7893e+07,0.0
07/06/2006 17:00,7,6,4,17,0,29.9,29.1667,0,0,2.80774e+08,9.3964e+08,1.87191e+07,0.0
07/06/2006 18:00,7,6,4,18,0,28.7583,31.1667,0,0,2.40573e+08,8.68223e+08,1.94825e+07,0.0
07/06/2006 19:00,7,6,4,19,0,27.6583,34.9167,0,0,2.31161e+08,8.37498e+08,2.03017e+07,0.0
07/06/2006 20:00,7,6,4,20,0,26.9083,37.5833,0,0,1.99405e+08,7.2631e+08,1.92191e+07,0.0
07/06/2006 21:00,7,6,4,21,0,26.0583,40.3333,0,0,1.46593e+08,4.87097e+08,1.39547e+07,0.0
07/06/2006 22:00,7,6,4,22,0,25.25,42.5833,0,0,1.23127e+08,3.83784e+08,1.31321e+07,0.0
07/06/2006 23:00,7,6,4,23,0,24.65,43,0,0,9.70269e+07,3.31462e+08,1.26764e+07,0.0
07/07/2006 00:00,7,7,5,0,0,23.7583,48.25,0,0,1.15314e+08,3.2513e+08,1.039e+07,0.0
07/07/2006 01:00,7,7,5,1,0,23.0083,52.5833,0,0,7.82155e+07,2.58737e+08,9.70783e+06,0.0
07/07/2006 02:00,7,7,5,2,0,21.8083,56.5,0,0,7.80978e+07,2.38478e+08,3.44631e+06,0.0
07/07/2006 03:00,7,7,5,3,0,20.8083,61.3333,0,502480,5.15305e+07,1.96881e+08,6.57503e+06,502480.0
07/07/2006 04:00,7,7,5,4,0,20.25,61.8333,0,215905,6.17176e+07,2.35553e+08,8.6434e+06,215905.0
07/07/2006 05:00,7,7,5,5,0,20.35,61,0,251220,7.12144e+07,3.19872e+08,1.21849e+07,251220.0
07/07/2006 06:00,7,7,5,6,0,20.25,65.0833,0,0,1.33812e+08,5.40349e+08,1.75979e+07,0.0
07/07/2006 07:00,7,7,5,7,0,21.2833,65.6667,0,0,1.62863e+08,6.66594e+08,1.8825e+07,0.0
07/07/2006 08:00,7,7,5,8,0,23.8333,58.1667,0,0,2.07427e+08,7.55379e+08,1.90285e+07,0.0
07/07/2006 09:00,7,7,5,9,0,25.6417,48.75,0,131476,2.27335e+08,8.01917e+08,1.98603e+07,131476.0
07/07/2006 10:00,7,7,5,10,0,27.3833,40.3333,0,0,2.46339e+08,8.45475e+08,2.04948e+07,0.0
07/07/2006 11:00,7,7,5,11,0,28.3,37.5833,0,0,2.39933e+08,8.49663e+08,2.12092e+07,0.0
07/07/2006 12:00,7,7,5,12,0,28.65,36.8333,0,0,2.44883e+08,8.39238e+08,2.21699e+07,0.0
07/07/2006 13:00,7,7,5,13,0,28.55,34.25,0,0,2.17815e+08,7.6325e+08,2.41711e+07,0.0
07/07/2006 14:00,7,7,5,14,0,28.3,34.75,0,0,2.28291e+08,8.329e+08,2.30098e+07,0.0
07/07/2006 15:00,7,7,5,15,0,28.0083,37.1667,0,0,2.48098e+08,8.56342e+08,1.78737e+07,0.0
07/07/2006 16:00,7,7,5,16,0,27.8,39.1667,0,0,2.34962e+08,8.23832e+08,1.80862e+07,0.0
07/07/2006 17:00,7,7,5,17,0,27.45,40.5833,0,0,2.43397e+08,8.22658e+08,1.87105e+07,0.0
07/07/2006 18:00,7,7,5,18,0,26.5583,43.3333,0,0,2.23573e+08,7.89938e+08,1.94696e+07,0.0
07/07/2006 19:00,7,7,5,19,0,25.8083,46.1667,0,0,2.10804e+08,7.82879e+08,2.02851e+07,0.0
07/07/2006 20:00,7,7,5,20,0,25.6,47.5833,0,0,1.88835e+08,6.93994e+08,1.91468e+07,0.0
07/07/2006 21:00,7,7,5,21,0,25.25,51.5,0,0,1.53188e+08,4.9046e+08,1.39421e+07,0.0
07/07/2006 22:00,7,7,5,22,0,23.3667,59.8333,0,0,1.19591e+08,3.73978e+08,1.31231e+07,0.0
07/07/2006 23:00,7,7,5,23,0,22.2,64,0,0,8.28535e+07,3.10845e+08,1.26736e+07,0.0
07/08/2006 00:00,7,8,6,0,0,21.5583,66.3333,0,0,9.1065e+07,2.97895e+08,1.03636e+07,0.0
07/08/2006 01:00,7,8,6,1,0,20.8083,70.9167,0,378920,5.69013e+07,1.84287e+08,1.9194e+06,378920.0
07/08/2006 02:00,7,8,6,2,0,20.25,73,0,28794.1,5.70577e+07,1.91458e+08,28794.1,28794.1
07/08/2006 03:00,7,8,6,3,0,20,74.75,0,259677,5.19426e+07,1.84316e+08,259677,259677.0
07/08/2006 04:00,7,8,6,4,0,20.35,74.25,0,0,5.60927e+07,1.82899e+08,1.54068e+06,0.0
07/08/2006 05:00,7,8,6,5,0,19.6083,77.6667,0,0,3.17328e+06,9.68414e+07,8.35054e+06,0.0
07/08/2006 06:00,7,8,6,6,0,19.8917,76.3333,0,333114,5.80981e+07,1.8778e+08,9.68821e+06,333114.0
07/08/2006 07:00,7,8,6,7,0,21.5333,73,0,0,1.29657e+08,3.14809e+08,1.04874e+07,0.0
07/08/2006 08:00,7,8,6,8,0,23.1917,70.6667,0,0,1.59314e+08,3.91319e+08,1.0918e+07,0.0
07/08/2006 09:00,7,8,6,9,0,24.8917,63.75,0,0,1.65917e+08,4.20333e+08,1.33501e+07,0.0
07/08/2006 10:00,7,8,6,10,0,26.5333,57.6667,0,0,1.74932e+08,4.28089e+08,1.3125e+07,0.0
07/08/2006 11:00,7,8,6,11,0,28.4833,51.3333,0,0,1.7807e+08,4.17746e+08,1.47053e+07,0.0
07/08/2006 12:00,7,8,6,12,0,30.1,44.5,0,0,1.72439e+08,3.87085e+08,1.33088e+07,0.0
07/08/2006 13:00,7,8,6,13,0,31.2417,42,0,93671.5,1.46959e+08,3.23447e+08,1.21962e+07,93671.5
07/08/2006 14:00,7,8,6,14,0,31.7,43.75,0,171999,1.272e+08,2.90857e+08,1.21448e+07,171999.0
07/08/2006 15:00,7,8,6,15,0,32.3417,40.3333,0,88118.1,1.53848e+08,3.35753e+08,1.08087e+07,88118.1
07/08/2006 16:00,7,8,6,16,0,33.0917,32.3333,0,179455,1.23219e+08,2.83534e+08,1.20275e+07,179455.0
07/08/2006 17:00,7,8,6,17,0,32.6583,37.75,0,0,1.47613e+08,2.9812e+08,9.37322e+06,0.0
07/08/2006 18:00,7,8,6,18,0,31.5583,45.75,0,0,1.18101e+08,2.38562e+08,7.94385e+06,0.0
07/08/2006 19:00,7,8,6,19,0,30.8083,46.4167,0,138627,1.40792e+08,2.61559e+08,7.22876e+06,138627.0
07/08/2006 20:00,7,8,6,20,0,29.6083,47.1667,0,0,9.98928e+07,2.21689e+08,0,0.0
07/08/2006 21:00,7,8,6,21,0,28.2583,50.9167,0,0,1.15885e+08,2.6255e+08,0,0.0
07/08/2006 22:00,7,8,6,22,0,27.1583,55.9167,0,0,9.08252e+07,2.26385e+08,1.54057e+06,0.0
07/08/2006 23:00,7,8,6,23,0,26.7,59.1667,0,0,1.09793e+08,2.54223e+08,0,0.0
07/09/2006 00:00,7,9,0,0,0,26.7,52.4167,0,0,8.56994e+07,2.18727e+08,0,0.0
07/09/2006 01:00,7,9,0,1,0,26.7,45.25,0,0,9.44342e+07,2.3142e+08,1.5407e+06,0.0
07/09/2006 02:00,7,9,0,2,0,26.35,44.5833,0,0,7.85581e+07,2.12097e+08,0,0.0
07/09/2006 03:00,7,9,0,3,0,25.8083,46.75,0,0,8.76706e+07,2.19203e+08,0,0.0
07/09/2006 04:00,7,9,0,4,0,24.9,49.1667,0,0,5.21233e+07,1.60069e+08,1.29199e+07,0.0
07/09/2006 05:00,7,9,0,5,0,24.4,52.3333,0,0,5.42671e+07,1.73085e+08,7.37647e+06,0.0
07/09/2006 06:00,7,9,0,6,0,24.75,50.5,0,0,8.99818e+07,2.01216e+08,7.44266e+06,0.0
07/09/2006 07:00,7,9,0,7,0,25.35,48,0,0,7.47513e+07,1.82544e+08,7.50471e+06,0.0
07/09/2006 08:00,7,9,0,8,0,26.2417,48.5833,0,0,1.04407e+08,2.2302e+08,8.63638e+06,0.0
07/09/2006 09:00,7,9,0,9,0,27.8083,48.4167,0,193902,1.08182e+08,2.29373e+08,8.49605e+06,193902.0
07/09/2006 10:00,7,9,0,10,0,29.7083,47.4167,0,170156,1.40878e+08,2.7158e+08,7.73094e+06,170156.0
07/09/2006 11:00,7,9,0,11,0,31.4917,48.1667,0,0,1.32458e+08,2.5823e+08,9.53784e+06,0.0
07/09/2006 12:00,7,9,0,12,0,32.9,46.6667,0,90040.9,1.62483e+08,2.97411e+08,8.73332e+06,90040.9
07/09/2006 13:00,7,9,0,13,0,33.9833,43.25,0,140573,1.38474e+08,2.65527e+08,8.97556e+06,140573.0
07/09/2006 14:00,7,9,0,14,0,35.1,40.25,0,0,1.7213e+08,3.15078e+08,9.57888e+06,0.0
07/09/2006 15:00,7,9,0,15,0,36.1833,37.8333,0,69275.6,1.53789e+08,2.92917e+08,7.60089e+06,69275.6
07/09/2006 16:00,7,9,0,16,0,36.6,38.1667,0,65970,1.84306e+08,3.38567e+08,9.44669e+06,65970.0
07/09/2006 17:00,7,9,0,17,0,36.6,39,0,47356.8,1.56246e+08,2.98139e+08,7.46113e+06,47356.8
07/09/2006 18:00,7,9,0,18,0,34.675,43.0833,0,46957.7,1.67487e+08,2.98811e+08,7.3822e+06,46957.7
07/09/2006 19:00,7,9,0,19,0,32.6583,47.75,0,0,1.32997e+08,2.49705e+08,1.81953e+06,0.0
07/09/2006 20:00,7,9,0,20,0,28,66.5,0,0,1.38765e+08,2.76848e+08,1.54049e+06,0.0
07/09/2006 21:00,7,9,0,21,0,24.3583,81.9167,0,0,9.95806e+07,2.46605e+08,0,0.0
07/09/2006 22:00,7,9,0,22,0,23.9,86.3333,0,0,1.21679e+08,2.72793e+08,0,0.0
07/09/2006 23:00,7,9,0,23,0,24.1917,88,0,0,9.42396e+07,2.33325e+08,1.54076e+06,0.0
07/10/2006 00:00,7,10,1,0,0,24.4,88,0,0,1.14846e+08,2.44373e+08,0,0.0
07/10/2006 01:00,7,10,1,1,0,24.1083,89.1667,0,0,1.00349e+08,2.87448e+08,1.2988e+07,0.0
07/10/2006 02:00,7,10,1,2,0,23.9,88.8333,0,0,1.19913e+08,2.77709e+08,3.76543e+06,0.0
07/10/2006 03:00,7,10,1,3,0,24.5417,82.75,0,0,9.00013e+07,2.32379e+08,6.0876e+06,0.0
07/10/2006 04:00,7,10,1,4,0,24.0083,83.6667,0,253493,1.19704e+08,2.89517e+08,9.85259e+06,253493.0
07/10/2006 05:00,7,10,1,5,0,23.9417,82.3333,0,205581,1.68775e+08,4.38788e+08,1.09039e+07,205581.0
07/10/2006 06:00,7,10,1,6,0,24.4,77.25,0,0,1.91973e+08,6.16971e+08,1.74423e+07,0.0
07/10/2006 07:00,7,10,1,7,0,24.4,76,0,0,2.24878e+08,7.22458e+08,1.8945e+07,0.0
07/10/2006 08:00,7,10,1,8,0,24.4,77.75,0,0,2.33289e+08,7.38068e+08,1.93394e+07,0.0
07/10/2006 09:00,7,10,1,9,0,24.4,82.5,0,0,2.43152e+08,7.5267e+08,1.98467e+07,0.0
07/10/2006 10:00,7,10,1,10,0,24.4,85,0,0,2.51684e+08,7.6644e+08,2.04519e+07,0.0
07/10/2006 11:00,7,10,1,11,0,26.0333,75.6667,0,0,2.70076e+08,8.07841e+08,2.10939e+07,0.0
07/10/2006 12:00,7,10,1,12,0,27.8417,65.5,0,0,2.77815e+08,8.31455e+08,2.22308e+07,0.0
07/10/2006 13:00,7,10,1,13,0,28.0083,63,0,0,2.41024e+08,7.50336e+08,2.41334e+07,0.0
07/10/2006 14:00,7,10,1,14,0,27.8,58.3333,0,0,2.67494e+08,8.31708e+08,2.30315e+07,0.0
07/10/2006 15:00,7,10,1,15,0,27.45,59.0833,0,0,2.66617e+08,8.31962e+08,1.76582e+07,0.0
07/10/2006 16:00,7,10,1,16,0,27.8417,59.0833,0,0,2.81353e+08,8.66158e+08,1.71265e+07,0.0
07/10/2006 17:00,7,10,1,17,0,28.9417,52.9167,0,0,2.73817e+08,8.5207e+08,1.86352e+07,0.0
07/10/2006 18:00,7,10,1,18,0,29.1083,51.75,0,0,2.72617e+08,8.52402e+08,1.93889e+07,0.0
07/10/2006 19:00,7,10,1,19,0,28.2583,55.9167,0,0,2.62697e+08,8.45342e+08,2.01948e+07,0.0
07/10/2006 20:00,7,10,1,20,0,27.45,58,0,0,2.30273e+08,7.50038e+08,1.9195e+07,0.0
07/10/2006 21:00,7,10,1,21,0,26.9083,53.9167,0,0,1.67435e+08,5.11081e+08,1.3929e+07,0.0
07/10/2006 22:00,7,10,1,22,0,26.35,45.75,0,0,1.30083e+08,3.8953e+08,1.31131e+07,0.0
07/10/2006 23:00,7,10,1,23,0,25.4583,42,0,0,9.91899e+07,3.29845e+08,1.26621e+07,0.0
07/11/2006 00:00,7,11,2,0,0,24.3583,41.4167,0,0,1.17042e+08,3.24286e+08,1.03858e+07,0.0
07/11/2006 01:00,7,11,2,1,0,22.9083,41,0,159887,7.57936e+07,2.60199e+08,9.86628e+06,159887.0
07/11/2006 02:00,7,11,2,2,0,21.5583,41.5833,0,0,7.44844e+07,2.27942e+08,3.45254e+06,0.0
07/11/2006 03:00,7,11,2,3,0,20.4583,42.5833,0,455104,4.73979e+07,1.85329e+08,6.37661e+06,455104.0
07/11/2006 04:00,7,11,2,4,0,19.65,44.1667,0,0,5.39674e+07,2.25815e+08,9.20949e+06,0.0
07/11/2006 05:00,7,11,2,5,0,19.1083,45,0,249228,5.62057e+07,3.03642e+08,1.13758e+07,249228.0
07/11/2006 06:00,7,11,2,6,0,18.9,45,0,0,9.37984e+07,4.94327e+08,1.75088e+07,0.0
07/11/2006 07:00,7,11,2,7,0,18.9,45,0,0,1.27576e+08,5.93025e+08,1.89411e+07,0.0
07/11/2006 08:00,7,11,2,8,0,19.1917,43.25,0,0,1.43799e+08,6.19978e+08,1.90768e+07,0.0
07/11/2006 09:00,7,11,2,9,0,20.7417,39.6667,0,0,1.59717e+08,6.55652e+08,1.9608e+07,0.0
07/11/2006 10:00,7,11,2,10,0,21.9917,35.6667,0,0,1.64333e+08,6.76223e+08,2.0376e+07,0.0
07/11/2006 11:00,7,11,2,11,0,22.8417,31.6667,0,0,1.75843e+08,7.04363e+08,2.10924e+07,0.0
07/11/2006 12:00,7,11,2,12,0,23.9417,30.5833,0,0,1.85185e+08,7.1665e+08,2.20522e+07,0.0
07/11/2006 13:00,7,11,2,13,0,24.75,29.8333,0,0,1.79263e+08,6.74358e+08,2.40581e+07,0.0
07/11/2006 14:00,7,11,2,14,0,25.35,29,0,0,2.07679e+08,7.65414e+08,2.29423e+07,0.0
07/11/2006 15:00,7,11,2,15,0,25.8917,28.4167,0,0,2.25089e+08,8.11453e+08,1.75568e+07,0.0
07/11/2006 16:00,7,11,2,16,0,26.45,26.8333,0,0,2.36743e+08,8.39494e+08,1.78933e+07,0.0
07/11/2006 17:00,7,11,2,17,0,26.7,26.5833,0,0,2.2901e+08,8.35654e+08,1.86367e+07,0.0
07/11/2006 18:00,7,11,2,18,0,26.0583,28.1667,0,0,2.18809e+08,7.89853e+08,1.93863e+07,0.0
07/11/2006 19:00,7,11,2,19,0,24.9,30.1667,0,0,1.99532e+08,7.63752e+08,2.01884e+07,0.0
07/11/2006 20:00,7,11,2,20,0,23.1167,38,0,0,1.6865e+08,6.61607e+08,1.90902e+07,0.0
07/11/2006 21:00,7,11,2,21,0,21.5583,43.5833,0,0,1.27657e+08,4.46968e+08,1.39136e+07,0.0
07/11/2006 22:00,7,11,2,22,0,21.45,44,0,0,9.18111e+07,3.40067e+08,1.31045e+07,0.0
07/11/2006 23:00,7,11,2,23,0,20.7083,49.25,0,0,6.50704e+07,2.88762e+08,1.26576e+07,0.0
07/12/2006 00:00,7,12,3,0,0,19.3583,56.5,0,200022,6.22519e+07,2.68599e+08,1.0554e+07,200022.0
07/12/2006 01:00,7,12,3,1,0,18.9,57.25,0,0,3.7147e+07,2.1634e+08,9.69311e+06,0.0
07/12/2006 02:00,7,12,3,2,0,18.2583,58.3333,0,222139,3.83906e+07,1.94347e+08,3.66349e+06,222139.0
07/12/2006 03:00,7,12,3,3,0,17.8,58.8333,0,226101,2.61078e+07,1.69545e+08,6.02453e+06,226101.0
07/12/2006 04:00,7,12,3,4,0,17.45,60.9167,0,0,2.88387e+07,1.92506e+08,8.64323e+06,0.0
07/12/2006 05:00,7,12,3,5,0,16.9083,64.1667,0,106560,2.83851e+07,2.74824e+08,1.18138e+07,106560.0
07/12/2006 06:00,7,12,3,6,0,17.6333,63.8333,0,0,7.21969e+07,4.67533e+08,1.75277e+07,0.0
07/12/2006 07:00,7,12,3,7,0,19.6417,59.5,0,0,1.5027e+08,6.40156e+08,1.86486e+07,0.0
07/12/2006 08:00,7,12,3,8,0,21.2417,52.3333,0,0,1.61754e+08,6.79985e+08,1.88839e+07,0.0
07/12/2006 09:00,7,12,3,9,0,22.9833,43.75,0,0,1.8134e+08,7.24511e+08,1.95887e+07,0.0
07/12/2006 10:00,7,12,3,10,0,24.5417,37.0833,0,0,2.02046e+08,7.68424e+08,2.03576e+07,0.0
07/12/2006 11:00,7,12,3,11,0,25.35,32.6667,0,0,2.12266e+08,7.85257e+08,2.10738e+07,0.0
07/12/2006 12:00,7,12,3,12,0,26.5333,29.25,0,0,2.14196e+08,7.7683e+08,2.2041e+07,0.0
07/12/2006 13:00,7,12,3,13,0,27.2,28.5833,0,0,1.93053e+08,7.16515e+08,2.40461e+07,0.0
07/12/2006 14:00,7,12,3,14,0,27.8417,27.25,0,0,2.24305e+08,8.16218e+08,2.28712e+07,0.0
07/12/2006 15:00,7,12,3,15,0,28.3,26.5833,0,0,2.39401e+08,8.64124e+08,1.7838e+07,0.0
07/12/2006 16:00,7,12,3,16,0,28.3,27,0,0,2.47291e+08,8.85209e+08,1.80146e+07,0.0
07/12/2006 17:00,7,12,3,17,0,28.65,28.75,0,0,2.34053e+08,8.68385e+08,1.86319e+07,0.0
07/12/2006 18:00,7,12,3,18,0,27.9083,31.1667,0,0,2.31666e+08,8.19813e+08,1.93771e+07,0.0
07/12/2006 19:00,7,12,3,19,0,26.5583,35.5,0,0,2.07052e+08,7.94572e+08,2.0177e+07,0.0
07/12/2006 20:00,7,12,3,20,0,25.1083,42.0833,0,0,1.79592e+08,6.87693e+08,1.90153e+07,0.0
07/12/2006 21:00,7,12,3,21,0,24.1083,45.5833,0,0,1.42143e+08,4.68588e+08,1.39026e+07,0.0
07/12/2006 22:00,7,12,3,22,0,23.2583,51.25,0,0,1.12613e+08,3.64981e+08,1.30926e+07,0.0
07/12/2006 23:00,7,12,3,23,0,22.45,60.25,0,0,8.77653e+07,3.16297e+08,1.20179e+07,0.0
07/13/2006 00:00,7,13,4,0,0,21.9083,63.4167,0,0,9.32285e+07,2.99059e+08,1.09689e+07,0.0
07/13/2006 01:00,7,13,4,1,0,21.35,63,0,159960,6.32488e+07,2.52753e+08,9.84815e+06,159960.0
07/13/2006 02:00,7,13,4,2,0,20.8083,63,0,191684,6.12166e+07,2.13042e+08,2.07304e+06,191684.0
07/13/2006 03:00,7,13,4,3,0,20.6,61.8333,0,231418,5.11559e+07,2.01903e+08,7.64576e+06,231418.0
07/13/2006 04:00,7,13,4,4,0,20.6,65.0833,0,194771,5.72467e+07,2.27587e+08,7.82984e+06,194771.0
07/13/2006 05:00,7,13,4,5,0,20.25,69.1667,0,171960,7.19937e+07,3.21862e+08,1.29013e+07,171960.0
07/13/2006 06:00,7,13,4,6,0,20.35,70,0,88375.7,1.27905e+08,5.44644e+08,1.73362e+07,88375.7
07/13/2006 07:00,7,13,4,7,0,20.8917,67.6667,0,0,1.57928e+08,6.49835e+08,1.82146e+07,0.0
07/13/2006 08:00,7,13,4,8,0,21.7417,63.0833,0,0,1.58773e+08,6.42588e+08,1.88641e+07,0.0
07/13/2006 09:00,7,13,4,9,0,22.55,58.6667,0,0,1.63697e+08,6.58708e+08,1.95771e+07,0.0
07/13/2006 10:00,7,13,4,10,0,23.4417,55.25,0,0,1.73777e+08,6.80997e+08,2.03452e+07,0.0
07/13/2006 11:00,7,13,4,11,0,24.5417,50.5,0,0,1.92827e+08,7.27864e+08,2.10614e+07,0.0
07/13/2006 12:00,7,13,4,12,0,25,47.4167,0,0,1.95895e+08,7.3197e+08,2.2051e+07,0.0
07/13/2006 13:00,7,13,4,13,0,25.6417,47,0,0,1.87225e+08,6.92106e+08,2.4029e+07,0.0
07/13/2006 14:00,7,13,4,14,0,26.45,45.25,0,0,2.23307e+08,7.74346e+08,2.27406e+07,0.0
07/13/2006 15:00,7,13,4,15,0,26.9917,40.5,0,0,2.32916e+08,7.93421e+08,1.8565e+07,0.0
07/13/2006 16:00,7,13,4,16,0,27.2,38.5833,0,0,2.13806e+08,7.62974e+08,1.80101e+07,0.0
07/13/2006 17:00,7,13,4,17,0,27.2,40.1667,0,0,2.2256e+08,7.77399e+08,1.86321e+07,0.0
07/13/2006 18:00,7,13,4,18,0,26.9083,41.5833,0,0,2.21126e+08,7.71723e+08,1.91848e+07,0.0
07/13/2006 19:00,7,13,4,19,0,26.35,39.6667,0,0,2.06385e+08,7.72232e+08,2.00227e+07,0.0
07/13/2006 20:00,7,13,4,20,0,25.8083,40.3333,0,0,1.81087e+08,6.8423e+08,1.85547e+07,0.0
07/13/2006 21:00,7,13,4,21,0,25.25,42,0,0,1.42325e+08,4.67658e+08,1.45759e+07,0.0
07/13/2006 22:00,7,13,4,22,0,24.3583,46.6667,0,0,1.19635e+08,3.72876e+08,1.30816e+07,0.0
07/13/2006 23:00,7,13,4,23,0,24.1917,50,0,0,9.12743e+07,3.19902e+08,1.0961e+07,0.0
07/14/2006 00:00,7,14,5,0,0,23.7583,54.0833,0,0,1.13358e+08,3.22257e+08,1.20021e+07,0.0
07/14/2006 01:00,7,14,5,1,0,23.3,61.0833,0,157601,8.42335e+07,2.68854e+08,9.67775e+06,157601.0
07/14/2006 02:00,7,14,5,2,0,22.6583,68.0833,0,182127,9.70127e+07,2.51772e+08,2.20478e+06,182127.0
07/14/2006 03:00,7,14,5,3,0,21.5583,76.8333,0,249354,7.38519e+07,2.25701e+08,7.37013e+06,249354.0
07/14/2006 04:00,7,14,5,4,0,19.875,85.0833,0,0,8.65508e+07,2.59579e+08,7.69182e+06,0.0
07/14/2006 05:00,7,14,5,5,0,18.9417,92.6667,0,246871,1.2062e+08,3.89898e+08,1.29129e+07,246871.0
07/14/2006 06:00,7,14,5,6,0,18.9583,98.3333,0,0,1.6762e+08,5.93242e+08,1.72794e+07,0.0
07/14/2006 07:00,7,14,5,7,0,19.2333,98.25,0,0,1.87502e+08,6.87265e+08,1.81879e+07,0.0
07/14/2006 08:00,7,14,5,8,0,19.4,97,0,0,1.92504e+08,6.8324e+08,1.88384e+07,0.0
07/14/2006 09:00,7,14,5,9,0,19.75,94.6667,0,0,1.97954e+08,6.85201e+08,1.95515e+07,0.0
07/14/2006 10:00,7,14,5,10,0,20,93,0,0,2.02901e+08,6.88842e+08,2.03202e+07,0.0
07/14/2006 11:00,7,14,5,11,0,20.6417,91.25,0,0,2.16433e+08,7.27221e+08,2.10369e+07,0.0
07/14/2006 12:00,7,14,5,12,0,21.45,90,0,0,2.20551e+08,7.31666e+08,2.20267e+07,0.0
07/14/2006 13:00,7,14,5,13,0,21.9917,86.5,0,0,2.00564e+08,6.82551e+08,2.4007e+07,0.0
07/14/2006 14:00,7,14,5,14,0,22.55,84,0,0,2.31587e+08,7.54523e+08,2.27234e+07,0.0
07/14/2006 15:00,7,14,5,15,0,23.4417,81.0833,0,0,2.46578e+08,7.80831e+08,1.85099e+07,0.0
07/14/2006 16:00,7,14,5,16,0,24.1917,74.3333,0,0,2.56271e+08,8.13636e+08,1.79972e+07,0.0
07/14/2006 17:00,7,14,5,17,0,24.4,69.8333,0,0,2.47868e+08,8.05194e+08,1.86175e+07,0.0
07/14/2006 18:00,7,14,5,18,0,24.4,70.1667,0,0,2.41825e+08,7.89989e+08,1.91673e+07,0.0
07/14/2006 19:00,7,14,5,19,0,24.1083,71,0,0,2.36762e+08,7.96068e+08,1.99979e+07,0.0
07/14/2006 20:00,7,14,5,20,0,23.55,73.9167,0,0,2.09434e+08,7.20943e+08,1.8528e+07,0.0
07/14/2006 21:00,7,14,5,21,0,22.6583,82.4167,0,0,1.61232e+08,4.94362e+08,1.45842e+07,0.0
07/14/2006 22:00,7,14,5,22,0,22.2,87,0,249800,1.45611e+08,4.01819e+08,1.33271e+07,249800.0
07/14/2006 23:00,7,14,5,23,0,21.9083,88.75,0,212454,1.12828e+08,3.4737e+08,1.10851e+07,212454.0
07/15/2006 00:00,7,15,6,0,0,21.7,88.25,0,0,1.27747e+08,3.38348e+08,1.20848e+07,0.0
07/15/2006 01:00,7,15,6,1,0,21.7,87,0,269786,8.48395e+07,2.13139e+08,269786,269786.0
07/15/2006 02:00,7,15,6,2,0,21.35,88.75,0,224340,8.92841e+07,2.2422e+08,1.76512e+06,224340.0
07/15/2006 03:00,7,15,6,3,0,20.8083,91.75,0,0,7.46782e+07,1.98633e+08,0,0.0
07/15/2006 04:00,7,15,6,4,0,20.25,93,0,227533,8.43545e+07,2.11311e+08,227533,227533.0
07/15/2006 05:00,7,15,6,5,0,19.65,95.3333,0,0,4.563e+06,9.82797e+07,8.89919e+06,0.0
07/15/2006 06:00,7,15,6,6,0,19.75,96.4167,0,334166,8.81955e+07,2.1922e+08,1.00271e+07,334166.0
07/15/2006 07:00,7,15,6,7,0,20.9917,90.75,0,0,1.54154e+08,3.47346e+08,1.00861e+07,0.0
07/15/2006 08:00,7,15,6,8,0,22.9833,80.5833,0,0,1.66194e+08,4.01382e+08,1.23068e+07,0.0
07/15/2006 09:00,7,15,6,9,0,24.8917,71.9167,0,0,1.78187e+08,4.35733e+08,1.32041e+07,0.0
07/15/2006 10:00,7,15,6,10,0,26.2417,64.9167,0,0,1.82507e+08,4.34638e+08,1.29755e+07,0.0
07/15/2006 11:00,7,15,6,11,0,27.6333,61.4167,0,0,1.85783e+08,4.23366e+08,1.40841e+07,0.0
07/15/2006 12:00,7,15,6,12,0,28.9417,57.5,0,0,1.82669e+08,3.94707e+08,1.321e+07,0.0
07/15/2006 13:00,7,15,6,13,0,29.75,52.0833,0,93506.4,1.50437e+08,3.24984e+08,1.24513e+07,93506.4
07/15/2006 14:00,7,15,6,14,0,30.6417,48.8333,0,170567,1.24461e+08,2.82682e+08,1.12204e+07,170567.0
07/15/2006 15:00,7,15,6,15,0,31.45,46.25,0,87102.7,1.52972e+08,3.23584e+08,1.14659e+07,87102.7
07/15/2006 16:00,7,15,6,16,0,31.9917,43.25,0,154137,1.31466e+08,2.91019e+08,1.13011e+07,154137.0
07/15/2006 17:00,7,15,6,17,0,31.9083,43.1667,0,0,1.51529e+08,3.03912e+08,9.72794e+06,0.0
07/15/2006 18:00,7,15,6,18,0,31.35,45.75,0,0,1.20121e+08,2.43209e+08,7.58624e+06,0.0
07/15/2006 19:00,7,15,6,19,0,30.8083,48.75,0,142035,1.43034e+08,2.64053e+08,7.30719e+06,142035.0
07/15/2006 20:00,7,15,6,20,0,29.6083,54.0833,0,0,1.0487e+08,2.32508e+08,0,0.0
07/15/2006 21:00,7,15,6,21,0,28.55,59.3333,0,0,1.26529e+08,2.73206e+08,0,0.0
07/15/2006 22:00,7,15,6,22,0,27.6583,61,0,0,9.86442e+07,2.34422e+08,1.54074e+06,0.0
07/15/2006 23:00,7,15,6,23,0,26.5583,60.4167,0,0,1.12642e+08,2.57603e+08,0,0.0
07/16/2006 00:00,7,16,0,0,0,25.4583,61.1667,0,0,8.63788e+07,2.19505e+08,0,0.0
07/16/2006 01:00,7,16,0,1,0,25,63.1667,0,0,9.69281e+07,2.28024e+08,1.54079e+06,0.0
07/16/2006 02:00,7,16,0,2,0,25.35,58.1667,0,0,7.54455e+07,2.00899e+08,0,0.0
07/16/2006 03:00,7,16,0,3,0,25.6,54,0,0,8.54534e+07,2.17982e+08,0,0.0
07/16/2006 04:00,7,16,0,4,0,25.6,54,0,0,6.58198e+07,1.94498e+08,1.31418e+07,0.0
07/16/2006 05:00,7,16,0,5,0,25.25,56.3333,0,0,6.79429e+07,1.89178e+08,7.37661e+06,0.0
07/16/2006 06:00,7,16,0,6,0,24.65,59.1667,0,0,6.96155e+07,1.77313e+08,7.44023e+06,0.0
07/16/2006 07:00,7,16,0,7,0,25.1,60,0,0,1.0092e+08,2.16773e+08,7.50126e+06,0.0
07/16/2006 08:00,7,16,0,8,0,26.8833,57.0833,0,108984,1.29223e+08,2.54401e+08,7.62534e+06,108984.0
07/16/2006 09:00,7,16,0,9,0,28.4417,51.5,0,92025.1,1.25959e+08,2.52623e+08,9.49339e+06,92025.1
07/16/2006 10:00,7,16,0,10,0,29.1917,47.25,0,175518,1.43796e+08,2.82289e+08,7.73111e+06,175518.0
07/16/2006 11:00,7,16,0,11,0,30.3917,44.25,0,0,1.32507e+08,2.66787e+08,9.53506e+06,0.0
07/16/2006 12:00,7,16,0,12,0,31.45,41.8333,0,0,1.42326e+08,2.80167e+08,7.68213e+06,0.0
07/16/2006 13:00,7,16,0,13,0,31.9917,39.25,0,139266,1.32257e+08,2.66171e+08,9.92336e+06,139266.0
07/16/2006 14:00,7,16,0,14,0,32.2,38,0,107384,1.46635e+08,2.91505e+08,9.66445e+06,107384.0
07/16/2006 15:00,7,16,0,15,0,32.55,35.6667,0,30211.5,1.41066e+08,2.84696e+08,7.5603e+06,30211.5
07/16/2006 16:00,7,16,0,16,0,32.8,32.8333,0,127949,1.54463e+08,3.08624e+08,8.16439e+06,127949.0
07/16/2006 17:00,7,16,0,17,0,33.0917,30.8333,0,57399.7,1.39651e+08,2.89492e+08,8.79944e+06,57399.7
07/16/2006 18:00,7,16,0,18,0,33.0083,30,0,79589,1.38194e+08,2.74636e+08,7.40376e+06,79589.0
07/16/2006 19:00,7,16,0,19,0,31.5167,33.5,0,0,1.18059e+08,2.40884e+08,1.8199e+06,0.0
07/16/2006 20:00,7,16,0,20,0,30.25,33.6667,0,0,1.13551e+08,2.61284e+08,291123,0.0
07/16/2006 21:00,7,16,0,21,0,29.0083,37.25,0,0,9.3988e+07,2.46795e+08,1.24947e+06,0.0
07/16/2006 22:00,7,16,0,22,0,27.3667,53.25,0,0,1.05648e+08,2.59702e+08,0,0.0
07/16/2006 23:00,7,16,0,23,0,25.7083,64.3333,0,0,9.49599e+07,2.4496e+08,1.54078e+06,0.0
07/17/2006 00:00,7,17,1,0,0,25.35,60.1667,0,0,9.83562e+07,2.35564e+08,0,0.0
07/17/2006 01:00,7,17,1,1,0,24.2583,69.4167,0,0,8.65635e+07,2.73347e+08,1.30517e+07,0.0
07/17/2006 02:00,7,17,1,2,0,23.3,71.4167,0,0,9.52911e+07,2.51771e+08,3.65756e+06,0.0
07/17/2006 03:00,7,17,1,3,0,23.0083,66,0,0,7.57999e+07,2.25342e+08,6.13001e+06,0.0
07/17/2006 04:00,7,17,1,4,0,22.1583,68.3333,0,262804,8.07637e+07,2.51225e+08,8.6029e+06,262804.0
07/17/2006 05:00,7,17,1,5,0,21.7,68.8333,0,146684,1.07996e+08,3.75407e+08,1.21317e+07,146684.0
07/17/2006 06:00,7,17,1,6,0,22.3417,66.8333,0,0,1.52818e+08,5.58464e+08,1.75097e+07,0.0
07/17/2006 07:00,7,17,1,7,0,23.7333,63.6667,0,0,1.97786e+08,6.9135e+08,1.81822e+07,0.0
07/17/2006 08:00,7,17,1,8,0,25.7417,55.5833,0,0,2.31775e+08,7.7701e+08,1.87643e+07,0.0
07/17/2006 09:00,7,17,1,9,0,26.9917,48.6667,0,0,2.43376e+08,8.17141e+08,1.94769e+07,0.0
07/17/2006 10:00,7,17,1,10,0,28.1917,45.25,0,0,2.5466e+08,8.47025e+08,2.02468e+07,0.0
07/17/2006 11:00,7,17,1,11,0,29.8917,41.6667,0,0,2.65376e+08,8.64608e+08,2.09648e+07,0.0
07/17/2006 12:00,7,17,1,12,0,31.5333,37.0833,0,0,2.62962e+08,8.51403e+08,2.1948e+07,0.0
07/17/2006 13:00,7,17,1,13,0,32.8417,36.1667,0,0,2.45282e+08,7.90015e+08,2.39448e+07,0.0
07/17/2006 14:00,7,17,1,14,0,33.3,37,0,0,2.95443e+08,9.12427e+08,2.27071e+07,0.0
07/17/2006 15:00,7,17,1,15,0,33.65,36.4167,0,0,3.17051e+08,9.6997e+08,1.81335e+07,0.0
07/17/2006 16:00,7,17,1,16,0,34.1917,36,0,0,3.28647e+08,9.86964e+08,1.79585e+07,0.0
07/17/2006 17:00,7,17,1,17,0,34.1083,36,0,0,3.2391e+08,9.68949e+08,1.85727e+07,0.0
07/17/2006 18:00,7,17,1,18,0,33.55,38.3333,0,0,3.10175e+08,9.50857e+08,1.93059e+07,0.0
07/17/2006 19:00,7,17,1,19,0,32.6583,40,0,0,2.96565e+08,9.27552e+08,1.99553e+07,0.0
07/17/2006 20:00,7,17,1,20,0,31.5583,41.1667,0,0,2.46251e+08,7.97742e+08,1.84806e+07,0.0
07/17/2006 21:00,7,17,1,21,0,29.8167,47.25,0,0,1.81329e+08,5.31499e+08,1.4389e+07,0.0
07/17/2006 22:00,7,17,1,22,0,28.55,55.6667,0,0,1.48171e+08,4.10274e+08,1.3066e+07,0.0
07/17/2006 23:00,7,17,1,23,0,28.0083,56.6667,0,0,1.18811e+08,3.59785e+08,1.0926e+07,0.0
07/18/2006 00:00,7,18,2,0,0,27.8,56.75,0,0,1.43411e+08,3.58566e+08,1.20095e+07,0.0
07/18/2006 01:00,7,18,2,1,0,28.0917,56.25,0,0,1.09469e+08,2.95472e+08,9.38136e+06,0.0
07/18/2006 02:00,7,18,2,2,0,27.3667,67.25,0,0,1.35569e+08,2.93589e+08,2.15316e+06,0.0
07/18/2006 03:00,7,18,2,3,0,27.3417,66.6667,0,187135,1.04467e+08,2.47895e+08,7.37659e+06,187135.0
07/18/2006 04:00,7,18,2,4,0,27.1583,66.4167,0,0,1.34171e+08,3.20902e+08,7.64684e+06,0.0
07/18/2006 05:00,7,18,2,5,0,26.7,69.8333,0,0,1.78004e+08,4.53124e+08,1.27188e+07,0.0
07/18/2006 06:00,7,18,2,6,0,27.3417,65.5,0,0,2.12701e+08,6.60018e+08,1.67456e+07,0.0
07/18/2006 07:00,7,18,2,7,0,28.0917,61.8333,0,0,2.54673e+08,7.80465e+08,1.81046e+07,0.0
07/18/2006 08:00,7,18,2,8,0,28.9417,59.8333,0,0,2.70441e+08,8.09337e+08,1.87509e+07,0.0
07/18/2006 09:00,7,18,2,9,0,29.75,56.6667,0,0,2.8224e+08,8.36672e+08,1.9473e+07,0.0
07/18/2006 10:00,7,18,2,10,0,29.65,56.1667,0,0,2.77594e+08,8.30648e+08,2.02417e+07,0.0
07/18/2006 11:00,7,18,2,11,0,29.75,57,0,0,2.83005e+08,8.41293e+08,2.09587e+07,0.0
07/18/2006 12:00,7,18,2,12,0,31.2833,52.9167,0,0,3.06652e+08,8.92363e+08,2.19746e+07,0.0
07/18/2006 13:00,7,18,2,13,0,32.55,49.4167,0,0,2.83899e+08,8.35429e+08,2.39177e+07,0.0
07/18/2006 14:00,7,18,2,14,0,33.0917,47.25,0,0,3.31179e+08,9.55004e+08,2.30383e+07,0.0
07/18/2006 15:00,7,18,2,15,0,32.6583,47.75,0,0,3.27245e+08,9.48953e+08,1.85371e+07,0.0
07/18/2006 16:00,7,18,2,16,0,32.55,46.0833,0,0,3.20709e+08,9.39783e+08,1.79623e+07,0.0
07/18/2006 17:00,7,18,2,17,0,32.45,44.5833,0,0,3.09571e+08,9.22291e+08,1.81663e+07,0.0
07/18/2006 18:00,7,18,2,18,0,31.9083,47.9167,0,0,3.09897e+08,9.2063e+08,1.88166e+07,0.0
07/18/2006 19:00,7,18,2,19,0,31.35,52.3333,0,0,3.02051e+08,9.17446e+08,1.99248e+07,0.0
07/18/2006 20:00,7,18,2,20,0,30.8083,54.5833,0,0,2.67486e+08,8.09133e+08,1.83143e+07,0.0
07/18/2006 21:00,7,18,2,21,0,29.9,58.5,0,0,2.00381e+08,5.48932e+08,1.53493e+07,0.0
07/18/2006 22:00,7,18,2,22,0,28.7583,63.3333,0,0,1.56475e+08,4.17263e+08,1.30047e+07,0.0
07/18/2006 23:00,7,18,2,23,0,27.6583,69.0833,0,0,1.2623e+08,3.64818e+08,1.05836e+07,0.0
07/19/2006 00:00,7,19,3,0,0,26.9083,73.1667,0,0,1.51759e+08,3.61701e+08,1.24029e+07,0.0
07/19/2006 01:00,7,19,3,1,0,26.0583,76.9167,0,0,1.15562e+08,2.9803e+08,7.75181e+06,0.0
07/19/2006 02:00,7,19,3,2,0,25.8917,77.8333,0,0,1.34531e+08,2.91674e+08,3.76566e+06,0.0
07/19/2006 03:00,7,19,3,3,0,25.8083,81.0833,0,438123,1.10627e+08,2.66085e+08,6.6684e+06,438123.0
07/19/2006 04:00,7,19,3,4,0,24.9,84.5833,0,239429,1.35394e+08,3.12086e+08,9.83019e+06,239429.0
07/19/2006 05:00,7,19,3,5,0,24.75,86.75,0,0,1.80846e+08,4.54856e+08,1.06844e+07,0.0
07/19/2006 06:00,7,19,3,6,0,25.35,86.25,0,0,2.21944e+08,6.62723e+08,1.73951e+07,0.0
07/19/2006 07:00,7,19,3,7,0,26.2417,81.5,0,0,2.72298e+08,7.97025e+08,1.8819e+07,0.0
07/19/2006 08:00,7,19,3,8,0,27.6333,70.8333,0,0,2.9436e+08,8.53112e+08,1.91712e+07,0.0
07/19/2006 09:00,7,19,3,9,0,28.65,63.8333,0,0,3.09367e+08,9.02415e+08,1.94152e+07,0.0
07/19/2006 10:00,7,19,3,10,0,29.5417,61.8333,0,0,3.26181e+08,9.42735e+08,2.01865e+07,0.0
07/19/2006 11:00,7,19,3,11,0,30.6417,58.6667,0,0,3.33301e+08,9.55902e+08,2.09063e+07,0.0
07/19/2006 12:00,7,19,3,12,0,31.7417,56.4167,0,0,3.31824e+08,9.41541e+08,2.18691e+07,0.0
07/19/2006 13:00,7,19,3,13,0,32.55,54.8333,0,0,3.05446e+08,8.70154e+08,2.38816e+07,0.0
07/19/2006 14:00,7,19,3,14,0,32.8,55.1667,0,0,3.54228e+08,9.77083e+08,2.27972e+07,0.0
07/19/2006 15:00,7,19,3,15,0,33.0917,54.8333,0,0,3.84857e+08,1.0421e+09,1.73835e+07,0.0
07/19/2006 16:00,7,19,3,16,0,32.6583,55.1667,0,0,3.65578e+08,1.00772e+09,1.75653e+07,0.0
07/19/2006 17:00,7,19,3,17,0,31.9083,57.75,0,0,3.57839e+08,9.9285e+08,1.85262e+07,0.0
07/19/2006 18:00,7,19,3,18,0,31.35,59,0,0,3.34715e+08,9.43277e+08,1.92592e+07,0.0
07/19/2006 19:00,7,19,3,19,0,30.4583,57.8333,0,0,3.13527e+08,9.27022e+08,2.0041e+07,0.0
07/19/2006 20:00,7,19,3,20,0,29.0083,60.5,0,0,2.63009e+08,8.07397e+08,1.89594e+07,0.0
07/19/2006 21:00,7,19,3,21,0,27.6583,66.5,0,0,1.93253e+08,5.41707e+08,1.38633e+07,0.0
07/19/2006 22:00,7,19,3,22,0,27.2,67.8333,0,0,1.53092e+08,4.13832e+08,1.30642e+07,0.0
07/19/2006 23:00,7,19,3,23,0,26.5583,69.9167,0,176648,1.27231e+08,3.71154e+08,1.22808e+07,176648.0
07/20/2006 00:00,7,20,4,0,0,25.8083,73.1667,0,0,1.45798e+08,3.56294e+08,1.08398e+07,0.0
07/20/2006 01:00,7,20,4,1,0,25.25,76.9167,0,0,1.14116e+08,2.96936e+08,9.68273e+06,0.0
07/20/2006 02:00,7,20,4,2,0,24.65,80.75,0,0,1.28837e+08,2.83652e+08,1.87636e+06,0.0
07/20/2006 03:00,7,20,4,3,0,24.1083,85.5,0,102505,1.09828e+08,2.64198e+08,7.32422e+06,102505.0
07/20/2006 04:00,7,20,4,4,0,23.55,89.75,0,0,1.35431e+08,3.11913e+08,8.21841e+06,0.0
07/20/2006 05:00,7,20,4,5,0,23.65,89.25,0,246208,1.69758e+08,4.43433e+08,1.23572e+07,246208.0
07/20/2006 06:00,7,20,4,6,0,23.9,88,0,35823.3,2.15739e+08,6.61958e+08,1.74435e+07,35823.3
07/20/2006 07:00,7,20,4,7,0,24.5417,82.75,0,0,2.46203e+08,7.66588e+08,1.80432e+07,0.0
07/20/2006 08:00,7,20,4,8,0,25.35,79,0,0,2.59083e+08,7.84159e+08,1.87041e+07,0.0
07/20/2006 09:00,7,20,4,9,0,26.2417,74.3333,0,0,2.86167e+08,8.49201e+08,1.94191e+07,0.0
07/20/2006 10:00,7,20,4,10,0,27.3417,67.5,0,0,3.02485e+08,9.03295e+08,2.01903e+07,0.0
07/20/2006 11:00,7,20,4,11,0,28.4417,61.5,0,0,3.06174e+08,9.21e+08,2.09094e+07,0.0
07/20/2006 12:00,7,20,4,12,0,29.5417,56.6667,0,0,2.9671e+08,8.94825e+08,2.19024e+07,0.0
07/20/2006 13:00,7,20,4,13,0,30.6417,53.25,0,0,2.70088e+08,8.22896e+08,2.3891e+07,0.0
07/20/2006 14:00,7,20,4,14,0,30.8083,52.5833,0,0,3.12675e+08,9.298e+08,2.2623e+07,0.0
07/20/2006 15:00,7,20,4,15,0,31.2417,52.4167,0,0,3.31359e+08,9.70294e+08,1.8292e+07,0.0
07/20/2006 16:00,7,20,4,16,0,31.9917,50.8333,0,0,3.51651e+08,1.02147e+09,1.79317e+07,0.0
07/20/2006 17:00,7,20,4,17,0,32.2,49.4167,0,0,3.45389e+08,1.01089e+09,1.85431e+07,0.0
07/20/2006 18:00,7,20,4,18,0,31.9083,49.5833,0,0,3.26787e+08,9.63453e+08,1.90053e+07,0.0
07/20/2006 19:00,7,20,4,19,0,30.3583,56.4167,0,0,3.12124e+08,9.34306e+08,1.98697e+07,0.0
07/20/2006 20:00,7,20,4,20,0,29.1083,61,0,0,2.65918e+08,8.12852e+08,1.83795e+07,0.0
07/20/2006 21:00,7,20,4,21,0,28.55,59.8333,0,0,1.92383e+08,5.41982e+08,1.47006e+07,0.0
07/20/2006 22:00,7,20,4,22,0,28.0083,62.5,0,0,1.51582e+08,4.12213e+08,1.30547e+07,0.0
07/20/2006 23:00,7,20,4,23,0,27.1583,66.1667,0,0,1.21642e+08,3.6123e+08,1.05173e+07,0.0
07/21/2006 00:00,7,21,5,0,0,26.7,68.1667,0,0,1.47671e+08,3.61392e+08,1.24019e+07,0.0
07/21/2006 01:00,7,21,5,1,0,26.0583,67.8333,0,0,1.09603e+08,2.93315e+08,8.56005e+06,0.0
07/21/2006 02:00,7,21,5,2,0,24.9,79.25,0,0,1.29676e+08,2.86805e+08,2.96518e+06,0.0
07/21/2006 03:00,7,21,5,3,0,24.1083,88,0,437125,1.08199e+08,2.63883e+08,6.69228e+06,437125.0
07/21/2006 04:00,7,21,5,4,0,23.9,89.1667,0,127153,1.33459e+08,3.08619e+08,9.71757e+06,127153.0
07/21/2006 05:00,7,21,5,5,0,23.9,90,0,146949,1.78497e+08,4.52956e+08,1.10445e+07,146949.0
07/21/2006 06:00,7,21,5,6,0,23.9,90,0,0,2.12988e+08,6.52066e+08,1.70534e+07,0.0
07/21/2006 07:00,7,21,5,7,0,24.1917,90.5833,0,0,2.62177e+08,7.84681e+08,1.87887e+07,0.0
07/21/2006 08:00,7,21,5,8,0,25.1,87.5,0,0,2.69694e+08,7.95893e+08,1.91711e+07,0.0
07/21/2006 09:00,7,21,5,9,0,26.2417,85,0,0,2.85414e+08,8.17417e+08,1.9662e+07,0.0
07/21/2006 10:00,7,21,5,10,0,27.6333,80.3333,0,0,3.14296e+08,8.71737e+08,2.02459e+07,0.0
07/21/2006 11:00,7,21,5,11,0,28.65,72.9167,0,0,3.24914e+08,9.06919e+08,2.08644e+07,0.0
07/21/2006 12:00,7,21,5,12,0,29.8917,64.75,0,0,3.22458e+08,9.11597e+08,2.19059e+07,0.0
07/21/2006 13:00,7,21,5,13,0,30.8917,57.5,0,0,2.84392e+08,8.33234e+08,2.38265e+07,0.0
07/21/2006 14:00,7,21,5,14,0,31.7417,53.25,0,0,3.14416e+08,9.07309e+08,2.27998e+07,0.0
07/21/2006 15:00,7,21,5,15,0,32.2,53.1667,0,0,3.33591e+08,9.42245e+08,1.74032e+07,0.0
07/21/2006 16:00,7,21,5,16,0,32.2,54,0,0,3.44548e+08,9.67143e+08,1.70261e+07,0.0
07/21/2006 17:00,7,21,5,17,0,31.9083,54,0,0,3.49836e+08,9.91759e+08,1.84937e+07,0.0
07/21/2006 18:00,7,21,5,18,0,31.0583,55.75,0,0,3.25324e+08,9.39404e+08,1.92246e+07,0.0
07/21/2006 19:00,7,21,5,19,0,30.25,57,0,0,3.04975e+08,9.13547e+08,2.00036e+07,0.0
07/21/2006 20:00,7,21,5,20,0,29.0083,61.6667,0,0,2.62581e+08,8.02702e+08,1.8983e+07,0.0
07/21/2006 21:00,7,21,5,21,0,27.6583,65,0,0,1.91836e+08,5.39187e+08,1.38569e+07,0.0
07/21/2006 22:00,7,21,5,22,0,26.2667,70.25,0,0,1.50617e+08,4.10135e+08,1.30611e+07,0.0
07/21/2006 23:00,7,21,5,23,0,25.6,72.25,0,0,1.20751e+08,3.55546e+08,1.25438e+07,0.0
07/22/2006 00:00,7,22,6,0,0,25.25,75.6667,0,0,1.46627e+08,3.56285e+08,1.04019e+07,0.0
07/22/2006 01:00,7,22,6,1,0,24.65,82.5,0,330060,1.12401e+08,2.38807e+08,330060,330060.0
07/22/2006 02:00,7,22,6,2,0,24.1083,84.4167,0,127493,1.32827e+08,2.7708e+08,1.66828e+06,127493.0
07/22/2006 03:00,7,22,6,3,0,23.55,85.75,0,290667,9.86629e+07,2.27276e+08,290667,290667.0
07/22/2006 04:00,7,22,6,4,0,23.3,89.3333,0,172378,1.06015e+08,2.42284e+08,1.71297e+06,172378.0
07/22/2006 05:00,7,22,6,5,0,23.0083,92.75,0,0,0,9.11811e+07,7.88823e+06,0.0
07/22/2006 06:00,7,22,6,6,0,23.0917,94,0,176785,1.22702e+08,2.64762e+08,9.89477e+06,176785.0
07/22/2006 07:00,7,22,6,7,0,23.9417,90.5,0,0,1.77966e+08,3.69278e+08,1.00842e+07,0.0
07/22/2006 08:00,7,22,6,8,0,25.1,86.25,0,0,1.8458e+08,4.13622e+08,1.14977e+07,0.0
07/22/2006 09:00,7,22,6,9,0,26.5333,80.3333,0,0,2.05062e+08,4.60638e+08,1.30515e+07,0.0
07/22/2006 10:00,7,22,6,10,0,28.4833,74.0833,0,0,2.2462e+08,4.82755e+08,1.28173e+07,0.0
07/22/2006 11:00,7,22,6,11,0,30.3917,69.6667,0,0,2.34211e+08,4.81528e+08,1.43907e+07,0.0
07/22/2006 12:00,7,22,6,12,0,32.3833,59.8333,0,0,2.26044e+08,4.49147e+08,1.29973e+07,0.0
07/22/2006 13:00,7,22,6,13,0,33.9417,51.0833,0,96529.9,1.7803e+08,3.60268e+08,1.18697e+07,96529.9
07/22/2006 14:00,7,22,6,14,0,34.75,48.4167,0,165159,1.53413e+08,3.21677e+08,1.26632e+07,165159.0
07/22/2006 15:00,7,22,6,15,0,35.6417,44.5,0,78496.9,1.8846e+08,3.82688e+08,1.03423e+07,78496.9
07/22/2006 16:00,7,22,6,16,0,35.4583,45.5,0,160647,1.59215e+08,3.26575e+08,1.23041e+07,160647.0
07/22/2006 17:00,7,22,6,17,0,35,45.6667,0,63525.5,1.80494e+08,3.44621e+08,7.92258e+06,63525.5
07/22/2006 18:00,7,22,6,18,0,34.3583,48.6667,0,0,1.41095e+08,2.68459e+08,9.4934e+06,0.0
07/22/2006 19:00,7,22,6,19,0,33.2583,56.6667,0,0,1.63955e+08,2.9198e+08,5.53711e+06,0.0
07/22/2006 20:00,7,22,6,20,0,31.8083,64.6667,0,0,1.30239e+08,2.65939e+08,1.54078e+06,0.0
07/22/2006 21:00,7,22,6,21,0,30.8083,63.9167,0,0,1.55743e+08,3.05911e+08,0,0.0
07/22/2006 22:00,7,22,6,22,0,30.25,64.5,0,0,1.2401e+08,2.62854e+08,0,0.0
07/22/2006 23:00,7,22,6,23,0,29.65,64.6667,0,0,1.51546e+08,2.99686e+08,1.54076e+06,0.0
07/23/2006 00:00,7,23,0,0,0,28.7583,67.0833,0,0,1.19071e+08,2.42882e+08,0,0.0
07/23/2006 01:00,7,23,0,1,0,28.0083,71.1667,0,0,1.45945e+08,2.7852e+08,0,0.0
07/23/2006 02:00,7,23,0,2,0,27.45,73.1667,0,0,1.10918e+08,2.31677e+08,1.54047e+06,0.0
07/23/2006 03:00,7,23,0,3,0,26.9083,75.1667,0,0,1.35056e+08,2.72125e+08,0,0.0
07/23/2006 04:00,7,23,0,4,0,26.0583,81.25,0,0,1.09851e+08,2.42611e+08,1.2228e+07,0.0
07/23/2006 05:00,7,23,0,5,0,25.25,84.4167,0,0,1.26573e+08,2.59582e+08,7.52255e+06,0.0
07/23/2006 06:00,7,23,0,6,0,25.35,82.8333,0,0,1.07961e+08,2.14441e+08,8.00497e+06,0.0
07/23/2006 07:00,7,23,0,7,0,26.2417,78.5,0,0,1.44861e+08,2.62927e+08,7.50064e+06,0.0
07/23/2006 08:00,7,23,0,8,0,27.3417,73.6667,0,145852,1.33137e+08,2.56211e+08,7.66728e+06,145852.0
07/23/2006 09:00,7,23,0,9,0,29.0833,66.75,0,91782.5,1.64638e+08,3.01414e+08,9.49149e+06,91782.5
07/23/2006 10:00,7,23,0,10,0,30.9917,59.5,0,149000,1.5172e+08,2.88753e+08,7.70278e+06,149000.0
07/23/2006 11:00,7,23,0,11,0,32.3417,55.25,0,214084,1.74936e+08,3.20068e+08,9.56194e+06,214084.0
07/23/2006 12:00,7,23,0,12,0,33.4417,52.8333,0,104869,1.48118e+08,2.8228e+08,7.97035e+06,104869.0
07/23/2006 13:00,7,23,0,13,0,34.5417,48.5,0,0,1.72253e+08,3.14863e+08,9.76649e+06,0.0
07/23/2006 14:00,7,23,0,14,0,35,44.8333,0,188100,1.52887e+08,2.93813e+08,9.74273e+06,188100.0
07/23/2006 15:00,7,23,0,15,0,35.35,46.3333,0,87140.5,1.91917e+08,3.53272e+08,7.60965e+06,87140.5
07/23/2006 16:00,7,23,0,16,0,34.9,46.8333,0,76542.2,1.72973e+08,3.25561e+08,7.58051e+06,76542.2
07/23/2006 17:00,7,23,0,17,0,34.1083,47.75,0,131907,1.88813e+08,3.51747e+08,8.1748e+06,131907.0
07/23/2006 18:00,7,23,0,18,0,33.55,50.75,0,0,1.3751e+08,2.59899e+08,7.02645e+06,0.0
07/23/2006 19:00,7,23,0,19,0,30.3833,62.5,0,203775,1.56214e+08,2.81985e+08,3.55209e+06,203775.0
07/23/2006 20:00,7,23,0,20,0,26.025,84,0,0,1.19902e+08,2.57161e+08,0,0.0
07/23/2006 21:00,7,23,0,21,0,24.4,92.25,0,0,1.4282e+08,2.95002e+08,1.54063e+06,0.0
07/23/2006 22:00,7,23,0,22,0,24.4,91,0,0,1.12352e+08,2.59031e+08,0,0.0
07/23/2006 23:00,7,23,0,23,0,24.4,87.5,0,0,1.30689e+08,2.81598e+08,0,0.0
07/24/2006 00:00,7,24,1,0,0,24.4,85,0,0,1.02732e+08,2.35275e+08,1.54056e+06,0.0
07/24/2006 01:00,7,24,1,1,0,24.1083,87.9167,0,0,1.22652e+08,3.12586e+08,1.28827e+07,0.0
07/24/2006 02:00,7,24,1,2,0,23.55,90.5833,0,0,1.05089e+08,2.5914e+08,3.50593e+06,0.0
07/24/2006 03:00,7,24,1,3,0,23.0083,92.75,0,0,1.20788e+08,2.68478e+08,5.81408e+06,0.0
07/24/2006 04:00,7,24,1,4,0,22.8,91.6667,0,0,1.02033e+08,2.66063e+08,9.52129e+06,0.0
07/24/2006 05:00,7,24,1,5,0,22.8,88.25,0,104120,1.64233e+08,4.38719e+08,1.08869e+07,104120.0
07/24/2006 06:00,7,24,1,6,0,22.8,87,0,0,1.89958e+08,6.15497e+08,1.7387e+07,0.0
07/24/2006 07:00,7,24,1,7,0,22.8,87,0,0,2.2947e+08,7.32721e+08,1.87438e+07,0.0
07/24/2006 08:00,7,24,1,8,0,23.0917,85.8333,0,0,2.33743e+08,7.41268e+08,1.86289e+07,0.0
07/24/2006 09:00,7,24,1,9,0,23.9417,83.25,0,0,2.52969e+08,7.79852e+08,1.9335e+07,0.0
07/24/2006 10:00,7,24,1,10,0,24.4,82,0,0,2.63254e+08,8.05973e+08,2.01092e+07,0.0
07/24/2006 11:00,7,24,1,11,0,25.3917,79.0833,0,0,2.74629e+08,8.27525e+08,2.08303e+07,0.0
07/24/2006 12:00,7,24,1,12,0,26.45,75.25,0,0,2.75705e+08,8.22772e+08,2.18033e+07,0.0
07/24/2006 13:00,7,24,1,13,0,26.7,72.25,0,0,2.39735e+08,7.41484e+08,2.38213e+07,0.0
07/24/2006 14:00,7,24,1,14,0,27.3417,67.5,0,0,2.75736e+08,8.29394e+08,2.26697e+07,0.0
07/24/2006 15:00,7,24,1,15,0,28.0917,65,0,0,2.94708e+08,8.71662e+08,1.74289e+07,0.0
07/24/2006 16:00,7,24,1,16,0,28.65,65,0,0,3.06712e+08,8.93207e+08,1.78899e+07,0.0
07/24/2006 17:00,7,24,1,17,0,28.9,65,0,0,3.16827e+08,9.17727e+08,1.84901e+07,0.0
07/24/2006 18:00,7,24,1,18,0,27.2667,76.6667,0,0,3.06298e+08,8.85626e+08,1.92131e+07,0.0
07/24/2006 19:00,7,24,1,19,0,25.4583,86.75,0,0,2.91422e+08,8.76799e+08,1.99868e+07,0.0
07/24/2006 20:00,7,24,1,20,0,24.3583,89.1667,0,0,2.49025e+08,7.68367e+08,1.86443e+07,0.0
07/24/2006 21:00,7,24,1,21,0,23.55,92.3333,0,0,1.81779e+08,5.21024e+08,1.40182e+07,0.0
07/24/2006 22:00,7,24,1,22,0,23.0083,95.1667,0,0,1.50821e+08,4.02592e+08,1.30447e+07,0.0
07/24/2006 23:00,7,24,1,23,0,23.0917,89.5833,0,0,1.18882e+08,3.46876e+08,1.10236e+07,0.0
07/25/2006 00:00,7,25,2,0,0,23.0083,87.9167,0,0,1.43578e+08,3.51213e+08,1.18875e+07,0.0
07/25/2006 01:00,7,25,2,1,0,22.45,91.75,0,157746,1.10053e+08,2.95395e+08,9.48268e+06,157746.0
07/25/2006 02:00,7,25,2,2,0,21.9083,94.75,0,0,1.27012e+08,2.86332e+08,2.2079e+06,0.0
07/25/2006 03:00,7,25,2,3,0,21.9917,94.25,0,205930,8.81052e+07,2.31593e+08,7.3179e+06,205930.0
07/25/2006 04:00,7,25,2,4,0,22.2,93,0,207233,1.20021e+08,2.96631e+08,7.84881e+06,207233.0
07/25/2006 05:00,7,25,2,5,0,22.2,91.8333,0,233969,1.63437e+08,4.37952e+08,1.29271e+07,233969.0
07/25/2006 06:00,7,25,2,6,0,22.2,91,0,0,1.95466e+08,6.35174e+08,1.67823e+07,0.0
07/25/2006 07:00,7,25,2,7,0,22.2,92.1667,0,0,2.25949e+08,7.4404e+08,1.79766e+07,0.0
07/25/2006 08:00,7,25,2,8,0,22.2,93,0,0,2.31461e+08,7.46316e+08,1.86259e+07,0.0
07/25/2006 09:00,7,25,2,9,0,22.2,91.8333,0,0,2.35085e+08,7.46862e+08,1.93505e+07,0.0
07/25/2006 10:00,7,25,2,10,0,22.55,86.9167,0,0,2.35133e+08,7.51016e+08,2.01217e+07,0.0
07/25/2006 11:00,7,25,2,11,0,22.8,82.25,0,0,2.32813e+08,7.54482e+08,2.08408e+07,0.0
07/25/2006 12:00,7,25,2,12,0,23.4417,78.0833,0,0,2.33372e+08,7.57321e+08,2.18631e+07,0.0
07/25/2006 13:00,7,25,2,13,0,24.5417,71.9167,0,0,2.19104e+08,7.22973e+08,2.38081e+07,0.0
07/25/2006 14:00,7,25,2,14,0,25,69,0,0,2.48985e+08,7.99541e+08,2.28759e+07,0.0
07/25/2006 15:00,7,25,2,15,0,25,69,0,0,2.49594e+08,7.97192e+08,1.84725e+07,0.0
07/25/2006 16:00,7,25,2,16,0,25.6417,67.8333,0,0,2.60501e+08,8.17441e+08,1.79032e+07,0.0
07/25/2006 17:00,7,25,2,17,0,26.1,67,0,0,2.6938e+08,8.39329e+08,1.79856e+07,0.0
07/25/2006 18:00,7,25,2,18,0,25.4583,66.4167,0,0,2.49492e+08,8.09702e+08,1.86965e+07,0.0
07/25/2006 19:00,7,25,2,19,0,24.65,67.75,0,0,2.37023e+08,8.14615e+08,1.98078e+07,0.0
07/25/2006 20:00,7,25,2,20,0,24.1083,67.25,0,0,2.07362e+08,7.21219e+08,1.81536e+07,0.0
07/25/2006 21:00,7,25,2,21,0,23.55,70.6667,0,0,1.5831e+08,4.94169e+08,1.55562e+07,0.0
07/25/2006 22:00,7,25,2,22,0,23.65,75.1667,0,0,1.39808e+08,3.91502e+08,1.25221e+07,0.0
07/25/2006 23:00,7,25,2,23,0,22.9083,74.25,0,214398,1.12602e+08,3.46103e+08,1.12444e+07,214398.0
07/26/2006 00:00,7,26,3,0,0,21.5583,74.75,0,200412,1.23987e+08,3.36745e+08,1.23883e+07,200412.0
07/26/2006 01:00,7,26,3,1,0,21.1,76,0,0,8.43882e+07,2.63851e+08,7.93752e+06,0.0
07/26/2006 02:00,7,26,3,2,0,21.1,76,0,408450,1.0014e+08,2.57332e+08,4.17054e+06,408450.0
07/26/2006 03:00,7,26,3,3,0,21.1,76,0,214652,7.30781e+07,2.12168e+08,6.27744e+06,214652.0
07/26/2006 04:00,7,26,3,4,0,21.1,76,0,281457,9.45337e+07,2.70606e+08,9.87282e+06,281457.0
07/26/2006 05:00,7,26,3,5,0,21.1,77.1667,0,291115,1.30885e+08,4.0278e+08,1.09582e+07,291115.0
07/26/2006 06:00,7,26,3,6,0,20.8083,81.5,0,76829.9,1.65399e+08,5.85018e+08,1.74307e+07,76829.9
07/26/2006 07:00,7,26,3,7,0,19.9,89.25,0,0,1.78023e+08,6.77023e+08,1.87554e+07,0.0
07/26/2006 08:00,7,26,3,8,0,19.4,95.3333,0,0,1.8576e+08,6.7971e+08,1.88037e+07,0.0
07/26/2006 09:00,7,26,3,9,0,19.75,94.6667,0,0,1.95883e+08,6.81118e+08,1.93038e+07,0.0
07/26/2006 10:00,7,26,3,10,0,20,89.5,0,0,1.9531e+08,6.85166e+08,2.00778e+07,0.0
07/26/2006 11:00,7,26,3,11,0,20.35,88.75,0,0,2.08945e+08,7.15572e+08,2.07998e+07,0.0
07/26/2006 12:00,7,26,3,12,0,20.6,90,0,0,2.14599e+08,7.29918e+08,2.17706e+07,0.0
07/26/2006 13:00,7,26,3,13,0,20.6,88.25,0,0,1.94172e+08,6.82893e+08,2.37923e+07,0.0
07/26/2006 14:00,7,26,3,14,0,20.25,94.5833,0,0,2.14533e+08,7.26135e+08,2.26666e+07,0.0
07/26/2006 15:00,7,26,3,15,0,20.6417,94.1667,0,0,2.25153e+08,7.42289e+08,1.72426e+07,0.0
07/26/2006 16:00,7,26,3,16,0,21.1,90,0,0,2.41402e+08,7.87588e+08,1.78193e+07,0.0
07/26/2006 17:00,7,26,3,17,0,21.1,90,0,0,2.34198e+08,7.74478e+08,1.84699e+07,0.0
07/26/2006 18:00,7,26,3,18,0,21.1,91.75,0,0,2.28971e+08,7.71307e+08,1.91913e+07,0.0
07/26/2006 19:00,7,26,3,19,0,21.1,91.25,0,0,2.26205e+08,7.87647e+08,1.99618e+07,0.0
07/26/2006 20:00,7,26,3,20,0,20.8083,91.75,0,0,2.01562e+08,7.03545e+08,1.88094e+07,0.0
07/26/2006 21:00,7,26,3,21,0,20.6,94.75,0,0,1.56601e+08,4.8684e+08,1.38542e+07,0.0
07/26/2006 22:00,7,26,3,22,0,20.25,98.3333,0,245604,1.41379e+08,3.96493e+08,1.32872e+07,245604.0
07/26/2006 23:00,7,26,3,23,0,20.6417,95.9167,0,222560,1.05881e+08,3.3314e+08,1.13696e+07,222560.0
07/27/2006 00:00,7,27,4,0,0,21.1,95.3333,0,198754,1.32042e+08,3.44539e+08,1.19607e+07,198754.0
07/27/2006 01:00,7,27,4,1,0,21.1,98.75,0,226606,9.73538e+07,2.78863e+08,9.6823e+06,226606.0
07/27/2006 02:00,7,27,4,2,0,21.1,100,0,226660,1.0815e+08,2.62225e+08,2.30945e+06,226660.0
07/27/2006 03:00,7,27,4,3,0,21.45,97.6667,0,213962,8.78409e+07,2.33506e+08,7.32442e+06,213962.0
07/27/2006 04:00,7,27,4,4,0,21.7,96,0,376100,1.12821e+08,2.86596e+08,8.0061e+06,376100.0
07/27/2006 05:00,7,27,4,5,0,21.7,98.3333,0,222685,1.64972e+08,4.39051e+08,1.29118e+07,222685.0
07/27/2006 06:00,7,27,4,6,0,21.9917,100,0,0,1.97633e+08,6.30601e+08,1.68627e+07,0.0
07/27/2006 07:00,7,27,4,7,0,22.55,97.6667,0,0,2.31765e+08,7.34328e+08,1.79515e+07,0.0
07/27/2006 08:00,7,27,4,8,0,23.0917,96.5833,0,0,2.44662e+08,7.45738e+08,1.85982e+07,0.0
07/27/2006 09:00,7,27,4,9,0,23.65,96.4167,0,0,2.56398e+08,7.64319e+08,1.93231e+07,0.0
07/27/2006 10:00,7,27,4,10,0,24.5417,92.5,0,0,2.68412e+08,7.86573e+08,2.00949e+07,0.0
07/27/2006 11:00,7,27,4,11,0,25.6417,87.0833,0,0,2.81328e+08,8.11962e+08,2.08145e+07,0.0
07/27/2006 12:00,7,27,4,12,0,26.7417,85,0,0,2.93224e+08,8.28097e+08,2.18342e+07,0.0
07/27/2006 13:00,7,27,4,13,0,27.55,83.25,0,0,2.80408e+08,7.92072e+08,2.37859e+07,0.0
07/27/2006 14:00,7,27,4,14,0,28.0917,82,0,0,3.27248e+08,8.91269e+08,2.27663e+07,0.0
07/27/2006 15:00,7,27,4,15,0,27.6583,82,0,0,3.10761e+08,8.58132e+08,1.84665e+07,0.0
07/27/2006 16:00,7,27,4,16,0,25.9167,89,0,0,2.91978e+08,8.32272e+08,1.78893e+07,0.0
07/27/2006 17:00,7,27,4,17,0,25.6417,91.6667,0,0,3.00455e+08,8.47271e+08,1.80265e+07,0.0
07/27/2006 18:00,7,27,4,18,0,26.45,87.0833,0,0,3.00654e+08,8.4982e+08,1.86686e+07,0.0
07/27/2006 19:00,7,27,4,19,0,26.35,87.9167,0,0,2.98659e+08,8.62481e+08,1.97811e+07,0.0
07/27/2006 20:00,7,27,4,20,0,25.8083,90,0,0,2.60109e+08,7.73313e+08,1.81346e+07,0.0
07/27/2006 21:00,7,27,4,21,0,25.25,93.5,0,0,1.93396e+08,5.27456e+08,1.55171e+07,0.0
07/27/2006 22:00,7,27,4,22,0,24.65,98.3333,0,0,1.60338e+08,4.09879e+08,1.25137e+07,0.0
07/27/2006 23:00,7,27,4,23,0,24.4,98.25,0,0,1.2691e+08,3.52146e+08,1.10308e+07,0.0
07/28/2006 00:00,7,28,5,0,0,24.4,97,0,0,1.53305e+08,3.57738e+08,1.21352e+07,0.0
07/28/2006 01:00,7,28,5,1,0,24.4,97,0,157103,1.23786e+08,3.19393e+08,8.13963e+06,157103.0
07/28/2006 02:00,7,28,5,2,0,24.4,97,0,257034,1.33396e+08,2.88568e+08,4.02066e+06,257034.0
07/28/2006 03:00,7,28,5,3,0,24.4,95.25,0,231038,1.0812e+08,2.55934e+08,6.42467e+06,231038.0
07/28/2006 04:00,7,28,5,4,0,24.1083,95.1667,0,247009,1.37426e+08,3.14491e+08,9.4618e+06,247009.0
07/28/2006 05:00,7,28,5,5,0,23.9,94.8333,0,0,1.81616e+08,4.55205e+08,1.10644e+07,0.0
07/28/2006 06:00,7,28,5,6,0,23.9,94,0,0,2.11466e+08,6.46769e+08,1.73896e+07,0.0
07/28/2006 07:00,7,28,5,7,0,24.5417,90.5,0,0,2.55978e+08,7.63768e+08,1.84235e+07,0.0
07/28/2006 08:00,7,28,5,8,0,25.9917,84.5,0,0,2.85977e+08,8.2082e+08,1.85771e+07,0.0
07/28/2006 09:00,7,28,5,9,0,26.9917,83.75,0,0,3.21126e+08,8.9418e+08,1.92903e+07,0.0
07/28/2006 10:00,7,28,5,10,0,28.8333,79.1667,0,0,3.50406e+08,9.52732e+08,2.00644e+07,0.0
07/28/2006 11:00,7,28,5,11,0,31.925,65.0833,0,0,3.63279e+08,9.85125e+08,2.07857e+07,0.0
07/28/2006 12:00,7,28,5,12,0,33.3,58,0,0,3.52881e+08,9.62292e+08,2.1768e+07,0.0
07/28/2006 13:00,7,28,5,13,0,33.9417,56.25,0,0,3.19815e+08,8.85543e+08,2.37796e+07,0.0
07/28/2006 14:00,7,28,5,14,0,34.4,55.5833,0,0,3.76748e+08,1.01525e+09,2.25894e+07,0.0
07/28/2006 15:00,7,28,5,15,0,34.75,56,0,0,3.79054e+08,1.00895e+09,1.76865e+07,0.0
07/28/2006 16:00,7,28,5,16,0,34.3583,58.3333,0,0,4.20788e+08,1.09308e+09,1.78673e+07,0.0
07/28/2006 17:00,7,28,5,17,0,34.1917,58.8333,0,0,4.13088e+08,1.08429e+09,1.84687e+07,0.0
07/28/2006 18:00,7,28,5,18,0,34.1083,58,0,0,3.85629e+08,1.03268e+09,1.91862e+07,0.0
07/28/2006 19:00,7,28,5,19,0,32.9083,60.3333,0,0,3.56135e+08,9.85019e+08,1.98106e+07,0.0
07/28/2006 20:00,7,28,5,20,0,31.5583,64.3333,0,0,3.01416e+08,8.56536e+08,1.82921e+07,0.0
07/28/2006 21:00,7,28,5,21,0,29.8167,78.8333,0,0,2.24646e+08,5.77993e+08,1.44186e+07,0.0
07/28/2006 22:00,7,28,5,22,0,29.1917,83.3333,0,0,1.70484e+08,4.34922e+08,1.30344e+07,0.0
07/28/2006 23:00,7,28,5,23,0,29.75,74.1667,0,0,1.40379e+08,3.81685e+08,1.05037e+07,0.0
07/29/2006 00:00,7,29,6,0,0,29.65,72.9167,0,0,1.67159e+08,3.81898e+08,1.2388e+07,0.0
07/29/2006 01:00,7,29,6,1,0,28.4667,80.8333,0,0,1.29443e+08,2.5791e+08,0,0.0
07/29/2006 02:00,7,29,6,2,0,27.8,85,0,0,1.56672e+08,2.92492e+08,0,0.0
07/29/2006 03:00,7,29,6,3,0,26.8083,92,0,193605,1.20302e+08,2.49651e+08,1.73439e+06,193605.0
07/29/2006 04:00,7,29,6,4,0,26.45,95.25,0,0,1.42626e+08,2.79858e+08,0,0.0
07/29/2006 05:00,7,29,6,5,0,26.0583,91.6667,0,0,1.20678e+08,2.6221e+08,9.33671e+06,0.0
07/29/2006 06:00,7,29,6,6,0,25.8917,88.8333,0,0,1.49999e+08,3.00956e+08,8.43427e+06,0.0
07/29/2006 07:00,7,29,6,7,0,27.0917,82.75,0,95322.4,1.69379e+08,3.65687e+08,1.14528e+07,95322.4
07/29/2006 08:00,7,29,6,8,0,29.4333,70.8333,0,0,2.17824e+08,4.64427e+08,1.05233e+07,0.0
07/29/2006 09:00,7,29,6,9,0,31.5333,63.25,0,0,2.43394e+08,5.22532e+08,1.31822e+07,0.0
07/29/2006 10:00,7,29,6,10,0,32.8417,62,0,0,2.5384e+08,5.35871e+08,1.31396e+07,0.0
07/29/2006 11:00,7,29,6,11,0,33.9417,58.5,0,0,2.524e+08,5.20255e+08,1.34681e+07,0.0
07/29/2006 12:00,7,29,6,12,0,34.75,54.8333,0,53095.4,2.37178e+08,4.76272e+08,1.32298e+07,53095.4
07/29/2006 13:00,7,29,6,13,0,35.35,53.4167,0,85939.7,1.85367e+08,3.79029e+08,1.30305e+07,85939.7
07/29/2006 14:00,7,29,6,14,0,35.6,53,0,170542,1.53089e+08,3.2582e+08,1.22183e+07,170542.0
07/29/2006 15:00,7,29,6,15,0,35.6,51.8333,0,79639.6,1.90577e+08,3.89902e+08,1.07832e+07,79639.6
07/29/2006 16:00,7,29,6,16,0,34.9,53.3333,0,163301,1.58641e+08,3.28484e+08,1.03881e+07,163301.0
07/29/2006 17:00,7,29,6,17,0,34.1083,57.9167,0,64138.1,1.79437e+08,3.42339e+08,9.79097e+06,64138.1
07/29/2006 18:00,7,29,6,18,0,33.9,58.8333,0,0,1.4218e+08,2.72681e+08,8.36059e+06,0.0
07/29/2006 19:00,7,29,6,19,0,33.55,59.1667,0,0,1.64488e+08,2.96163e+08,6.63381e+06,0.0
07/29/2006 20:00,7,29,6,20,0,32.3667,65.8333,0,0,1.29916e+08,2.74488e+08,0,0.0
07/29/2006 21:00,7,29,6,21,0,31.0583,74.0833,0,0,1.56665e+08,3.10937e+08,1.54053e+06,0.0
07/29/2006 22:00,7,29,6,22,0,30.25,80.5,0,0,1.24442e+08,2.67862e+08,0,0.0
07/29/2006 23:00,7,29,6,23,0,29.0083,85.9167,0,0,1.54663e+08,3.05987e+08,0,0.0
07/30/2006 00:00,7,30,0,0,0,28.65,83.3333,0,0,1.23208e+08,2.4659e+08,1.54048e+06,0.0
07/30/2006 01:00,7,30,0,1,0,28.55,78.25,0,0,1.51312e+08,2.83597e+08,0,0.0
07/30/2006 02:00,7,30,0,2,0,28.65,71.1667,0,0,1.13653e+08,2.34507e+08,0,0.0
07/30/2006 03:00,7,30,0,3,0,28.2583,68.1667,0,0,1.37655e+08,2.75254e+08,1.54078e+06,0.0
07/30/2006 04:00,7,30,0,4,0,27.1583,73.0833,0,0,1.05931e+08,2.38043e+08,1.07738e+07,0.0
07/30/2006 05:00,7,30,0,5,0,26.35,76.5833,0,0,1.24041e+08,2.61415e+08,7.36522e+06,0.0
07/30/2006 06:00,7,30,0,6,0,26.1,78.1667,0,0,1.07553e+08,2.17587e+08,8.33565e+06,0.0
07/30/2006 07:00,7,30,0,7,0,27.7333,70.8333,0,0,1.45703e+08,2.60507e+08,8.45726e+06,0.0
07/30/2006 08:00,7,30,0,8,0,30.1833,60.3333,0,113554,1.3047e+08,2.43159e+08,7.63631e+06,113554.0
07/30/2006 09:00,7,30,0,9,0,31.45,54.0833,0,91468.1,1.5824e+08,2.90155e+08,7.96259e+06,91468.1
07/30/2006 10:00,7,30,0,10,0,31.9917,52,0,50955.6,1.35062e+08,2.58506e+08,9.1433e+06,50955.6
07/30/2006 11:00,7,30,0,11,0,31.9083,54.3333,0,92437,1.64194e+08,3.02967e+08,7.72012e+06,92437.0
07/30/2006 12:00,7,30,0,12,0,31.9917,56,0,0,1.37065e+08,2.57922e+08,9.60648e+06,0.0
07/30/2006 13:00,7,30,0,13,0,33.1917,51.9167,0,91688.2,1.66489e+08,3.03163e+08,9.85155e+06,91688.2
07/30/2006 14:00,7,30,0,14,0,33.9,47.8333,0,0,1.38763e+08,2.64425e+08,7.74023e+06,0.0
07/30/2006 15:00,7,30,0,15,0,33.9,47,0,49414.9,1.70775e+08,3.21244e+08,9.3895e+06,49414.9
07/30/2006 16:00,7,30,0,16,0,34.1917,45.8333,0,0,1.48183e+08,2.82374e+08,7.5035e+06,0.0
07/30/2006 17:00,7,30,0,17,0,34.1083,46.1667,0,42691.2,1.6864e+08,3.17642e+08,7.47384e+06,42691.2
07/30/2006 18:00,7,30,0,18,0,32.9083,48.75,0,179493,1.32655e+08,2.49109e+08,7.52376e+06,179493.0
07/30/2006 19:00,7,30,0,19,0,31.9083,52.3333,0,0,1.53668e+08,2.76104e+08,3.46248e+06,0.0
07/30/2006 20:00,7,30,0,20,0,31.35,54.5833,0,0,1.18663e+08,2.56233e+08,0,0.0
07/30/2006 21:00,7,30,0,21,0,30.4583,57.3333,0,0,1.44767e+08,2.94339e+08,0,0.0
07/30/2006 22:00,7,30,0,22,0,29.65,60.1667,0,0,1.12003e+08,2.50254e+08,1.54055e+06,0.0
07/30/2006 23:00,7,30,0,23,0,29.1083,61,0,0,1.37285e+08,2.84499e+08,0,0.0
07/31/2006 00:00,7,31,1,0,0,28.55,62.1667,0,0,1.05187e+08,2.27923e+08,1.54079e+06,0.0
07/31/2006 01:00,7,31,1,1,0,28.3,63,0,185531,1.33399e+08,3.23134e+08,1.25472e+07,185531.0
07/31/2006 02:00,7,31,1,2,0,27.0167,69.4167,0,0,1.01559e+08,2.43465e+08,3.6988e+06,0.0
07/31/2006 03:00,7,31,1,3,0,26.1,74,0,0,1.2271e+08,2.77202e+08,5.91422e+06,0.0
07/31/2006 04:00,7,31,1,4,0,25.8083,75.1667,0,154302,1.05563e+08,2.767e+08,9.27601e+06,154302.0
07/31/2006 05:00,7,31,1,5,0,25.6,77.75,0,0,1.7808e+08,4.51509e+08,1.11557e+07,0.0
07/31/2006 06:00,7,31,1,6,0,25.6,79,0,0,2.08328e+08,6.50328e+08,1.73883e+07,0.0
07/31/2006 07:00,7,31,1,7,0,26.2417,77.25,0,0,2.55873e+08,7.66762e+08,1.82914e+07,0.0
07/31/2006 08:00,7,31,1,8,0,27.9833,70.75,0,0,2.91857e+08,8.37172e+08,1.85497e+07,0.0
07/31/2006 09:00,7,31,1,9,0,30.1833,61.1667,0,0,3.19837e+08,9.05779e+08,1.9265e+07,0.0
07/31/2006 10:00,7,31,1,10,0,31.45,54.0833,0,0,3.31324e+08,9.38621e+08,2.0039e+07,0.0
07/31/2006 11:00,7,31,1,11,0,32.6333,49.0833,0,0,3.3296e+08,9.52046e+08,2.07608e+07,0.0
07/31/2006 12:00,7,31,1,12,0,33.3,47,0,0,3.23682e+08,9.31153e+08,2.17484e+07,0.0
07/31/2006 13:00,7,31,1,13,0,33.65,47,0,0,2.934e+08,8.5419e+08,2.37564e+07,0.0
07/31/2006 14:00,7,31,1,14,0,34.1917,46.4167,0,0,3.53377e+08,9.92544e+08,2.25469e+07,0.0
07/31/2006 15:00,7,31,1,15,0,34.4,44.25,0,0,3.6721e+08,1.0201e+09,1.77863e+07,0.0
07/31/2006 16:00,7,31,1,16,0,34.4,43,0,0,3.63455e+08,1.00692e+09,1.78553e+07,0.0
07/31/2006 17:00,7,31,1,17,0,34.4,41.8333,0,0,3.54045e+08,9.90188e+08,1.84561e+07,0.0
07/31/2006 18:00,7,31,1,18,0,33.7583,42.75,0,0,3.28428e+08,9.65665e+08,1.90754e+07,0.0
07/31/2006 19:00,7,31,1,19,0,32.6583,46.9167,0,0,3.17169e+08,9.51749e+08,1.97196e+07,0.0
07/31/2006 20:00,7,31,1,20,0,31.5583,51.9167,0,0,2.73365e+08,8.31533e+08,1.82427e+07,0.0
07/31/2006 21:00,7,31,1,21,0,30.4583,56.9167,0,0,2.04504e+08,5.55771e+08,1.45874e+07,0.0
07/31/2006 22:00,7,31,1,22,0,29.7083,61.3333,0,0,1.5932e+08,4.23207e+08,1.30317e+07,0.0
07/31/2006 23:00,7,31,1,23,0,29.2667,66.5,0,0,1.32045e+08,3.73997e+08,1.05022e+07,0.0
08/01/2006 00:00,8,1,2,0,0,28.8083,67.8333,0,0,1.58009e+08,3.73185e+08,1.23817e+07,0.0
08/01/2006 01:00,8,1,2,1,0,28.3083,71.0833,0,0,1.23417e+08,3.11641e+08,8.00287e+06,0.0
08/01/2006 02:00,8,1,2,2,0,27.8083,68.75,0,0,1.38402e+08,2.97371e+08,3.50901e+06,0.0
08/01/2006 03:00,8,1,2,3,0,27.3667,67.3333,0,187797,1.06177e+08,2.51592e+08,6.41075e+06,187797.0
08/01/2006 04:00,8,1,2,4,0,26.9083,70.1667,0,0,1.33039e+08,3.0533e+08,9.58021e+06,0.0
08/01/2006 05:00,8,1,2,5,0,26.7,71,0,0,1.79204e+08,4.5474e+08,1.06576e+07,0.0
08/01/2006 06:00,8,1,2,6,0,26.9917,69.8333,0,0,2.19622e+08,6.78983e+08,1.73295e+07,0.0
08/01/2006 07:00,8,1,2,7,0,27.8417,66.6667,0,0,2.64494e+08,7.97137e+08,1.87173e+07,0.0
08/01/2006 08:00,8,1,2,8,0,28.9417,62.6667,0,0,2.954e+08,8.63003e+08,1.88433e+07,0.0
08/01/2006 09:00,8,1,2,9,0,31.3833,55.75,0,0,3.35194e+08,9.50867e+08,1.92435e+07,0.0
08/01/2006 10:00,8,1,2,10,0,33.7333,49.6667,0,0,3.65343e+08,1.00598e+09,2.00185e+07,0.0
08/01/2006 11:00,8,1,2,11,0,34.4,48,0,0,3.61022e+08,9.96701e+08,2.07416e+07,0.0
08/01/2006 12:00,8,1,2,12,0,35.7417,44.5,0,0,3.68385e+08,1.00369e+09,2.17133e+07,0.0
08/01/2006 13:00,8,1,2,13,0,35.7083,43.1667,0,0,3.23248e+08,9.13648e+08,2.37371e+07,0.0
08/01/2006 14:00,8,1,2,14,0,34.4167,45.75,0,0,3.47842e+08,9.73809e+08,2.26206e+07,0.0
08/01/2006 15:00,8,1,2,15,0,32.0167,59.25,0,0,3.48754e+08,9.57036e+08,1.71879e+07,0.0
08/01/2006 16:00,8,1,2,16,0,31.8833,61,0,0,3.87366e+08,1.03413e+09,1.7726e+07,0.0
08/01/2006 17:00,8,1,2,17,0,30.175,66.5,0,0,3.51979e+08,9.71832e+08,1.84368e+07,0.0
08/01/2006 18:00,8,1,2,18,0,28.65,72.8333,0,0,3.24694e+08,9.21526e+08,1.91532e+07,0.0
08/01/2006 19:00,8,1,2,19,0,27.9083,74.9167,0,0,3.12568e+08,9.20426e+08,1.99177e+07,0.0
08/01/2006 20:00,8,1,2,20,0,27.2,77,0,0,2.72305e+08,8.14974e+08,1.87214e+07,0.0
08/01/2006 21:00,8,1,2,21,0,27.2,77,0,0,2.04346e+08,5.51504e+08,1.38849e+07,0.0
08/01/2006 22:00,8,1,2,22,0,27.2,77,0,0,1.60841e+08,4.20162e+08,1.30305e+07,0.0
08/01/2006 23:00,8,1,2,23,0,26.9083,76.4167,0,180154,1.33658e+08,3.76755e+08,1.11281e+07,180154.0
08/02/2006 00:00,8,2,3,0,0,26.35,74.8333,0,0,1.50675e+08,3.61102e+08,1.19408e+07,0.0
08/02/2006 01:00,8,2,3,1,0,25.8083,72.25,0,0,1.15563e+08,3.00178e+08,9.12893e+06,0.0
08/02/2006 02:00,8,2,3,2,0,25.25,69.8333,0,0,1.29947e+08,2.87891e+08,2.39612e+06,0.0
08/02/2006 03:00,8,2,3,3,0,24.3583,69,0,0,1.00774e+08,2.56573e+08,6.17323e+06,0.0
08/02/2006 04:00,8,2,3,4,0,23.55,66.0833,0,0,1.14646e+08,2.96774e+08,9.59341e+06,0.0
08/02/2006 05:00,8,2,3,5,0,23.0083,64,0,245073,1.31496e+08,3.98516e+08,1.169e+07,245073.0
08/02/2006 06:00,8,2,3,6,0,22.8,62.25,0,0,1.5721e+08,5.85687e+08,1.62981e+07,0.0
08/02/2006 07:00,8,2,3,7,0,24.0833,55.75,0,0,1.8682e+08,7.01819e+08,1.8693e+07,0.0
08/02/2006 08:00,8,2,3,8,0,26.2833,46.1667,0,0,2.24045e+08,7.81048e+08,1.90754e+07,0.0
08/02/2006 09:00,8,2,3,9,0,27.8417,39.0833,0,0,2.464e+08,8.48834e+08,1.9555e+07,0.0
08/02/2006 10:00,8,2,3,10,0,28.9417,35.8333,0,0,2.51279e+08,8.7736e+08,2.01274e+07,0.0
08/02/2006 11:00,8,2,3,11,0,30.1,35,0,0,2.65282e+08,8.98879e+08,2.07326e+07,0.0
08/02/2006 12:00,8,2,3,12,0,30.6,35,0,0,2.58759e+08,8.72646e+08,2.17874e+07,0.0
08/02/2006 13:00,8,2,3,13,0,31.2417,33.25,0,0,2.31309e+08,7.95643e+08,2.40286e+07,0.0
08/02/2006 14:00,8,2,3,14,0,31.9917,30.8333,0,0,2.72978e+08,9.11716e+08,2.26924e+07,0.0
08/02/2006 15:00,8,2,3,15,0,32.2,30,0,0,2.92971e+08,9.63738e+08,1.73184e+07,0.0
08/02/2006 16:00,8,2,3,16,0,32.2,31.1667,0,0,2.9931e+08,9.62439e+08,1.65199e+07,0.0
08/02/2006 17:00,8,2,3,17,0,31.5,32.5833,0,0,2.88697e+08,9.41768e+08,1.84068e+07,0.0
08/02/2006 18:00,8,2,3,18,0,30.7667,34.1667,0,0,2.70291e+08,9.18446e+08,1.91267e+07,0.0
08/02/2006 19:00,8,2,3,19,0,29.9,35,0,0,2.52996e+08,8.8726e+08,1.98913e+07,0.0
08/02/2006 20:00,8,2,3,20,0,28.7583,35.5833,0,0,2.17957e+08,7.69456e+08,1.89129e+07,0.0
08/02/2006 21:00,8,2,3,21,0,27.6583,38.9167,0,0,1.55064e+08,5.03222e+08,1.38223e+07,0.0
08/02/2006 22:00,8,2,3,22,0,26.9083,41.5833,0,0,1.28405e+08,3.92776e+08,1.30359e+07,0.0
08/02/2006 23:00,8,2,3,23,0,25.7083,43.75,0,0,1.01686e+08,3.44027e+08,1.23748e+07,0.0
08/03/2006 00:00,8,3,4,0,0,24.3583,47.9167,0,168476,1.2021e+08,3.39215e+08,1.07078e+07,168476.0
08/03/2006 01:00,8,3,4,1,0,23.55,37.1667,0,0,8.18249e+07,2.62451e+08,9.67393e+06,0.0
08/03/2006 02:00,8,3,4,2,0,22.6583,29.1667,0,232972,8.29897e+07,2.40972e+08,2.11756e+06,232972.0
08/03/2006 03:00,8,3,4,3,0,22.2,30,0,0,6.74166e+07,2.15068e+08,7.24008e+06,0.0
08/03/2006 04:00,8,3,4,4,0,21.9083,30,0,0,7.79182e+07,2.49837e+08,8.17695e+06,0.0
08/03/2006 05:00,8,3,4,5,0,21.9917,29.4167,0,381327,9.18315e+07,3.44568e+08,1.25027e+07,381327.0
08/03/2006 06:00,8,3,4,6,0,22.2,30.1667,0,0,1.43289e+08,5.6384e+08,1.71651e+07,0.0
08/03/2006 07:00,8,3,4,7,0,22.8417,29.8333,0,0,1.6444e+08,6.63593e+08,1.78793e+07,0.0
08/03/2006 08:00,8,3,4,8,0,24.6417,26.6667,0,0,1.92398e+08,7.28558e+08,1.85365e+07,0.0
08/03/2006 09:00,8,3,4,9,0,26.2417,31.4167,0,0,2.04112e+08,7.94952e+08,1.92582e+07,0.0
08/03/2006 10:00,8,3,4,10,0,27.3417,36.5833,0,0,2.24291e+08,8.35852e+08,2.00334e+07,0.0
08/03/2006 11:00,8,3,4,11,0,28.0917,35.25,0,0,2.48465e+08,8.5867e+08,2.07542e+07,0.0
08/03/2006 12:00,8,3,4,12,0,28.65,34.5833,0,0,2.30358e+08,8.25769e+08,2.17636e+07,0.0
08/03/2006 13:00,8,3,4,13,0,29.8917,35.5833,0,0,2.18874e+08,7.73927e+08,2.37375e+07,0.0
08/03/2006 14:00,8,3,4,14,0,30.6,36,0,0,2.7214e+08,9.04992e+08,2.24342e+07,0.0
08/03/2006 15:00,8,3,4,15,0,31.5333,32.5,0,0,2.91921e+08,9.60048e+08,1.846e+07,0.0
08/03/2006 16:00,8,3,4,16,0,31.9083,30,0,0,2.89587e+08,9.59236e+08,1.78564e+07,0.0
08/03/2006 17:00,8,3,4,17,0,31.0583,32.9167,0,0,2.64782e+08,8.92718e+08,1.8212e+07,0.0
08/03/2006 18:00,8,3,4,18,0,29.9,37.9167,0,0,2.54076e+08,8.59132e+08,1.86041e+07,0.0
08/03/2006 19:00,8,3,4,19,0,28.7583,40.5833,0,0,2.4253e+08,8.5851e+08,1.97179e+07,0.0
08/03/2006 20:00,8,3,4,20,0,28.0083,41.5833,0,0,2.10592e+08,7.5774e+08,1.81034e+07,0.0
08/03/2006 21:00,8,3,4,21,0,26.8083,45.5,0,0,1.57635e+08,5.02731e+08,1.53414e+07,0.0
08/03/2006 22:00,8,3,4,22,0,26.1,48,0,0,1.30219e+08,3.91247e+08,1.25933e+07,0.0
08/03/2006 23:00,8,3,4,23,0,25.8083,49.1667,0,188237,1.04749e+08,3.44248e+08,1.11245e+07,188237.0
08/04/2006 00:00,8,4,5,0,0,24.6083,54.0833,0,0,1.23335e+08,3.3466e+08,1.21574e+07,0.0
08/04/2006 01:00,8,4,5,1,0,23.55,61.0833,0,0,9.08474e+07,2.72508e+08,7.95496e+06,0.0
08/04/2006 02:00,8,4,5,2,0,22.6583,68.0833,0,0,1.06067e+08,2.73172e+08,3.76482e+06,0.0
08/04/2006 03:00,8,4,5,3,0,22.55,55.25,0,501978,7.66481e+07,2.24786e+08,6.56886e+06,501978.0
08/04/2006 04:00,8,4,5,4,0,22.45,43.4167,0,0,8.14796e+07,2.54088e+08,9.58909e+06,0.0
08/04/2006 05:00,8,4,5,5,0,21.5583,40.6667,0,382091,8.39163e+07,3.3696e+08,1.10458e+07,382091.0
08/04/2006 06:00,8,4,5,6,0,21.45,37.25,0,0,1.34805e+08,5.54295e+08,1.73337e+07,0.0
08/04/2006 07:00,8,4,5,7,0,23.275,51.1667,0,0,1.73888e+08,6.9076e+08,1.87103e+07,0.0
08/04/2006 08:00,8,4,5,8,0,26.0333,57.3333,0,0,2.39236e+08,8.05393e+08,1.85249e+07,0.0
08/04/2006 09:00,8,4,5,9,0,27.8417,52.25,0,0,2.70769e+08,8.70496e+08,1.92329e+07,0.0
08/04/2006 10:00,8,4,5,10,0,29.6417,46.3333,0,0,2.85995e+08,9.08539e+08,2.00093e+07,0.0
08/04/2006 11:00,8,4,5,11,0,31.5333,37.75,0,0,2.81562e+08,9.0339e+08,2.07323e+07,0.0
08/04/2006 12:00,8,4,5,12,0,32.55,32.8333,0,0,2.7486e+08,8.94157e+08,2.17083e+07,0.0
08/04/2006 13:00,8,4,5,13,0,32.8,32.5833,0,0,2.4493e+08,8.12496e+08,2.37304e+07,0.0
08/04/2006 14:00,8,4,5,14,0,32.8,32.4167,0,0,2.85474e+08,9.2408e+08,2.25764e+07,0.0
08/04/2006 15:00,8,4,5,15,0,32.8,34.3333,0,0,3.07013e+08,9.73433e+08,1.73584e+07,0.0
08/04/2006 16:00,8,4,5,16,0,32.8,37.1667,0,0,3.24124e+08,1.00195e+09,1.78409e+07,0.0
08/04/2006 17:00,8,4,5,17,0,32.8,36.8333,0,0,3.16176e+08,9.81906e+08,1.84358e+07,0.0
08/04/2006 18:00,8,4,5,18,0,32.1583,37.1667,0,0,2.92669e+08,9.39606e+08,1.91497e+07,0.0
08/04/2006 19:00,8,4,5,19,0,30.7083,40.3333,0,0,2.71775e+08,9.02364e+08,1.99127e+07,0.0
08/04/2006 20:00,8,4,5,20,0,29.3583,45.5,0,0,2.34158e+08,7.90151e+08,1.83313e+07,0.0
08/04/2006 21:00,8,4,5,21,0,28.2583,48.5833,0,0,1.73688e+08,5.24765e+08,1.42172e+07,0.0
08/04/2006 22:00,8,4,5,22,0,26.8083,54.25,0,0,1.39252e+08,4.02044e+08,1.30261e+07,0.0
08/04/2006 23:00,8,4,5,23,0,25.8083,59.1667,0,0,1.12356e+08,3.53332e+08,1.04969e+07,0.0
08/05/2006 00:00,8,5,6,0,0,25.25,61.1667,0,0,1.3589e+08,3.51431e+08,1.23838e+07,0.0
08/05/2006 01:00,8,5,6,1,0,24.65,63.1667,0,0,9.96399e+07,2.28986e+08,0,0.0
08/05/2006 02:00,8,5,6,2,0,24.1083,66.9167,0,185109,1.10844e+08,2.44735e+08,185109,185109.0
08/05/2006 03:00,8,5,6,3,0,23.55,70.1667,0,256403,9.12918e+07,2.21301e+08,1.79704e+06,256403.0
08/05/2006 04:00,8,5,6,4,0,23.0083,72.1667,0,111135,1.0172e+08,2.40446e+08,111135,111135.0
08/05/2006 05:00,8,5,6,5,0,22.45,71.8333,0,0,4.65465e+06,1.0257e+08,8.5904e+06,0.0
08/05/2006 06:00,8,5,6,6,0,22.55,71,0,146425,9.94704e+07,2.49611e+08,9.82988e+06,146425.0
08/05/2006 07:00,8,5,6,7,0,23.0917,69.8333,0,0,1.50981e+08,3.45346e+08,1.00642e+07,0.0
08/05/2006 08:00,8,5,6,8,0,24.2917,66.0833,0,0,1.62501e+08,4.00789e+08,1.23553e+07,0.0
08/05/2006 09:00,8,5,6,9,0,26.2833,58.1667,0,0,1.77314e+08,4.44053e+08,1.29476e+07,0.0
08/05/2006 10:00,8,5,6,10,0,29.475,45.8333,0,0,1.87267e+08,4.54308e+08,1.27121e+07,0.0
08/05/2006 11:00,8,5,6,11,0,31.7417,37.0833,0,0,1.85643e+08,4.39629e+08,1.42553e+07,0.0
08/05/2006 12:00,8,5,6,12,0,32.2,35,0,44416.1,1.7749e+08,4.05542e+08,1.29277e+07,44416.1
08/05/2006 13:00,8,5,6,13,0,32.2,35,0,101281,1.44636e+08,3.27682e+08,1.17768e+07,101281.0
08/05/2006 14:00,8,5,6,14,0,31.2667,37.9167,0,184118,1.1807e+08,2.81885e+08,1.2186e+07,184118.0
08/05/2006 15:00,8,5,6,15,0,30.25,41.75,0,62274.7,1.40456e+08,3.10504e+08,1.03151e+07,62274.7
08/05/2006 16:00,8,5,6,16,0,30.35,40.6667,0,150737,1.15222e+08,2.68929e+08,1.23828e+07,150737.0
08/05/2006 17:00,8,5,6,17,0,31.2417,38.4167,0,0,1.36977e+08,2.75761e+08,7.83667e+06,0.0
08/05/2006 18:00,8,5,6,18,0,30.0667,52.5833,0,140827,1.17071e+08,2.34905e+08,9.55896e+06,140827.0
08/05/2006 19:00,8,5,6,19,0,28.55,59.5,0,0,1.41166e+08,2.5801e+08,5.53909e+06,0.0
08/05/2006 20:00,8,5,6,20,0,28.0083,56.4167,0,153893,1.01546e+08,2.3532e+08,1.69468e+06,153893.0
08/05/2006 21:00,8,5,6,21,0,27.1583,66.5,0,0,1.20373e+08,2.65573e+08,0,0.0
08/05/2006 22:00,8,5,6,22,0,26.35,57.0833,0,0,9.1301e+07,2.27681e+08,0,0.0
08/05/2006 23:00,8,5,6,23,0,25.8083,45,0,0,1.0247e+08,2.54921e+08,1.54076e+06,0.0
08/06/2006 00:00,8,6,0,0,0,25.25,46.1667,0,0,7.84995e+07,2.12335e+08,0,0.0
08/06/2006 01:00,8,6,0,1,0,24.3583,49.3333,0,0,8.87043e+07,2.19622e+08,0,0.0
08/06/2006 02:00,8,6,0,2,0,23.2583,55.6667,0,0,5.63168e+07,1.77552e+08,1.54079e+06,0.0
08/06/2006 03:00,8,6,0,3,0,23.0917,55.5,0,0,6.63084e+07,1.91929e+08,0,0.0
08/06/2006 04:00,8,6,0,4,0,22.6583,56.5,0,0,4.38549e+07,1.56847e+08,1.22417e+07,0.0
08/06/2006 05:00,8,6,0,5,0,21.5583,66,0,0,0,8.03666e+07,7.55182e+06,0.0
08/06/2006 06:00,8,6,0,6,0,21.1,68.0833,0,0,6.32056e+07,1.75555e+08,7.95787e+06,0.0
08/06/2006 07:00,8,6,0,7,0,22.7333,59,0,0,1.47348e+07,8.34243e+07,7.49738e+06,0.0
08/06/2006 08:00,8,6,0,8,0,24.8917,51.6667,0,93093.8,1.22961e+08,2.53261e+08,7.60975e+06,93093.8
08/06/2006 09:00,8,6,0,9,0,26.5333,48.25,0,136811,1.03137e+08,2.18353e+08,9.53775e+06,136811.0
08/06/2006 10:00,8,6,0,10,0,27.55,45.25,0,51637.9,1.31687e+08,2.63726e+08,7.61392e+06,51637.9
08/06/2006 11:00,8,6,0,11,0,29.0833,39.3333,0,92313.3,1.05372e+08,2.24831e+08,9.06954e+06,92313.3
08/06/2006 12:00,8,6,0,12,0,30.35,35.4167,0,0,1.31564e+08,2.62972e+08,8.2501e+06,0.0
08/06/2006 13:00,8,6,0,13,0,30.8917,32.6667,0,92130.1,1.04937e+08,2.23989e+08,9.8586e+06,92130.1
08/06/2006 14:00,8,6,0,14,0,31.7417,31,0,0,1.3489e+08,2.73216e+08,9.39523e+06,0.0
08/06/2006 15:00,8,6,0,15,0,32.2,31.5833,0,0,1.10232e+08,2.36537e+08,7.68539e+06,0.0
08/06/2006 16:00,8,6,0,16,0,32.55,32,0,91075.9,1.43358e+08,2.88826e+08,7.5925e+06,91075.9
08/06/2006 17:00,8,6,0,17,0,32.45,32.5833,0,84691.3,1.1278e+08,2.40468e+08,7.52165e+06,84691.3
08/06/2006 18:00,8,6,0,18,0,31.9083,33.5833,0,117789,1.35439e+08,2.6235e+08,7.4651e+06,117789.0
08/06/2006 19:00,8,6,0,19,0,31.0583,35.1667,0,153417,1.04232e+08,2.13272e+08,3.79611e+06,153417.0
08/06/2006 20:00,8,6,0,20,0,29.9,38.3333,0,0,1.16651e+08,2.63948e+08,0,0.0
08/06/2006 21:00,8,6,0,21,0,28.7583,42.3333,0,0,9.12459e+07,2.2908e+08,1.5405e+06,0.0
08/06/2006 22:00,8,6,0,22,0,27.6583,46.9167,0,0,1.06472e+08,2.5398e+08,0,0.0
08/06/2006 23:00,8,6,0,23,0,27.2,46.6667,0,0,8.19404e+07,2.17609e+08,0,0.0
08/07/2006 00:00,8,7,1,0,0,27.2,43.25,0,0,9.73626e+07,2.29573e+08,1.54072e+06,0.0
08/07/2006 01:00,8,7,1,1,0,26.5583,43.75,0,218935,8.07201e+07,2.72805e+08,1.2656e+07,218935.0
08/07/2006 02:00,8,7,1,2,0,25.1083,54.9167,0,0,9.39771e+07,2.51012e+08,3.73588e+06,0.0
08/07/2006 03:00,8,7,1,3,0,24.4,58.5,0,0,7.41137e+07,2.17911e+08,5.95513e+06,0.0
08/07/2006 04:00,8,7,1,4,0,23.4667,57.75,0,296528,9.007e+07,2.64815e+08,9.29884e+06,296528.0
08/07/2006 05:00,8,7,1,5,0,22.45,64.25,0,541926,1.11312e+08,3.83292e+08,1.18097e+07,541926.0
08/07/2006 06:00,8,7,1,6,0,22.55,66.8333,0,0,1.58935e+08,5.7606e+08,1.73812e+07,0.0
08/07/2006 07:00,8,7,1,7,0,24.0833,59,0,0,1.89225e+08,6.84851e+08,1.8176e+07,0.0
08/07/2006 08:00,8,7,1,8,0,25.9917,49.9167,0,0,2.1552e+08,7.42129e+08,1.85219e+07,0.0
08/07/2006 09:00,8,7,1,9,0,27.3417,45.25,0,0,2.37639e+08,8.04893e+08,1.92385e+07,0.0
08/07/2006 10:00,8,7,1,10,0,27.8,44,0,0,2.51761e+08,8.49931e+08,2.00132e+07,0.0
08/07/2006 11:00,8,7,1,11,0,28.7333,41.6667,0,0,2.57809e+08,8.64812e+08,2.07355e+07,0.0
08/07/2006 12:00,8,7,1,12,0,29.75,41.1667,0,0,2.59205e+08,8.5569e+08,2.1728e+07,0.0
08/07/2006 13:00,8,7,1,13,0,30.35,40.8333,0,0,2.35758e+08,7.83963e+08,2.37329e+07,0.0
08/07/2006 14:00,8,7,1,14,0,31.2417,40.5833,0,0,2.72917e+08,8.67704e+08,2.25062e+07,0.0
08/07/2006 15:00,8,7,1,15,0,31.35,39.25,0,0,2.92099e+08,9.22726e+08,1.78735e+07,0.0
08/07/2006 16:00,8,7,1,16,0,31.45,39.75,0,0,2.82718e+08,8.95661e+08,1.78436e+07,0.0
08/07/2006 17:00,8,7,1,17,0,31.7,38.0833,0,0,2.90781e+08,9.23249e+08,1.84431e+07,0.0
08/07/2006 18:00,8,7,1,18,0,31.9917,37.1667,0,0,2.82566e+08,9.06682e+08,1.89077e+07,0.0
08/07/2006 19:00,8,7,1,19,0,30.9167,42.6667,0,0,2.75942e+08,8.95542e+08,1.96949e+07,0.0
08/07/2006 20:00,8,7,1,20,0,29.0083,51.25,0,0,2.39449e+08,7.93678e+08,1.81938e+07,0.0
08/07/2006 21:00,8,7,1,21,0,27.6583,59.0833,0,0,1.82064e+08,5.29054e+08,1.47486e+07,0.0
08/07/2006 22:00,8,7,1,22,0,26.5583,67.8333,0,0,1.49315e+08,4.08739e+08,1.30255e+07,0.0
08/07/2006 23:00,8,7,1,23,0,26.1,73.1667,0,0,1.23269e+08,3.60777e+08,1.05017e+07,0.0
08/08/2006 00:00,8,8,2,0,0,25.8083,78.6667,0,0,1.52072e+08,3.64334e+08,1.23769e+07,0.0
08/08/2006 01:00,8,8,2,1,0,25.6,83.75,0,0,1.22392e+08,3.05849e+08,7.74515e+06,0.0
08/08/2006 02:00,8,8,2,2,0,25.6,85,0,0,1.47949e+08,3.05734e+08,3.7639e+06,0.0
08/08/2006 03:00,8,8,2,3,0,25.6,86.1667,0,201789,1.22334e+08,2.79253e+08,6.43483e+06,201789.0
08/08/2006 04:00,8,8,2,4,0,25.8917,85.8333,0,0,1.50856e+08,3.2689e+08,9.58159e+06,0.0
08/08/2006 05:00,8,8,2,5,0,26.1,80.3333,0,0,1.84017e+08,4.58675e+08,1.0667e+07,0.0
08/08/2006 06:00,8,8,2,6,0,25.8083,76.4167,0,0,2.19543e+08,6.76232e+08,1.73566e+07,0.0
08/08/2006 07:00,8,8,2,7,0,25.8917,71.9167,0,0,2.47807e+08,7.73704e+08,1.86686e+07,0.0
08/08/2006 08:00,8,8,2,8,0,26.7417,66.6667,0,0,2.55428e+08,7.85627e+08,1.85195e+07,0.0
08/08/2006 09:00,8,8,2,9,0,27.8417,62.6667,0,0,2.69116e+08,8.13168e+08,1.92283e+07,0.0
08/08/2006 10:00,8,8,2,10,0,29.2917,54.5833,0,0,2.8845e+08,8.71123e+08,2.0005e+07,0.0
08/08/2006 11:00,8,8,2,11,0,32.275,44.75,0,0,3.15175e+08,9.38027e+08,2.07277e+07,0.0
08/08/2006 12:00,8,8,2,12,0,33.9,39.8333,0,0,3.14773e+08,9.35853e+08,2.17043e+07,0.0
08/08/2006 13:00,8,8,2,13,0,33.9,39.5833,0,0,2.76392e+08,8.40915e+08,2.37262e+07,0.0
08/08/2006 14:00,8,8,2,14,0,32.2083,47,0,0,3.00832e+08,8.90707e+08,2.25676e+07,0.0
08/08/2006 15:00,8,8,2,15,0,28.4917,67.75,0,0,3.00825e+08,8.68472e+08,1.73929e+07,0.0
08/08/2006 16:00,8,8,2,16,0,27.3417,74.9167,0,0,3.07395e+08,8.8071e+08,1.78386e+07,0.0
08/08/2006 17:00,8,8,2,17,0,27.8,72,0,0,3.04987e+08,8.80855e+08,1.84338e+07,0.0
08/08/2006 18:00,8,8,2,18,0,27.8,72,0,0,2.98952e+08,8.80936e+08,1.91471e+07,0.0
08/08/2006 19:00,8,8,2,19,0,27.45,70.25,0,0,2.86764e+08,8.84466e+08,1.99092e+07,0.0
08/08/2006 20:00,8,8,2,20,0,27.2,69,0,0,2.50418e+08,7.90187e+08,1.8271e+07,0.0
08/08/2006 21:00,8,8,2,21,0,27.2,67.8333,0,0,1.88643e+08,5.32521e+08,1.42672e+07,0.0
08/08/2006 22:00,8,8,2,22,0,26.9083,68.1667,0,0,1.50794e+08,4.0507e+08,1.30256e+07,0.0
08/08/2006 23:00,8,8,2,23,0,26.35,70.75,0,0,1.21185e+08,3.51365e+08,1.05001e+07,0.0
08/09/2006 00:00,8,9,3,0,0,25.8083,71.4167,0,0,1.45807e+08,3.55197e+08,1.23856e+07,0.0
08/09/2006 01:00,8,9,3,1,0,25.25,71,0,0,1.09256e+08,2.91683e+08,8.36423e+06,0.0
08/09/2006 02:00,8,9,3,2,0,24.3583,66.9167,0,280913,1.22767e+08,2.92542e+08,3.43996e+06,280913.0
08/09/2006 03:00,8,9,3,3,0,23.2583,62.25,0,302075,8.09256e+07,2.27756e+08,6.43114e+06,302075.0
08/09/2006 04:00,8,9,3,4,0,22.1583,62.1667,0,168882,8.37954e+07,2.59954e+08,9.77172e+06,168882.0
08/09/2006 05:00,8,9,3,5,0,21.35,65.9167,0,357562,8.66988e+07,3.42058e+08,1.13177e+07,357562.0
08/09/2006 06:00,8,9,3,6,0,21.1,66.8333,0,0,1.38564e+08,5.60215e+08,1.68776e+07,0.0
08/09/2006 07:00,8,9,3,7,0,21.45,64.25,0,0,1.58745e+08,6.53151e+08,1.86961e+07,0.0
08/09/2006 08:00,8,9,3,8,0,22.6333,56.5833,0,0,1.73e+08,6.98538e+08,1.9072e+07,0.0
08/09/2006 09:00,8,9,3,9,0,23.65,49.6667,0,0,1.87519e+08,7.33336e+08,1.95531e+07,0.0
08/09/2006 10:00,8,9,3,10,0,24.5417,46.25,0,0,1.96826e+08,7.49028e+08,2.00511e+07,0.0
08/09/2006 11:00,8,9,3,11,0,25.35,42.0833,0,0,2.15885e+08,8.00101e+08,2.07127e+07,0.0
08/09/2006 12:00,8,9,3,12,0,25.8917,38.8333,0,0,2.17216e+08,7.90082e+08,2.16761e+07,0.0
08/09/2006 13:00,8,9,3,13,0,26.7417,34.5,0,0,2.03736e+08,7.34672e+08,2.3693e+07,0.0
08/09/2006 14:00,8,9,3,14,0,27.8417,31.4167,0,0,2.24706e+08,8.34527e+08,2.2653e+07,0.0
08/09/2006 15:00,8,9,3,15,0,28.3,30.4167,0,0,2.52866e+08,8.95238e+08,1.72345e+07,0.0
08/09/2006 16:00,8,9,3,16,0,28.3,30,0,0,2.64156e+08,9.0572e+08,1.70681e+07,0.0
08/09/2006 17:00,8,9,3,17,0,28.3,28.8333,0,0,2.47634e+08,8.79484e+08,1.84124e+07,0.0
08/09/2006 18:00,8,9,3,18,0,28.0083,29.75,0,0,2.32506e+08,8.46098e+08,1.91296e+07,0.0
08/09/2006 19:00,8,9,3,19,0,27.1583,29.8333,0,0,2.30951e+08,8.36577e+08,1.98919e+07,0.0
08/09/2006 20:00,8,9,3,20,0,25.3583,34.8333,0,0,1.84908e+08,7.11579e+08,1.8845e+07,0.0
08/09/2006 21:00,8,9,3,21,0,23.7583,47.1667,0,0,1.42488e+08,4.78804e+08,1.38148e+07,0.0
08/09/2006 22:00,8,9,3,22,0,22.3667,56.5,0,0,1.06271e+08,3.61611e+08,1.30298e+07,0.0
08/09/2006 23:00,8,9,3,23,0,21.7,59,0,0,7.59948e+07,3.03077e+08,1.16306e+07,0.0
08/10/2006 00:00,8,10,4,0,0,21.7,59,0,0,9.05944e+07,2.96683e+08,1.1264e+07,0.0
08/10/2006 01:00,8,10,4,1,0,21.0583,62.5,0,0,5.99215e+07,2.43368e+08,9.67323e+06,0.0
08/10/2006 02:00,8,10,4,2,0,19.9,65.5833,0,68478.1,5.51569e+07,2.06595e+08,1.93427e+06,68478.1
08/10/2006 03:00,8,10,4,3,0,19.75,64.25,0,0,4.33842e+07,1.93195e+08,7.13383e+06,0.0
08/10/2006 04:00,8,10,4,4,0,19.3583,63,0,0,4.99687e+07,2.22496e+08,7.85712e+06,0.0
08/10/2006 05:00,8,10,4,5,0,18.2583,68.8333,0,248596,4.5259e+07,2.96973e+08,1.26921e+07,248596.0
08/10/2006 06:00,8,10,4,6,0,18.0917,68.3333,0,0,8.52787e+07,5.04844e+08,1.69529e+07,0.0
08/10/2006 07:00,8,10,4,7,0,19.2917,61.5,0,0,1.47963e+08,6.33347e+08,1.78834e+07,0.0
08/10/2006 08:00,8,10,4,8,0,21.2833,52.5833,0,0,1.63048e+08,6.79696e+08,1.85323e+07,0.0
08/10/2006 09:00,8,10,4,9,0,23.1917,46.25,0,0,1.86529e+08,7.45852e+08,1.92578e+07,0.0
08/10/2006 10:00,8,10,4,10,0,24.5417,45,0,0,2.07757e+08,7.94702e+08,2.00313e+07,0.0
08/10/2006 11:00,8,10,4,11,0,25.9917,45,0,0,2.27961e+08,8.32806e+08,2.07522e+07,0.0
08/10/2006 12:00,8,10,4,12,0,27.9833,40.9167,0,0,2.45409e+08,8.49412e+08,2.17721e+07,0.0
08/10/2006 13:00,8,10,4,13,0,28.55,38,0,0,2.15904e+08,7.70796e+08,2.37296e+07,0.0
08/10/2006 14:00,8,10,4,14,0,28.0083,39.75,0,0,2.44549e+08,8.50689e+08,2.26271e+07,0.0
08/10/2006 15:00,8,10,4,15,0,28.4417,40.4167,0,0,2.49199e+08,8.48358e+08,1.84389e+07,0.0
08/10/2006 16:00,8,10,4,16,0,29.1917,41.75,0,0,2.80975e+08,9.22967e+08,1.7858e+07,0.0
08/10/2006 17:00,8,10,4,17,0,29.75,44.1667,0,0,2.82544e+08,9.1207e+08,1.79894e+07,0.0
08/10/2006 18:00,8,10,4,18,0,29.3583,46.75,0,0,2.71302e+08,8.74883e+08,1.86044e+07,0.0
08/10/2006 19:00,8,10,4,19,0,28.2583,49.75,0,0,2.55788e+08,8.67592e+08,1.97187e+07,0.0
08/10/2006 20:00,8,10,4,20,0,27.1583,56.25,0,0,2.27929e+08,7.75297e+08,1.80569e+07,0.0
08/10/2006 21:00,8,10,4,21,0,26.35,61.1667,0,0,1.73455e+08,5.19035e+08,1.5573e+07,0.0
08/10/2006 22:00,8,10,4,22,0,25.8083,66.0833,0,0,1.44158e+08,4.02685e+08,1.23249e+07,0.0
08/10/2006 23:00,8,10,4,23,0,25.8917,66.6667,0,190136,1.19662e+08,3.58483e+08,1.13888e+07,190136.0
08/11/2006 00:00,8,11,5,0,0,25.4583,67.3333,0,0,1.40921e+08,3.51393e+08,1.18402e+07,0.0
08/11/2006 01:00,8,11,5,1,0,25,69,0,0,1.05934e+08,2.88643e+08,8.26527e+06,0.0
08/11/2006 02:00,8,11,5,2,0,24.65,70.1667,0,0,1.23954e+08,2.87373e+08,3.76264e+06,0.0
08/11/2006 03:00,8,11,5,3,0,24.1083,72.75,0,0,1.02542e+08,2.59344e+08,6.03344e+06,0.0
08/11/2006 04:00,8,11,5,4,0,23.55,75.1667,0,167353,1.17772e+08,2.86967e+08,9.71611e+06,167353.0
08/11/2006 05:00,8,11,5,5,0,23.0083,77.75,0,245426,1.57572e+08,4.32854e+08,1.09587e+07,245426.0
08/11/2006 06:00,8,11,5,6,0,22.8,79,0,0,1.92188e+08,6.44088e+08,1.73493e+07,0.0
08/11/2006 07:00,8,11,5,7,0,23.0917,79,0,0,2.31991e+08,7.5598e+08,1.85722e+07,0.0
08/11/2006 08:00,8,11,5,8,0,24.6417,73.1667,0,0,2.57862e+08,8.13462e+08,1.8527e+07,0.0
08/11/2006 09:00,8,11,5,9,0,26.5333,64.9167,0,0,2.817e+08,8.72917e+08,1.92378e+07,0.0
08/11/2006 10:00,8,11,5,10,0,28.8333,57.9167,0,0,3.07358e+08,9.22591e+08,2.0014e+07,0.0
08/11/2006 11:00,8,11,5,11,0,31.6333,45.6667,0,0,3.13651e+08,9.3042e+08,2.07362e+07,0.0
08/11/2006 12:00,8,11,5,12,0,33.4417,37.25,0,0,3.00051e+08,8.99599e+08,2.17156e+07,0.0
08/11/2006 13:00,8,11,5,13,0,34.5417,33.0833,0,0,2.67897e+08,8.37996e+08,2.37339e+07,0.0
08/11/2006 14:00,8,11,5,14,0,34.65,32.75,0,0,3.10917e+08,9.40144e+08,2.25649e+07,0.0
08/11/2006 15:00,8,11,5,15,0,34.4,34,0,0,3.19356e+08,9.83999e+08,1.74909e+07,0.0
08/11/2006 16:00,8,11,5,16,0,33.7583,37.5,0,0,3.29736e+08,1.00676e+09,1.78427e+07,0.0
08/11/2006 17:00,8,11,5,17,0,33.65,40,0,0,3.28942e+08,9.90015e+08,1.84395e+07,0.0
08/11/2006 18:00,8,11,5,18,0,33.55,38.25,0,0,3.11147e+08,9.51858e+08,1.91534e+07,0.0
08/11/2006 19:00,8,11,5,19,0,33.0083,38.1667,0,0,2.92994e+08,9.38916e+08,1.98504e+07,0.0
08/11/2006 20:00,8,11,5,20,0,30.8167,57.0833,0,0,2.75031e+08,8.39058e+08,1.8251e+07,0.0
08/11/2006 21:00,8,11,5,21,0,28.7583,74.0833,0,0,2.17279e+08,5.68004e+08,1.43489e+07,0.0
08/11/2006 22:00,8,11,5,22,0,27.6583,79.9167,0,0,1.66324e+08,4.28194e+08,1.30262e+07,0.0
08/11/2006 23:00,8,11,5,23,0,26.9083,83.75,0,0,1.35948e+08,3.76928e+08,1.04987e+07,0.0
08/12/2006 00:00,8,12,6,0,0,26.35,85,0,0,1.60238e+08,3.74454e+08,1.23815e+07,0.0
08/12/2006 01:00,8,12,6,1,0,25.8083,86.1667,0,0,1.21016e+08,2.49306e+08,0,0.0
08/12/2006 02:00,8,12,6,2,0,25.6,88.75,0,189611,1.44861e+08,2.81138e+08,189611,189611.0
08/12/2006 03:00,8,12,6,3,0,25.6,77.75,0,199242,1.03642e+08,2.33873e+08,1.73991e+06,199242.0
08/12/2006 04:00,8,12,6,4,0,25.25,64.9167,0,255884,1.1335e+08,2.51878e+08,255884,255884.0
08/12/2006 05:00,8,12,6,5,0,24.65,63.1667,0,229353,9.40956e+07,2.45263e+08,9.55133e+06,229353.0
08/12/2006 06:00,8,12,6,6,0,24.1083,65.1667,0,0,1.13367e+08,2.63606e+08,8.3835e+06,0.0
08/12/2006 07:00,8,12,6,7,0,24.8917,63.6667,0,0,1.36549e+08,3.29743e+08,1.13635e+07,0.0
08/12/2006 08:00,8,12,6,8,0,26.5333,58.5,0,0,1.70842e+08,4.14934e+08,1.05636e+07,0.0
08/12/2006 09:00,8,12,6,9,0,28.1917,51.9167,0,0,1.86212e+08,4.58299e+08,1.31758e+07,0.0
08/12/2006 10:00,8,12,6,10,0,29.8917,46.6667,0,0,1.94827e+08,4.66284e+08,1.31334e+07,0.0
08/12/2006 11:00,8,12,6,11,0,31.5333,42.6667,0,0,1.97083e+08,4.54355e+08,1.34603e+07,0.0
08/12/2006 12:00,8,12,6,12,0,32.55,39.25,0,46012.3,1.89962e+08,4.19915e+08,1.32163e+07,46012.3
08/12/2006 13:00,8,12,6,13,0,33.0917,38,0,88416.7,1.56363e+08,3.43516e+08,1.30273e+07,88416.7
08/12/2006 14:00,8,12,6,14,0,33.3,39.1667,0,177251,1.30213e+08,2.91898e+08,1.19526e+07,177251.0
08/12/2006 15:00,8,12,6,15,0,33.65,40.5833,0,93297.4,1.54776e+08,3.27077e+08,1.10607e+07,93297.4
08/12/2006 16:00,8,12,6,16,0,33.9,40.4167,0,172665,1.34742e+08,2.95227e+08,1.03887e+07,172665.0
08/12/2006 17:00,8,12,6,17,0,33.55,41.75,0,74411.7,1.56795e+08,3.083e+08,9.80051e+06,74411.7
08/12/2006 18:00,8,12,6,18,0,32.6583,47.0833,0,0,1.28077e+08,2.53258e+08,7.92082e+06,0.0
08/12/2006 19:00,8,12,6,19,0,31.2667,56.4167,0,0,1.55173e+08,2.79615e+08,7.071e+06,0.0
08/12/2006 20:00,8,12,6,20,0,29.9,65.0833,0,0,1.204e+08,2.65026e+08,0,0.0
08/12/2006 21:00,8,12,6,21,0,28.7583,71.5,0,0,1.48209e+08,2.95804e+08,1.54078e+06,0.0
08/12/2006 22:00,8,12,6,22,0,28.0083,76.9167,0,0,1.19653e+08,2.5979e+08,0,0.0
08/12/2006 23:00,8,12,6,23,0,27.45,80.75,0,0,1.47256e+08,2.92975e+08,0,0.0
08/13/2006 00:00,8,13,0,0,0,26.9083,83.75,0,0,1.17221e+08,2.38973e+08,1.54077e+06,0.0
08/13/2006 01:00,8,13,0,1,0,26.7,85,0,0,1.43188e+08,2.74107e+08,0,0.0
08/13/2006 02:00,8,13,0,2,0,26.0583,87.9167,0,0,1.14733e+08,2.46868e+08,0,0.0
08/13/2006 03:00,8,13,0,3,0,25.25,90,0,0,1.30186e+08,2.6567e+08,1.54064e+06,0.0
08/13/2006 04:00,8,13,0,4,0,25,90,0,0,1.01684e+08,2.2291e+08,1.09796e+07,0.0
08/13/2006 05:00,8,13,0,5,0,25,92.3333,0,0,1.20069e+08,2.55588e+08,7.55848e+06,0.0
08/13/2006 06:00,8,13,0,6,0,25.35,93.4167,0,0,1.11317e+08,2.37161e+08,8.56699e+06,0.0
08/13/2006 07:00,8,13,0,7,0,25.6,93,0,185521,1.53238e+08,2.73458e+08,7.68814e+06,185521.0
08/13/2006 08:00,8,13,0,8,0,26.4167,90.6667,0,0,1.29836e+08,2.45568e+08,7.52116e+06,0.0
08/13/2006 09:00,8,13,0,9,0,28.1083,83.75,0,0,1.67393e+08,2.95169e+08,9.09441e+06,0.0
08/13/2006 10:00,8,13,0,10,0,29.8917,75.3333,0,107080,1.47648e+08,2.78113e+08,7.96314e+06,107080.0
08/13/2006 11:00,8,13,0,11,0,31.5333,68.5,0,0,1.65791e+08,2.96572e+08,8.58679e+06,0.0
08/13/2006 12:00,8,13,0,12,0,32.55,64.8333,0,105803,1.51734e+08,2.8313e+08,8.73583e+06,105803.0
08/13/2006 13:00,8,13,0,13,0,32.8,64,0,110068,1.7555e+08,3.17119e+08,9.87206e+06,110068.0
08/13/2006 14:00,8,13,0,14,0,34.0833,57.5833,0,56096.1,1.68904e+08,3.14219e+08,9.09061e+06,56096.1
08/13/2006 15:00,8,13,0,15,0,34.65,51.8333,0,141078,1.94005e+08,3.51512e+08,8.17168e+06,141078.0
08/13/2006 16:00,8,13,0,16,0,35.1,48.0833,0,67853,1.65171e+08,3.08467e+08,7.56703e+06,67853.0
08/13/2006 17:00,8,13,0,17,0,34.6083,49.5,0,115595,1.87408e+08,3.41483e+08,7.53754e+06,115595.0
08/13/2006 18:00,8,13,0,18,0,33.55,54.3333,0,90269.1,1.51383e+08,2.77361e+08,7.43376e+06,90269.1
08/13/2006 19:00,8,13,0,19,0,32.6583,60.6667,0,0,1.67553e+08,2.95499e+08,3.64004e+06,0.0
08/13/2006 20:00,8,13,0,20,0,31.5583,67.5,0,0,1.40817e+08,2.98804e+08,0,0.0
08/13/2006 21:00,8,13,0,21,0,30.8083,70,0,0,1.65628e+08,3.24643e+08,1.54057e+06,0.0
08/13/2006 22:00,8,13,0,22,0,30.25,71.1667,0,0,1.41425e+08,2.96689e+08,0,0.0
08/13/2006 23:00,8,13,0,23,0,30,70.8333,0,0,1.6238e+08,3.17352e+08,0,0.0
08/14/2006 00:00,8,14,1,0,0,29.0083,64.75,0,0,1.20603e+08,2.59549e+08,1.54052e+06,0.0
08/14/2006 01:00,8,14,1,1,0,26.725,73.25,0,182949,1.40673e+08,3.38075e+08,1.29219e+07,182949.0
08/14/2006 02:00,8,14,1,2,0,24.9,87.25,0,0,1.12535e+08,2.67587e+08,3.44579e+06,0.0
08/14/2006 03:00,8,14,1,3,0,23.7583,92.75,0,0,1.26623e+08,2.79419e+08,5.63608e+06,0.0
08/14/2006 04:00,8,14,1,4,0,23.3,94,0,326801,1.14053e+08,2.88203e+08,9.93292e+06,326801.0
08/14/2006 05:00,8,14,1,5,0,23.3,94,0,96524.3,1.71213e+08,4.44691e+08,1.07501e+07,96524.3
08/14/2006 06:00,8,14,1,6,0,23.65,94,0,0,2.08428e+08,6.50374e+08,1.72974e+07,0.0
08/14/2006 07:00,8,14,1,7,0,23.9,94,0,0,2.60501e+08,7.74649e+08,1.87185e+07,0.0
08/14/2006 08:00,8,14,1,8,0,24.5417,91.6667,0,0,2.85827e+08,8.31762e+08,1.89756e+07,0.0
08/14/2006 09:00,8,14,1,9,0,25.9917,88.25,0,0,3.17812e+08,8.93235e+08,1.9245e+07,0.0
08/14/2006 10:00,8,14,1,10,0,27.3417,82.3333,0,0,3.39446e+08,9.30532e+08,2.00197e+07,0.0
08/14/2006 11:00,8,14,1,11,0,29.0833,73.75,0,0,3.47709e+08,9.45431e+08,2.07427e+07,0.0
08/14/2006 12:00,8,14,1,12,0,31.2833,63.5833,0,0,3.48028e+08,9.36083e+08,2.17124e+07,0.0
08/14/2006 13:00,8,14,1,13,0,32.8417,58.4167,0,0,3.1925e+08,8.777e+08,2.37345e+07,0.0
08/14/2006 14:00,8,14,1,14,0,33.65,56.8333,0,0,3.77099e+08,9.84444e+08,2.26358e+07,0.0
08/14/2006 15:00,8,14,1,15,0,33.9,56,0,0,3.90645e+08,1.04112e+09,1.72016e+07,0.0
08/14/2006 16:00,8,14,1,16,0,27.425,79.3333,0,0,3.16828e+08,8.98705e+08,1.75946e+07,0.0
08/14/2006 17:00,8,14,1,17,0,24.725,89.5833,0,0,2.86662e+08,8.57032e+08,1.84357e+07,0.0
08/14/2006 18:00,8,14,1,18,0,25.1083,86.75,0,0,2.83409e+08,8.67123e+08,1.91528e+07,0.0
08/14/2006 19:00,8,14,1,19,0,24.1083,89.1667,0,0,2.70635e+08,8.57634e+08,1.99176e+07,0.0
08/14/2006 20:00,8,14,1,20,0,23.55,88.25,0,0,2.35428e+08,7.6672e+08,1.88089e+07,0.0
08/14/2006 21:00,8,14,1,21,0,23.3,89.3333,0,0,1.7814e+08,5.17513e+08,1.38179e+07,0.0
08/14/2006 22:00,8,14,1,22,0,23.65,90.4167,0,0,1.50071e+08,4.01779e+08,1.30324e+07,0.0
08/14/2006 23:00,8,14,1,23,0,23.9,90,0,0,1.21355e+08,3.49433e+08,1.11138e+07,0.0
08/15/2006 00:00,8,15,2,0,0,23.9,92.3333,0,0,1.50341e+08,3.57573e+08,1.17785e+07,0.0
08/15/2006 01:00,8,15,2,1,0,24.1917,87,0,0,1.12321e+08,2.9244e+08,9.35595e+06,0.0
08/15/2006 02:00,8,15,2,2,0,24.1083,80.25,0,0,1.26336e+08,2.88091e+08,2.18099e+06,0.0
08/15/2006 03:00,8,15,2,3,0,23.55,82.5,0,0,1.03416e+08,2.54611e+08,7.05569e+06,0.0
08/15/2006 04:00,8,15,2,4,0,23.0083,84.4167,0,0,1.26975e+08,3.0352e+08,7.64084e+06,0.0
08/15/2006 05:00,8,15,2,5,0,22.8,85.75,0,239771,1.62369e+08,4.36864e+08,1.29191e+07,239771.0
08/15/2006 06:00,8,15,2,6,0,22.45,89.3333,0,0,1.99667e+08,6.50159e+08,1.68511e+07,0.0
08/15/2006 07:00,8,15,2,7,0,22.8417,87.5,0,0,2.39984e+08,7.59361e+08,1.79109e+07,0.0
08/15/2006 08:00,8,15,2,8,0,23.9417,79.75,0,0,2.54998e+08,7.95296e+08,1.85623e+07,0.0
08/15/2006 09:00,8,15,2,9,0,24.4,76,0,0,2.55368e+08,8.01301e+08,1.9288e+07,0.0
08/15/2006 10:00,8,15,2,10,0,24.75,73.0833,0,0,2.49749e+08,7.89996e+08,2.00605e+07,0.0
08/15/2006 11:00,8,15,2,11,0,25.9917,65.75,0,0,2.59229e+08,8.14374e+08,2.07807e+07,0.0
08/15/2006 12:00,8,15,2,12,0,26.9917,61.4167,0,0,2.6101e+08,8.20223e+08,2.18041e+07,0.0
08/15/2006 13:00,8,15,2,13,0,27.2,61,0,0,2.34808e+08,7.54666e+08,2.37535e+07,0.0
08/15/2006 14:00,8,15,2,14,0,27.55,60.4167,0,0,2.67063e+08,8.30087e+08,2.27558e+07,0.0
08/15/2006 15:00,8,15,2,15,0,27.8,58.8333,0,0,2.80297e+08,8.62911e+08,1.84443e+07,0.0
08/15/2006 16:00,8,15,2,16,0,28.4417,56.25,0,0,3.00906e+08,9.25698e+08,1.78731e+07,0.0
08/15/2006 17:00,8,15,2,17,0,28.2583,56.75,0,0,2.88022e+08,8.9568e+08,1.79345e+07,0.0
08/15/2006 18:00,8,15,2,18,0,27.45,59.75,0,0,2.72891e+08,8.58243e+08,1.86348e+07,0.0
08/15/2006 19:00,8,15,2,19,0,26.5583,63.3333,0,0,2.62919e+08,8.63434e+08,1.97477e+07,0.0
08/15/2006 20:00,8,15,2,20,0,25.8083,66.1667,0,0,2.27798e+08,7.65825e+08,1.80749e+07,0.0
08/15/2006 21:00,8,15,2,21,0,25.25,68.1667,0,0,1.71856e+08,5.13262e+08,1.56266e+07,0.0
08/15/2006 22:00,8,15,2,22,0,24.65,69,0,0,1.40379e+08,3.94134e+08,1.23195e+07,0.0
08/15/2006 23:00,8,15,2,23,0,24.1083,70.1667,0,0,1.11041e+08,3.40417e+08,1.12128e+07,0.0
08/16/2006 00:00,8,16,3,0,0,23.2583,73.9167,0,0,1.34425e+08,3.43386e+08,1.18745e+07,0.0
08/16/2006 01:00,8,16,3,1,0,22.8,74.25,0,161483,9.6845e+07,2.82498e+08,8.39617e+06,161483.0
08/16/2006 02:00,8,16,3,2,0,22.1583,74.75,0,0,1.08125e+08,2.67605e+08,3.76529e+06,0.0
08/16/2006 03:00,8,16,3,3,0,21.0583,78.9167,0,301142,7.38515e+07,2.18938e+08,6.33618e+06,301142.0
08/16/2006 04:00,8,16,3,4,0,20.6,81,0,250394,9.60264e+07,2.70098e+08,9.83391e+06,250394.0
08/16/2006 05:00,8,16,3,5,0,20.25,82.75,0,219762,1.2765e+08,3.90472e+08,1.08982e+07,219762.0
08/16/2006 06:00,8,16,3,6,0,20.35,82.25,0,0,1.59432e+08,5.87948e+08,1.73595e+07,0.0
08/16/2006 07:00,8,16,3,7,0,21.2417,78.0833,0,0,1.90965e+08,6.8855e+08,1.86751e+07,0.0
08/16/2006 08:00,8,16,3,8,0,22.9833,71.9167,0,0,2.33027e+08,7.78394e+08,1.85606e+07,0.0
08/16/2006 09:00,8,16,3,9,0,25.1833,63.75,0,0,2.59899e+08,8.46714e+08,1.92689e+07,0.0
08/16/2006 10:00,8,16,3,10,0,26.45,60,0,0,2.74254e+08,8.81666e+08,2.00446e+07,0.0
08/16/2006 11:00,8,16,3,11,0,27.6333,55.9167,0,0,2.84448e+08,9.02206e+08,2.07667e+07,0.0
08/16/2006 12:00,8,16,3,12,0,29.2917,50.0833,0,0,2.79954e+08,8.85291e+08,2.1742e+07,0.0
08/16/2006 13:00,8,16,3,13,0,30,48,0,0,2.54705e+08,8.14561e+08,2.37622e+07,0.0
08/16/2006 14:00,8,16,3,14,0,30.35,46.8333,0,0,2.9791e+08,9.21119e+08,2.26038e+07,0.0
08/16/2006 15:00,8,16,3,15,0,31.2417,43.6667,0,0,3.15638e+08,9.78756e+08,1.74276e+07,0.0
08/16/2006 16:00,8,16,3,16,0,31.9917,41.4167,0,0,3.26755e+08,9.8399e+08,1.78579e+07,0.0
08/16/2006 17:00,8,16,3,17,0,32.2,40.4167,0,0,3.10451e+08,9.59679e+08,1.84553e+07,0.0
08/16/2006 18:00,8,16,3,18,0,31.5583,41.1667,0,0,2.90486e+08,9.2053e+08,1.91722e+07,0.0
08/16/2006 19:00,8,16,3,19,0,29.8167,54.25,0,0,2.90519e+08,9.23792e+08,1.99388e+07,0.0
08/16/2006 20:00,8,16,3,20,0,27.9083,65.3333,0,0,2.57068e+08,8.09783e+08,1.83866e+07,0.0
08/16/2006 21:00,8,16,3,21,0,26.9083,67,0,0,1.86687e+08,5.32858e+08,1.41948e+07,0.0
08/16/2006 22:00,8,16,3,22,0,26.35,68.1667,0,0,1.48405e+08,4.07741e+08,1.30326e+07,0.0
08/16/2006 23:00,8,16,3,23,0,25.8083,70.1667,0,0,1.19465e+08,3.57536e+08,1.06052e+07,0.0
08/17/2006 00:00,8,17,4,0,0,25.25,75.6667,0,0,1.46448e+08,3.5664e+08,1.22868e+07,0.0
08/17/2006 01:00,8,17,4,1,0,24.65,80.75,0,0,1.15675e+08,2.99618e+08,8.71246e+06,0.0
08/17/2006 02:00,8,17,4,2,0,24.4,82,0,0,1.32147e+08,2.8804e+08,2.81051e+06,0.0
08/17/2006 03:00,8,17,4,3,0,24.1083,83.1667,0,273568,1.13485e+08,2.73839e+08,6.40077e+06,273568.0
08/17/2006 04:00,8,17,4,4,0,23.9,86.3333,0,171355,1.30669e+08,2.99206e+08,9.76621e+06,171355.0
08/17/2006 05:00,8,17,4,5,0,23.55,91.5,0,291722,1.70828e+08,4.44365e+08,1.16351e+07,291722.0
08/17/2006 06:00,8,17,4,6,0,23.3,94,0,0,2.17538e+08,6.71428e+08,1.6443e+07,0.0
08/17/2006 07:00,8,17,4,7,0,23.9417,90.5,0,0,2.61771e+08,7.87486e+08,1.87159e+07,0.0
08/17/2006 08:00,8,17,4,8,0,25.3917,81.5833,0,0,2.81304e+08,8.33015e+08,1.90988e+07,0.0
08/17/2006 09:00,8,17,4,9,0,27.3833,70,0,0,3.05706e+08,8.97747e+08,1.95809e+07,0.0
08/17/2006 10:00,8,17,4,10,0,29.2917,63.8333,0,0,3.32378e+08,9.48758e+08,2.01561e+07,0.0
08/17/2006 11:00,8,17,4,11,0,30.9917,59.5,0,0,3.48094e+08,9.68289e+08,2.07645e+07,0.0
08/17/2006 12:00,8,17,4,12,0,32.3417,50,0,0,3.27429e+08,9.22643e+08,2.18281e+07,0.0
08/17/2006 13:00,8,17,4,13,0,33.4417,42.0833,0,0,2.82553e+08,8.45096e+08,2.40088e+07,0.0
08/17/2006 14:00,8,17,4,14,0,34.5417,34.75,0,0,3.19203e+08,9.31284e+08,2.27217e+07,0.0
08/17/2006 15:00,8,17,4,15,0,35.35,32.75,0,0,3.37801e+08,9.80572e+08,1.73456e+07,0.0
08/17/2006 16:00,8,17,4,16,0,35.6,34,0,0,3.4623e+08,9.84948e+08,1.65991e+07,0.0
08/17/2006 17:00,8,17,4,17,0,35.25,37.5,0,0,3.44231e+08,9.83623e+08,1.84273e+07,0.0
08/17/2006 18:00,8,17,4,18,0,34.0083,47,0,0,3.47235e+08,9.9402e+08,1.91501e+07,0.0
08/17/2006 19:00,8,17,4,19,0,32.3667,56.0833,0,0,3.3836e+08,9.85395e+08,1.99182e+07,0.0
08/17/2006 20:00,8,17,4,20,0,30.7083,61.3333,0,0,2.87272e+08,8.49396e+08,1.89352e+07,0.0
08/17/2006 21:00,8,17,4,21,0,29.65,64.1667,0,0,2.1113e+08,5.63942e+08,1.38313e+07,0.0
08/17/2006 22:00,8,17,4,22,0,29.4,61.5,0,0,1.5829e+08,4.20933e+08,1.30425e+07,0.0
08/17/2006 23:00,8,17,4,23,0,28.4667,66.5833,0,0,1.2842e+08,3.6977e+08,1.24779e+07,0.0
08/18/2006 00:00,8,18,5,0,0,27.1583,74.3333,0,0,1.55459e+08,3.70234e+08,1.04407e+07,0.0
08/18/2006 01:00,8,18,5,1,0,26.7,73.0833,0,135138,1.14475e+08,3.0645e+08,9.81394e+06,135138.0
08/18/2006 02:00,8,18,5,2,0,26.35,72.75,0,0,1.29884e+08,2.87792e+08,2.63559e+06,0.0
08/18/2006 03:00,8,18,5,3,0,25.8083,74,0,219118,1.02472e+08,2.52542e+08,6.89641e+06,219118.0
08/18/2006 04:00,8,18,5,4,0,25.25,72.25,0,102209,1.27214e+08,3.10395e+08,7.73136e+06,102209.0
08/18/2006 05:00,8,18,5,5,0,24.65,73.9167,0,0,1.69915e+08,4.4564e+08,1.26972e+07,0.0
08/18/2006 06:00,8,18,5,6,0,25.1,69,0,0,1.98898e+08,6.57787e+08,1.67984e+07,0.0
08/18/2006 07:00,8,18,5,7,0,26.5333,59.3333,0,0,2.40034e+08,7.76828e+08,1.79422e+07,0.0
08/18/2006 08:00,8,18,5,8,0,28.4833,51.3333,0,0,2.64907e+08,8.39316e+08,1.85931e+07,0.0
08/18/2006 09:00,8,18,5,9,0,30.1,46.8333,0,0,2.91561e+08,9.06355e+08,1.93182e+07,0.0
08/18/2006 10:00,8,18,5,10,0,31.2417,43.6667,0,0,3.06854e+08,9.19869e+08,2.00901e+07,0.0
08/18/2006 11:00,8,18,5,11,0,31.7,40.25,0,0,2.9999e+08,9.18755e+08,2.08098e+07,0.0
08/18/2006 12:00,8,18,5,12,0,32.3417,37.8333,0,0,2.92885e+08,9.02567e+08,2.18338e+07,0.0
08/18/2006 13:00,8,18,5,13,0,33.4417,34.0833,0,0,2.63911e+08,8.37751e+08,2.37793e+07,0.0
08/18/2006 14:00,8,18,5,14,0,33.9,31.4167,0,0,3.02307e+08,9.18703e+08,2.28333e+07,0.0
08/18/2006 15:00,8,18,5,15,0,33.55,32.1667,0,0,3.14363e+08,9.6901e+08,1.84557e+07,0.0
08/18/2006 16:00,8,18,5,16,0,33.65,32.4167,0,0,3.18576e+08,9.75916e+08,1.78879e+07,0.0
08/18/2006 17:00,8,18,5,17,0,33.2583,33.1667,0,0,3.05073e+08,9.56863e+08,1.79378e+07,0.0
08/18/2006 18:00,8,18,5,18,0,32.1583,36.3333,0,0,2.89248e+08,9.38746e+08,1.8665e+07,0.0
08/18/2006 19:00,8,18,5,19,0,30.7083,39.1667,0,0,2.68839e+08,9.20211e+08,1.97769e+07,0.0
08/18/2006 20:00,8,18,5,20,0,29.0083,44.6667,0,0,2.31341e+08,7.98506e+08,1.81078e+07,0.0
08/18/2006 21:00,8,18,5,21,0,27.6583,47.4167,0,0,1.71122e+08,5.26397e+08,1.56152e+07,0.0
08/18/2006 22:00,8,18,5,22,0,26.5583,47.5833,0,0,1.32654e+08,3.97856e+08,1.23946e+07,0.0
08/18/2006 23:00,8,18,5,23,0,25.4583,49.1667,0,0,1.03604e+08,3.4616e+08,1.1145e+07,0.0
08/19/2006 00:00,8,19,6,0,0,24.65,52.3333,0,0,1.23557e+08,3.39467e+08,1.20156e+07,0.0
08/19/2006 01:00,8,19,6,1,0,24.4,54,0,0,8.79426e+07,2.17281e+08,276722,0.0
08/19/2006 02:00,8,19,6,2,0,23.7583,55.75,0,184217,9.8923e+07,2.34637e+08,184217,184217.0
08/19/2006 03:00,8,19,6,3,0,23.0083,59.3333,0,212109,7.95142e+07,2.20189e+08,1.75257e+06,212109.0
08/19/2006 04:00,8,19,6,4,0,23.0917,60.4167,0,215015,8.63182e+07,2.16909e+08,215015,215015.0
08/19/2006 05:00,8,19,6,5,0,23.0083,60.5833,0,0,2.70901e+06,1.01991e+08,8.49599e+06,0.0
08/19/2006 06:00,8,19,6,6,0,22.45,63.9167,0,48069.9,8.77727e+07,2.44704e+08,9.74797e+06,48069.9
08/19/2006 07:00,8,19,6,7,0,22.55,64.8333,0,0,1.33932e+08,3.17114e+08,1.0077e+07,0.0
08/19/2006 08:00,8,19,6,8,0,23.7333,61.6667,0,0,1.55125e+08,3.85502e+08,1.15491e+07,0.0
08/19/2006 09:00,8,19,6,9,0,25.3917,56.5,0,0,1.67949e+08,4.34166e+08,1.29904e+07,0.0
08/19/2006 10:00,8,19,6,10,0,26.1,54,0,0,1.73527e+08,4.38508e+08,1.2754e+07,0.0
08/19/2006 11:00,8,19,6,11,0,27.0917,49.9167,0,0,1.71794e+08,4.21635e+08,1.43282e+07,0.0
08/19/2006 12:00,8,19,6,12,0,28.4417,44.6667,0,43319.3,1.6701e+08,3.89983e+08,1.29765e+07,43319.3
08/19/2006 13:00,8,19,6,13,0,29.5417,41.25,0,100006,1.41147e+08,3.24425e+08,1.19712e+07,100006.0
08/19/2006 14:00,8,19,6,14,0,30.9917,36.5,0,160180,1.20355e+08,2.82331e+08,1.26715e+07,160180.0
08/19/2006 15:00,8,19,6,15,0,31.35,34.5833,0,82263.7,1.49581e+08,3.44755e+08,1.03399e+07,82263.7
08/19/2006 16:00,8,19,6,16,0,30.8083,41.4167,0,167329,1.28056e+08,2.92257e+08,1.1938e+07,167329.0
08/19/2006 17:00,8,19,6,17,0,30.25,48.9167,0,65867.5,1.51295e+08,3.05199e+08,8.28204e+06,65867.5
08/19/2006 18:00,8,19,6,18,0,29.0083,49.8333,0,0,1.12903e+08,2.36523e+08,9.49166e+06,0.0
08/19/2006 19:00,8,19,6,19,0,28.0083,47.25,0,0,1.28259e+08,2.57506e+08,5.53354e+06,0.0
08/19/2006 20:00,8,19,6,20,0,27.1583,49.5,0,200485,9.3461e+07,2.35021e+08,1.74123e+06,200485.0
08/19/2006 21:00,8,19,6,21,0,26.35,55.5,0,0,1.12393e+08,2.60694e+08,0,0.0
08/19/2006 22:00,8,19,6,22,0,25.8083,67.3333,0,0,9.4085e+07,2.29276e+08,0,0.0
08/19/2006 23:00,8,19,6,23,0,25.25,76.3333,0,0,1.21675e+08,2.67183e+08,1.54052e+06,0.0
08/20/2006 00:00,8,20,0,0,0,24.3583,78.5833,0,0,9.79955e+07,2.24588e+08,0,0.0
08/20/2006 01:00,8,20,0,1,0,22.2667,85.4167,0,0,1.08407e+08,2.43863e+08,0,0.0
08/20/2006 02:00,8,20,0,2,0,21.1,94.0833,0,0,7.40363e+07,1.90068e+08,1.54078e+06,0.0
08/20/2006 03:00,8,20,0,3,0,20.8083,96.4167,0,0,7.67629e+07,2.04294e+08,0,0.0
08/20/2006 04:00,8,20,0,4,0,20.6,94.25,0,0,6.85468e+07,1.90987e+08,1.26692e+07,0.0
08/20/2006 05:00,8,20,0,5,0,20.6,91.25,0,0,4.65717e+07,1.64647e+08,7.37556e+06,0.0
08/20/2006 06:00,8,20,0,6,0,20.8917,88.25,0,0,6.29613e+07,1.77077e+08,7.43912e+06,0.0
08/20/2006 07:00,8,20,0,7,0,21.1,90.5,0,0,2.15782e+07,9.78154e+07,7.49894e+06,0.0
08/20/2006 08:00,8,20,0,8,0,21.1,93,0,237543,9.09805e+07,2.00512e+08,7.76777e+06,237543.0
08/20/2006 09:00,8,20,0,9,0,21.7417,89.5,0,0,1.16292e+08,2.27241e+08,9.41009e+06,0.0
08/20/2006 10:00,8,20,0,10,0,23.1917,82.3333,0,254705,1.0284e+08,2.06726e+08,7.82352e+06,254705.0
08/20/2006 11:00,8,20,0,11,0,24.8917,73.1667,0,0,1.37071e+08,2.57405e+08,9.53977e+06,0.0
08/20/2006 12:00,8,20,0,12,0,26.2417,69,0,102473,1.1449e+08,2.26552e+08,7.78752e+06,102473.0
08/20/2006 13:00,8,20,0,13,0,27.6333,65.5,0,112415,1.46631e+08,2.71533e+08,9.88548e+06,112415.0
08/20/2006 14:00,8,20,0,14,0,28.3,63,0,49423.7,1.21602e+08,2.37836e+08,9.60895e+06,49423.7
08/20/2006 15:00,8,20,0,15,0,28.9417,59.5,0,112238,1.47828e+08,2.75991e+08,7.63785e+06,112238.0
08/20/2006 16:00,8,20,0,16,0,28.7583,59.3333,0,0,1.21076e+08,2.39933e+08,7.51122e+06,0.0
08/20/2006 17:00,8,20,0,17,0,28.3,61,0,110547,1.45757e+08,2.73302e+08,8.56444e+06,110547.0
08/20/2006 18:00,8,20,0,18,0,28.3,61,0,0,1.11434e+08,2.13366e+08,6.97076e+06,0.0
08/20/2006 19:00,8,20,0,19,0,27.6583,61.5833,0,0,1.31272e+08,2.4718e+08,3.0135e+06,0.0
08/20/2006 20:00,8,20,0,20,0,26.9083,64.9167,0,0,9.87469e+07,2.34124e+08,0,0.0
08/20/2006 21:00,8,20,0,21,0,25.3583,75.75,0,0,1.21495e+08,2.66863e+08,1.54058e+06,0.0
08/20/2006 22:00,8,20,0,22,0,23.4667,84.9167,0,0,9.76235e+07,2.37491e+08,0,0.0
08/20/2006 23:00,8,20,0,23,0,22.1583,88.75,0,0,1.13505e+08,2.62917e+08,0,0.0
08/21/2006 00:00,8,21,1,0,0,21.35,90,0,0,5.3258e+07,1.57458e+08,1.54078e+06,0.0
08/21/2006 01:00,8,21,1,1,0,21.1,90,0,0,7.57413e+07,2.48182e+08,1.25868e+07,0.0
08/21/2006 02:00,8,21,1,2,0,20.8083,90,0,0,7.66387e+07,2.20062e+08,3.76125e+06,0.0
08/21/2006 03:00,8,21,1,3,0,20.25,90,0,0,2.43552e+07,1.42711e+08,6.1513e+06,0.0
08/21/2006 04:00,8,21,1,4,0,20,88.25,0,0,6.92812e+07,2.35583e+08,8.54662e+06,0.0
08/21/2006 05:00,8,21,1,5,0,20,88.75,0,426117,1.39133e+08,4.13308e+08,1.21792e+07,426117.0
08/21/2006 06:00,8,21,1,6,0,19.65,90,0,289289,1.6012e+08,5.92331e+08,1.77316e+07,289289.0
08/21/2006 07:00,8,21,1,7,0,19.75,86.5,0,0,1.63327e+08,6.39513e+08,1.80556e+07,0.0
08/21/2006 08:00,8,21,1,8,0,20,83.4167,0,0,1.64139e+08,6.35354e+08,1.86255e+07,0.0
08/21/2006 09:00,8,21,1,9,0,20,83.5833,0,0,1.68611e+08,6.41409e+08,1.93411e+07,0.0
08/21/2006 10:00,8,21,1,10,0,20.35,82.25,0,0,1.79385e+08,6.6291e+08,2.01139e+07,0.0
08/21/2006 11:00,8,21,1,11,0,21.5333,76.3333,0,0,2.02159e+08,7.08699e+08,2.08344e+07,0.0
08/21/2006 12:00,8,21,1,12,0,23.25,70.6667,0,0,2.249e+08,7.55993e+08,2.18268e+07,0.0
08/21/2006 13:00,8,21,1,13,0,24.5833,66.0833,0,0,2.1319e+08,7.22736e+08,2.3824e+07,0.0
08/21/2006 14:00,8,21,1,14,0,25,62.8333,0,0,2.47329e+08,8.1755e+08,2.25747e+07,0.0
08/21/2006 15:00,8,21,1,15,0,25.6417,58.5,0,0,2.57298e+08,8.48512e+08,1.80975e+07,0.0
08/21/2006 16:00,8,21,1,16,0,26.45,54.8333,0,0,2.57755e+08,8.49206e+08,1.78933e+07,0.0
08/21/2006 17:00,8,21,1,17,0,26.35,57.5,0,0,2.5603e+08,8.37078e+08,1.84994e+07,0.0
08/21/2006 18:00,8,21,1,18,0,25.4583,62.3333,0,0,2.47789e+08,8.18386e+08,1.89778e+07,0.0
08/21/2006 19:00,8,21,1,19,0,24.0083,69.8333,0,0,2.3649e+08,8.25642e+08,1.97941e+07,0.0
08/21/2006 20:00,8,21,1,20,0,21.725,83.3333,0,0,2.04329e+08,7.27377e+08,1.83015e+07,0.0
08/21/2006 21:00,8,21,1,21,0,20.6,88.25,0,0,1.53746e+08,4.88394e+08,1.47067e+07,0.0
08/21/2006 22:00,8,21,1,22,0,20.8917,83.5,0,0,1.32477e+08,3.84547e+08,1.30412e+07,0.0
08/21/2006 23:00,8,21,1,23,0,20.8083,81,0,0,1.01796e+08,3.2897e+08,1.05137e+07,0.0
08/22/2006 00:00,8,22,2,0,0,20.6,79.25,0,0,1.14228e+08,3.20531e+08,1.23927e+07,0.0
08/22/2006 01:00,8,22,2,1,0,19.9,81.5,0,155999,6.94704e+07,2.53757e+08,8.32428e+06,155999.0
08/22/2006 02:00,8,22,2,2,0,19.4,89.25,0,0,8.30391e+07,2.3924e+08,3.35238e+06,0.0
08/22/2006 03:00,8,22,2,3,0,19.1083,93,0,0,7.38002e+07,2.18825e+08,5.97899e+06,0.0
08/22/2006 04:00,8,22,2,4,0,18.9,93,0,0,9.91933e+07,2.7487e+08,9.60814e+06,0.0
08/22/2006 05:00,8,22,2,5,0,18.55,93,0,192898,1.10847e+08,3.67846e+08,1.17452e+07,192898.0
08/22/2006 06:00,8,22,2,6,0,18.9417,89.5,0,0,1.47322e+08,5.78786e+08,1.62436e+07,0.0
08/22/2006 07:00,8,22,2,7,0,19.75,87,0,0,1.78758e+08,6.6825e+08,1.87429e+07,0.0
08/22/2006 08:00,8,22,2,8,0,20.35,85.25,0,0,2.06481e+08,7.22521e+08,1.91381e+07,0.0
08/22/2006 09:00,8,22,2,9,0,20.6,82.25,0,0,2.15508e+08,7.53426e+08,1.96225e+07,0.0
08/22/2006 10:00,8,22,2,10,0,21.2417,78.0833,0,0,2.29555e+08,7.89606e+08,2.02027e+07,0.0
08/22/2006 11:00,8,22,2,11,0,21.7,76,0,0,2.40534e+08,8.25422e+08,2.08167e+07,0.0
08/22/2006 12:00,8,22,2,12,0,22.6333,71.9167,0,0,2.37207e+08,8.11751e+08,2.18727e+07,0.0
08/22/2006 13:00,8,22,2,13,0,23.9417,64.9167,0,0,2.14385e+08,7.45916e+08,2.43717e+07,0.0
08/22/2006 14:00,8,22,2,14,0,25.7417,55.5833,0,0,2.44175e+08,8.24187e+08,2.27942e+07,0.0
08/22/2006 15:00,8,22,2,15,0,26.9917,46.9167,0,0,2.66772e+08,8.94218e+08,1.74454e+07,0.0
08/22/2006 16:00,8,22,2,16,0,27.55,42.8333,0,0,2.68472e+08,9.13197e+08,1.63715e+07,0.0
08/22/2006 17:00,8,22,2,17,0,27.8,42,0,0,2.58382e+08,8.8587e+08,1.84318e+07,0.0
08/22/2006 18:00,8,22,2,18,0,27.45,43.1667,0,0,2.43135e+08,8.49462e+08,1.91852e+07,0.0
08/22/2006 19:00,8,22,2,19,0,26.2667,52.1667,0,0,2.36199e+08,8.47879e+08,1.99597e+07,0.0
08/22/2006 20:00,8,22,2,20,0,24.9,60.3333,0,0,2.09153e+08,7.47695e+08,1.90166e+07,0.0
08/22/2006 21:00,8,22,2,21,0,23.7583,66.0833,0,0,1.59634e+08,5.01085e+08,1.38524e+07,0.0
08/22/2006 22:00,8,22,2,22,0,22.6583,71.3333,0,0,1.3276e+08,3.86935e+08,1.30605e+07,0.0
08/22/2006 23:00,8,22,2,23,0,21.9083,74.75,0,0,1.04207e+08,3.33522e+08,1.26217e+07,0.0
08/23/2006 00:00,8,23,3,0,0,21.35,78.9167,0,0,1.27942e+08,3.36949e+08,1.03324e+07,0.0
08/23/2006 01:00,8,23,3,1,0,20.8083,82.75,0,160034,9.43373e+07,2.85406e+08,9.84658e+06,160034.0
08/23/2006 02:00,8,23,3,2,0,19.9,87.5,0,197361,8.75107e+07,2.37869e+08,3.6403e+06,197361.0
08/23/2006 03:00,8,23,3,3,0,19.4,91.75,0,479904,8.27648e+07,2.36267e+08,6.27772e+06,479904.0
08/23/2006 04:00,8,23,3,4,0,19.4,93,0,0,9.42297e+07,2.6634e+08,8.64962e+06,0.0
08/23/2006 05:00,8,23,3,5,0,19.75,91.25,0,291728,1.36726e+08,4.11409e+08,1.19439e+07,291728.0
08/23/2006 06:00,8,23,3,6,0,20,90,0,162355,1.70802e+08,6.16398e+08,1.7612e+07,162355.0
08/23/2006 07:00,8,23,3,7,0,20.9917,88.25,0,0,2.08881e+08,7.10401e+08,1.81975e+07,0.0
08/23/2006 08:00,8,23,3,8,0,22.3417,85.25,0,0,2.36739e+08,7.66522e+08,1.86557e+07,0.0
08/23/2006 09:00,8,23,3,9,0,23.7333,78.1667,0,0,2.61798e+08,8.29995e+08,1.937e+07,0.0
08/23/2006 10:00,8,23,3,10,0,25.7417,64.6667,0,0,2.71879e+08,8.67631e+08,2.0142e+07,0.0
08/23/2006 11:00,8,23,3,11,0,27.3417,56.25,0,0,2.74685e+08,8.77425e+08,2.08619e+07,0.0
08/23/2006 12:00,8,23,3,12,0,28.4417,51.5,0,0,2.6448e+08,8.46515e+08,2.18486e+07,0.0
08/23/2006 13:00,8,23,3,13,0,28.9,50.1667,0,0,2.37651e+08,7.73335e+08,2.38497e+07,0.0
08/23/2006 14:00,8,23,3,14,0,29.1917,48.0833,0,0,2.82667e+08,8.98357e+08,2.26208e+07,0.0
08/23/2006 15:00,8,23,3,15,0,29.75,46,0,0,2.96139e+08,9.37581e+08,1.79917e+07,0.0
08/23/2006 16:00,8,23,3,16,0,29.65,47.1667,0,0,2.93324e+08,9.27921e+08,1.79062e+07,0.0
08/23/2006 17:00,8,23,3,17,0,28.7583,52.0833,0,0,2.87038e+08,9.06136e+08,1.85137e+07,0.0
08/23/2006 18:00,8,23,3,18,0,27.6583,58.5,0,0,2.68942e+08,8.74478e+08,1.91713e+07,0.0
08/23/2006 19:00,8,23,3,19,0,26.2667,65.6667,0,0,2.61266e+08,8.74864e+08,1.9821e+07,0.0
08/23/2006 20:00,8,23,3,20,0,25.25,66.0833,0,0,2.23952e+08,7.63333e+08,1.8356e+07,0.0
08/23/2006 21:00,8,23,3,21,0,25,64,0,0,1.66132e+08,5.08874e+08,1.45213e+07,0.0
08/23/2006 22:00,8,23,3,22,0,24.65,68.0833,0,0,1.3975e+08,3.94225e+08,1.30484e+07,0.0
08/23/2006 23:00,8,23,3,23,0,24.1083,73.9167,0,0,1.13695e+08,3.43821e+08,1.05143e+07,0.0
08/24/2006 00:00,8,24,4,0,0,22.9083,82.4167,0,0,1.39212e+08,3.48304e+08,1.24014e+07,0.0
08/24/2006 01:00,8,24,4,1,0,21.5583,90.5,0,164222,1.0344e+08,2.88606e+08,8.77155e+06,164222.0
08/24/2006 02:00,8,24,4,2,0,21.1,93,0,0,1.13899e+08,2.69423e+08,2.91886e+06,0.0
08/24/2006 03:00,8,24,4,3,0,20.8083,94.75,0,267103,9.50505e+07,2.44068e+08,6.54322e+06,267103.0
08/24/2006 04:00,8,24,4,4,0,21.2417,92.5,0,0,1.04564e+08,2.75887e+08,9.58264e+06,0.0
08/24/2006 05:00,8,24,4,5,0,21.7,91.75,0,204526,1.60474e+08,4.35102e+08,1.10699e+07,204526.0
08/24/2006 06:00,8,24,4,6,0,21.7,93,0,0,1.93923e+08,6.50256e+08,1.70769e+07,0.0
08/24/2006 07:00,8,24,4,7,0,21.7,93,0,0,2.28349e+08,7.40584e+08,1.87838e+07,0.0
08/24/2006 08:00,8,24,4,8,0,21.7,93,0,0,2.30467e+08,7.43716e+08,1.91652e+07,0.0
08/24/2006 09:00,8,24,4,9,0,21.9917,91.8333,0,0,2.37307e+08,7.5552e+08,1.96556e+07,0.0
08/24/2006 10:00,8,24,4,10,0,22.8417,87.5,0,0,2.50526e+08,7.85098e+08,2.02386e+07,0.0
08/24/2006 11:00,8,24,4,11,0,23.9417,83.25,0,0,2.65864e+08,8.18456e+08,2.08563e+07,0.0
08/24/2006 12:00,8,24,4,12,0,25.7417,68,0,0,2.65778e+08,8.34188e+08,2.18719e+07,0.0
08/24/2006 13:00,8,24,4,13,0,27.9833,56.25,0,0,2.42946e+08,7.80278e+08,2.3819e+07,0.0
08/24/2006 14:00,8,24,4,14,0,29.5417,50.9167,0,0,2.89788e+08,8.96431e+08,2.27901e+07,0.0
08/24/2006 15:00,8,24,4,15,0,29.65,46.25,0,0,2.9166e+08,9.21291e+08,1.7391e+07,0.0
08/24/2006 16:00,8,24,4,16,0,29.4,42.0833,0,0,2.71936e+08,8.9084e+08,1.70439e+07,0.0
08/24/2006 17:00,8,24,4,17,0,28.7583,43.5,0,0,2.66053e+08,8.82915e+08,1.84891e+07,0.0
08/24/2006 18:00,8,24,4,18,0,27.3667,50.6667,0,0,2.54015e+08,8.49583e+08,1.92191e+07,0.0
08/24/2006 19:00,8,24,4,19,0,26.0583,57.5,0,0,2.42065e+08,8.54869e+08,1.99972e+07,0.0
08/24/2006 20:00,8,24,4,20,0,24.9,62.3333,0,0,2.12467e+08,7.49921e+08,1.89731e+07,0.0
08/24/2006 21:00,8,24,4,21,0,24.1083,65.1667,0,0,1.61058e+08,5.02351e+08,1.38545e+07,0.0
08/24/2006 22:00,8,24,4,22,0,23.55,68.9167,0,0,1.35175e+08,3.89089e+08,1.30613e+07,0.0
08/24/2006 23:00,8,24,4,23,0,23.0083,73.9167,0,0,1.08948e+08,3.38251e+08,1.2458e+07,0.0
08/25/2006 00:00,8,25,5,0,0,22.45,79.5,0,0,1.3434e+08,3.43118e+08,1.04843e+07,0.0
08/25/2006 01:00,8,25,5,1,0,21.9083,83.1667,0,162298,9.84083e+07,2.84311e+08,9.84737e+06,162298.0
08/25/2006 02:00,8,25,5,2,0,21.9917,84,0,0,1.13597e+08,2.72982e+08,3.42643e+06,0.0
08/25/2006 03:00,8,25,5,3,0,21.9083,85.75,0,0,8.04109e+07,2.24442e+08,5.90773e+06,0.0
08/25/2006 04:00,8,25,5,4,0,21.9917,89.3333,0,0,1.12865e+08,2.90776e+08,7.63009e+06,0.0
08/25/2006 05:00,8,25,5,5,0,22.2,91,0,363248,1.62754e+08,4.37235e+08,1.30717e+07,363248.0
08/25/2006 06:00,8,25,5,6,0,22.55,90.4167,0,0,1.98595e+08,6.56352e+08,1.70179e+07,0.0
08/25/2006 07:00,8,25,5,7,0,23.0917,88.25,0,0,2.35605e+08,7.47542e+08,1.80449e+07,0.0
08/25/2006 08:00,8,25,5,8,0,23.9417,85.8333,0,0,2.47035e+08,7.62141e+08,1.86965e+07,0.0
08/25/2006 09:00,8,25,5,9,0,24.75,83.25,0,0,2.61212e+08,7.8495e+08,1.94169e+07,0.0
08/25/2006 10:00,8,25,5,10,0,25,83.1667,0,0,2.67996e+08,7.99779e+08,2.01882e+07,0.0
08/25/2006 11:00,8,25,5,11,0,25,84,0,0,2.68702e+08,8.00357e+08,2.09062e+07,0.0
08/25/2006 12:00,8,25,5,12,0,24.4167,86.9167,0,0,2.60972e+08,7.85568e+08,2.19117e+07,0.0
08/25/2006 13:00,8,25,5,13,0,23.5917,91.9167,0,0,2.27858e+08,7.13195e+08,2.38766e+07,0.0
08/25/2006 14:00,8,25,5,14,0,22.6583,95.75,0,0,2.44964e+08,7.5691e+08,2.27113e+07,0.0
08/25/2006 15:00,8,25,5,15,0,22.2,94.6667,0,0,2.43805e+08,7.63376e+08,1.85372e+07,0.0
08/25/2006 16:00,8,25,5,16,0,22.2,93,0,0,2.39735e+08,7.68098e+08,1.79326e+07,0.0
08/25/2006 17:00,8,25,5,17,0,22.6667,93.5833,0,0,2.46065e+08,7.77058e+08,1.83678e+07,0.0
08/25/2006 18:00,8,25,5,18,0,22.8833,94,0,0,2.5155e+08,7.96204e+08,1.87612e+07,0.0
08/25/2006 19:00,8,25,5,19,0,22.8,94,0,0,2.51291e+08,8.26264e+08,1.98688e+07,0.0
08/25/2006 20:00,8,25,5,20,0,22.8,94,0,0,2.26364e+08,7.41833e+08,1.82978e+07,0.0
08/25/2006 21:00,8,25,5,21,0,22.8,95.1667,0,0,1.72166e+08,5.02562e+08,1.51468e+07,0.0
08/25/2006 22:00,8,25,5,22,0,22.45,98.3333,0,253348,1.54839e+08,4.09388e+08,1.3307e+07,253348.0
08/25/2006 23:00,8,25,5,23,0,22.55,97.6667,0,230155,1.16243e+08,3.43549e+08,1.0751e+07,230155.0
08/26/2006 00:00,8,26,6,0,0,22.9167,94.8333,0,201388,1.43171e+08,3.57357e+08,1.26015e+07,201388.0
08/26/2006 01:00,8,26,6,1,0,22.8833,95.1667,0,275894,9.41238e+07,2.21871e+08,275894,275894.0
08/26/2006 02:00,8,26,6,2,0,22.8,96,0,222269,1.0252e+08,2.36682e+08,222269,222269.0
08/26/2006 03:00,8,26,6,3,0,22.45,98.3333,0,0,8.83805e+07,2.12719e+08,1.54077e+06,0.0
08/26/2006 04:00,8,26,6,4,0,22.2,100,0,0,1.05798e+08,2.3288e+08,0,0.0
08/26/2006 05:00,8,26,6,5,0,22.55,97.6667,0,0,5.45246e+06,1.03308e+08,8.53974e+06,0.0
08/26/2006 06:00,8,26,6,6,0,22.8,96,0,334173,1.12409e+08,2.64388e+08,1.00293e+07,334173.0
08/26/2006 07:00,8,26,6,7,0,23.0917,94.8333,0,0,1.72241e+08,3.64517e+08,1.00803e+07,0.0
08/26/2006 08:00,8,26,6,8,0,23.7083,91.0833,0,0,1.78486e+08,4.0582e+08,1.21669e+07,0.0
08/26/2006 09:00,8,26,6,9,0,24.5833,84.9167,0,0,1.82161e+08,4.27865e+08,1.31322e+07,0.0
08/26/2006 10:00,8,26,6,10,0,25.6417,79.0833,0,0,1.8407e+08,4.2115e+08,1.288e+07,0.0
08/26/2006 11:00,8,26,6,11,0,26.625,75.25,0,0,1.89982e+08,4.17938e+08,1.43411e+07,0.0
08/26/2006 12:00,8,26,6,12,0,27.7583,71.6667,0,0,1.87681e+08,3.94672e+08,1.31407e+07,0.0
08/26/2006 13:00,8,26,6,13,0,28.9417,64.75,0,75173.3,1.59171e+08,3.27974e+08,1.19341e+07,75173.3
08/26/2006 14:00,8,26,6,14,0,29.75,62.1667,0,129008,1.34473e+08,2.91008e+08,1.1685e+07,129008.0
08/26/2006 15:00,8,26,6,15,0,29.65,64.1667,0,88707.5,1.66145e+08,3.41295e+08,1.07678e+07,88707.5
08/26/2006 16:00,8,26,6,16,0,29.1083,66.1667,0,168458,1.37209e+08,2.90755e+08,1.20023e+07,168458.0
08/26/2006 17:00,8,26,6,17,0,29.1917,65.8333,0,0,1.58097e+08,2.98615e+08,8.98507e+06,0.0
08/26/2006 18:00,8,26,6,18,0,27.825,74.9167,0,0,1.25508e+08,2.40505e+08,8.30632e+06,0.0
08/26/2006 19:00,8,26,6,19,0,24.7167,83.75,0,166094,1.41896e+08,2.69163e+08,5.71363e+06,166094.0
08/26/2006 20:00,8,26,6,20,0,21.9583,93.75,0,0,9.7893e+07,2.34014e+08,1.54061e+06,0.0
08/26/2006 21:00,8,26,6,21,0,21.4083,97.6667,0,0,1.14202e+08,2.63636e+08,0,0.0
08/26/2006 22:00,8,26,6,22,0,21.9917,96.5833,0,0,8.72976e+07,2.25571e+08,1.54047e+06,0.0
08/26/2006 23:00,8,26,6,23,0,22.0833,95.25,0,0,9.28867e+07,2.34758e+08,0,0.0
08/27/2006 00:00,8,27,0,0,0,21.825,95.1667,0,0,7.82291e+07,2.02582e+08,0,0.0
08/27/2006 01:00,8,27,0,1,0,21.7,94.25,0,0,5.82823e+07,1.78021e+08,1.54055e+06,0.0
08/27/2006 02:00,8,27,0,2,0,21.7,93,0,0,5.52528e+07,1.74696e+08,0,0.0
08/27/2006 03:00,8,27,0,3,0,21.35,95.3333,0,0,4.40867e+07,1.46392e+08,0,0.0
08/27/2006 04:00,8,27,0,4,0,21.1,97,0,0,6.43574e+07,1.89541e+08,1.29189e+07,0.0
08/27/2006 05:00,8,27,0,5,0,21.45,92.9167,0,0,0,8.03666e+07,7.53258e+06,0.0
08/27/2006 06:00,8,27,0,6,0,21.35,91.75,0,0,7.60998e+07,1.91908e+08,7.44034e+06,0.0
08/27/2006 07:00,8,27,0,7,0,21.45,93,0,0,3.9324e+07,1.17442e+08,7.50066e+06,0.0
08/27/2006 08:00,8,27,0,8,0,22.3417,89.5,0,168129,1.0732e+08,2.18291e+08,7.69985e+06,168129.0
08/27/2006 09:00,8,27,0,9,0,23.4417,82.3333,0,0,1.35281e+08,2.54223e+08,9.4096e+06,0.0
08/27/2006 10:00,8,27,0,10,0,24.5417,74.3333,0,146652,1.13644e+08,2.27891e+08,7.70995e+06,146652.0
08/27/2006 11:00,8,27,0,11,0,25.6417,69.8333,0,0,1.39201e+08,2.65099e+08,9.54277e+06,0.0
08/27/2006 12:00,8,27,0,12,0,26.7417,61.4167,0,143004,1.13568e+08,2.29584e+08,7.83088e+06,143004.0
08/27/2006 13:00,8,27,0,13,0,27.8417,55.4167,0,0,1.37455e+08,2.63818e+08,9.77894e+06,0.0
08/27/2006 14:00,8,27,0,14,0,28.3,56.1667,0,143902,1.18609e+08,2.37921e+08,9.70769e+06,143902.0
08/27/2006 15:00,8,27,0,15,0,28.65,57,0,0,1.44943e+08,2.76709e+08,7.52793e+06,0.0
08/27/2006 16:00,8,27,0,16,0,28.55,58.1667,0,139273,1.17484e+08,2.33643e+08,7.65272e+06,139273.0
08/27/2006 17:00,8,27,0,17,0,28.3,55.5,0,0,1.35504e+08,2.60021e+08,8.64029e+06,0.0
08/27/2006 18:00,8,27,0,18,0,26.025,68.1667,0,0,1.01182e+08,1.98939e+08,6.98852e+06,0.0
08/27/2006 19:00,8,27,0,19,0,23.4667,81.9167,0,0,1.22008e+08,2.42783e+08,2.81738e+06,0.0
08/27/2006 20:00,8,27,0,20,0,22.8,85.75,0,0,9.27675e+07,2.27231e+08,0,0.0
08/27/2006 21:00,8,27,0,21,0,23.0917,85.8333,0,0,1.05236e+08,2.47226e+08,1.54055e+06,0.0
08/27/2006 22:00,8,27,0,22,0,23.0083,87.9167,0,0,9.21756e+07,2.29181e+08,0,0.0
08/27/2006 23:00,8,27,0,23,0,22.8,88.25,0,0,1.0482e+08,2.52906e+08,0,0.0
08/28/2006 00:00,8,28,1,0,0,22.45,89.3333,0,0,6.16896e+07,1.75127e+08,1.54079e+06,0.0
08/28/2006 01:00,8,28,1,1,0,22.2,88.6667,0,0,6.40311e+07,2.2782e+08,1.29194e+07,0.0
08/28/2006 02:00,8,28,1,2,0,21.9083,90.5,0,0,6.45269e+07,2.01431e+08,3.56849e+06,0.0
08/28/2006 03:00,8,28,1,3,0,21.35,93,0,0,3.36754e+07,1.53992e+08,5.69268e+06,0.0
08/28/2006 04:00,8,28,1,4,0,21.45,91.25,0,0,5.94786e+07,2.17847e+08,9.59635e+06,0.0
08/28/2006 05:00,8,28,1,5,0,21.35,90,0,154340,1.54589e+08,4.29548e+08,1.0835e+07,154340.0
08/28/2006 06:00,8,28,1,6,0,21.1,90,0,0,1.74637e+08,6.18546e+08,1.73763e+07,0.0
08/28/2006 07:00,8,28,1,7,0,21.7417,86.5,0,0,2.08e+08,7.02776e+08,1.88347e+07,0.0
08/28/2006 08:00,8,28,1,8,0,23.1917,81.0833,0,0,2.31171e+08,7.45011e+08,1.92182e+07,0.0
08/28/2006 09:00,8,28,1,9,0,24.8917,73.1667,0,0,2.53788e+08,7.94639e+08,1.96522e+07,0.0
08/28/2006 10:00,8,28,1,10,0,26.2417,66.0833,0,0,2.69564e+08,8.37578e+08,2.02125e+07,0.0
08/28/2006 11:00,8,28,1,11,0,27.6333,62.25,0,0,2.84193e+08,8.6657e+08,2.09317e+07,0.0
08/28/2006 12:00,8,28,1,12,0,28.65,58.6667,0,0,2.8148e+08,8.54272e+08,2.18902e+07,0.0
08/28/2006 13:00,8,28,1,13,0,29.5417,53.5,0,0,2.5216e+08,7.86742e+08,2.38983e+07,0.0
08/28/2006 14:00,8,28,1,14,0,30,51,0,0,2.93912e+08,8.92852e+08,2.28463e+07,0.0
08/28/2006 15:00,8,28,1,15,0,30.6417,49.25,0,0,3.08317e+08,9.3346e+08,1.74348e+07,0.0
08/28/2006 16:00,8,28,1,16,0,30.8083,49.1667,0,0,3.15495e+08,9.51295e+08,1.73395e+07,0.0
08/28/2006 17:00,8,28,1,17,0,30.6,48.8333,0,0,3.03836e+08,9.27343e+08,1.85377e+07,0.0
08/28/2006 18:00,8,28,1,18,0,30.25,49.1667,0,0,2.85248e+08,8.86235e+08,1.92737e+07,0.0
08/28/2006 19:00,8,28,1,19,0,28.7167,54.6667,0,0,2.66734e+08,8.83955e+08,2.00599e+07,0.0
08/28/2006 20:00,8,28,1,20,0,27.45,62.0833,0,0,2.364e+08,7.74395e+08,1.90095e+07,0.0
08/28/2006 21:00,8,28,1,21,0,26.2667,71.4167,0,0,1.82153e+08,5.23667e+08,1.38733e+07,0.0
08/28/2006 22:00,8,28,1,22,0,25.25,79.5,0,0,1.51113e+08,4.0637e+08,1.30721e+07,0.0
08/28/2006 23:00,8,28,1,23,0,24.65,83.75,0,0,1.20997e+08,3.49505e+08,1.25337e+07,0.0
08/29/2006 00:00,8,29,2,0,0,24.4,83.25,0,0,1.46709e+08,3.54655e+08,1.04285e+07,0.0
08/29/2006 01:00,8,29,2,1,0,24.4,78.5,0,0,1.07276e+08,2.87621e+08,9.68814e+06,0.0
08/29/2006 02:00,8,29,2,2,0,23.7583,81.25,0,0,1.23105e+08,2.87771e+08,3.43142e+06,0.0
08/29/2006 03:00,8,29,2,3,0,23.0083,84.4167,0,485483,1.01897e+08,2.48255e+08,6.23426e+06,485483.0
08/29/2006 04:00,8,29,2,4,0,22.8,84,0,0,1.1573e+08,2.90139e+08,8.51798e+06,0.0
08/29/2006 05:00,8,29,2,5,0,22.45,85.75,0,386112,1.60461e+08,4.35332e+08,1.21928e+07,386112.0
08/29/2006 06:00,8,29,2,6,0,22.2,87,0,0,1.93021e+08,6.51636e+08,1.75023e+07,0.0
08/29/2006 07:00,8,29,2,7,0,22.55,85.25,0,0,2.34e+08,7.56789e+08,1.83389e+07,0.0
08/29/2006 08:00,8,29,2,8,0,23.7333,79.3333,0,0,2.60376e+08,8.21713e+08,1.87733e+07,0.0
08/29/2006 09:00,8,29,2,9,0,27.025,67.25,0,0,2.99516e+08,8.97824e+08,1.94848e+07,0.0
08/29/2006 10:00,8,29,2,10,0,29.8917,56.3333,0,0,3.213e+08,9.1241e+08,2.02544e+07,0.0
08/29/2006 11:00,8,29,2,11,0,30.8917,53.5833,0,0,3.27379e+08,9.19129e+08,2.09722e+07,0.0
08/29/2006 12:00,8,29,2,12,0,31.1,54,0,0,3.20394e+08,8.90891e+08,2.195e+07,0.0
08/29/2006 13:00,8,29,2,13,0,30.8083,53.4167,0,0,2.79094e+08,8.3218e+08,2.39518e+07,0.0
08/29/2006 14:00,8,29,2,14,0,31.5333,51.25,0,0,3.25676e+08,9.46584e+08,2.27377e+07,0.0
08/29/2006 15:00,8,29,2,15,0,32.2,49.4167,0,0,3.53911e+08,9.94197e+08,1.79927e+07,0.0
08/29/2006 16:00,8,29,2,16,0,31.9083,46.6667,0,0,3.37306e+08,1.00443e+09,1.79615e+07,0.0
08/29/2006 17:00,8,29,2,17,0,31.7,44.4167,0,0,3.14939e+08,9.6242e+08,1.85755e+07,0.0
08/29/2006 18:00,8,29,2,18,0,30.7083,39.3333,0,0,2.77202e+08,9.07206e+08,1.93104e+07,0.0
08/29/2006 19:00,8,29,2,19,0,28.7167,38.9167,0,0,2.40009e+08,8.80462e+08,2.00982e+07,0.0
08/29/2006 20:00,8,29,2,20,0,27.1583,39.25,0,0,2.0885e+08,7.49373e+08,1.85368e+07,0.0
08/29/2006 21:00,8,29,2,21,0,25.7083,39.1667,0,0,1.48618e+08,4.82268e+08,1.42244e+07,0.0
08/29/2006 22:00,8,29,2,22,0,24.3583,44.6667,0,0,1.21372e+08,3.80364e+08,1.30691e+07,0.0
08/29/2006 23:00,8,29,2,23,0,22.9083,46.8333,0,188515,8.96375e+07,3.24801e+08,1.13513e+07,188515.0
08/30/2006 00:00,8,30,3,0,0,21.5583,46.5833,0,0,8.9341e+07,2.94305e+08,1.17808e+07,0.0
08/30/2006 01:00,8,30,3,1,0,20.4583,48.75,0,0,5.35023e+07,2.34825e+08,9.68374e+06,0.0
08/30/2006 02:00,8,30,3,2,0,19.3583,52.3333,0,0,5.0116e+07,2.0196e+08,1.85992e+06,0.0
08/30/2006 03:00,8,30,3,3,0,18.55,55.1667,0,267427,3.24815e+07,1.6936e+08,7.40699e+06,267427.0
08/30/2006 04:00,8,30,3,4,0,18.0083,54.8333,0,151336,3.66091e+07,2.00797e+08,7.89584e+06,151336.0
08/30/2006 05:00,8,30,3,5,0,17.45,55.1667,0,191953,3.54062e+07,2.86203e+08,1.27958e+07,191953.0
08/30/2006 06:00,8,30,3,6,0,16.9083,57.1667,0,0,5.38517e+07,4.7968e+08,1.72653e+07,0.0
08/30/2006 07:00,8,30,3,7,0,16.7,58,0,0,6.51241e+07,5.35003e+08,1.81504e+07,0.0
08/30/2006 08:00,8,30,3,8,0,16.9917,58,0,0,8.48245e+07,5.58357e+08,1.88012e+07,0.0
08/30/2006 09:00,8,30,3,9,0,17.8417,56.8333,0,0,1.13216e+08,5.90554e+08,1.95152e+07,0.0
08/30/2006 10:00,8,30,3,10,0,18.9417,53.0833,0,0,1.55538e+08,6.56799e+08,2.02846e+07,0.0
08/30/2006 11:00,8,30,3,11,0,20.1,49.8333,0,0,1.58459e+08,6.69719e+08,2.1002e+07,0.0
08/30/2006 12:00,8,30,3,12,0,21.2417,46.6667,0,0,1.60955e+08,6.76107e+08,2.19942e+07,0.0
08/30/2006 13:00,8,30,3,13,0,21.7,44.4167,0,0,1.56034e+08,6.37803e+08,2.39739e+07,0.0
08/30/2006 14:00,8,30,3,14,0,21.35,44,0,0,1.6095e+08,6.71093e+08,2.26885e+07,0.0
08/30/2006 15:00,8,30,3,15,0,21.1,44,0,0,1.60612e+08,6.7344e+08,1.84965e+07,0.0
08/30/2006 16:00,8,30,3,16,0,21.1,42.8333,0,0,1.60106e+08,6.70057e+08,1.79794e+07,0.0
08/30/2006 17:00,8,30,3,17,0,20.8083,43.75,0,0,1.58681e+08,6.62472e+08,1.85974e+07,0.0
08/30/2006 18:00,8,30,3,18,0,20.6,46.1667,0,0,1.58696e+08,6.68939e+08,1.90754e+07,0.0
08/30/2006 19:00,8,30,3,19,0,20.25,48.1667,0,0,1.58737e+08,7.11847e+08,1.99631e+07,0.0
08/30/2006 20:00,8,30,3,20,0,20,49.5833,0,0,1.48865e+08,6.37007e+08,1.84808e+07,0.0
08/30/2006 21:00,8,30,3,21,0,19.65,51.1667,0,0,8.64056e+07,3.95815e+08,1.4663e+07,0.0
08/30/2006 22:00,8,30,3,22,0,19.4,53.1667,0,251348,6.48261e+07,3.12008e+08,1.33216e+07,251348.0
08/30/2006 23:00,8,30,3,23,0,19.4,55.75,0,213986,5.05469e+07,2.77226e+08,1.08879e+07,213986.0
08/31/2006 00:00,8,31,4,0,0,19.4,55.25,0,198604,5.98597e+07,2.61924e+08,1.24737e+07,198604.0
08/31/2006 01:00,8,31,4,1,0,19.1083,56.9167,0,152352,3.92826e+07,2.14063e+08,9.24648e+06,152352.0
08/31/2006 02:00,8,31,4,2,0,18.9,59,0,257173,4.16443e+07,1.91257e+08,2.70758e+06,257173.0
08/31/2006 03:00,8,31,4,3,0,18.55,58.4167,0,222030,3.12454e+07,1.74047e+08,6.36419e+06,222030.0
08/31/2006 04:00,8,31,4,4,0,18.0083,60.9167,0,264626,3.30719e+07,1.95016e+08,9.86288e+06,264626.0
08/31/2006 05:00,8,31,4,5,0,17.8,63,0,182469,3.94206e+07,2.9059e+08,1.20817e+07,182469.0
08/31/2006 06:00,8,31,4,6,0,17.8,63,0,0,6.89684e+07,4.91207e+08,1.59375e+07,0.0
08/31/2006 07:00,8,31,4,7,0,18.0917,61.8333,0,0,9.9609e+07,5.61314e+08,1.88401e+07,0.0
08/31/2006 08:00,8,31,4,8,0,18.3,61,0,0,1.13023e+08,5.75974e+08,1.92503e+07,0.0
08/31/2006 09:00,8,31,4,9,0,18.9417,59.8333,0,0,1.43113e+08,6.16912e+08,1.97427e+07,0.0
08/31/2006 10:00,8,31,4,10,0,20.3917,56.6667,0,0,1.585e+08,6.40345e+08,2.03376e+07,0.0
08/31/2006 11:00,8,31,4,11,0,21.45,56.1667,0,0,1.59233e+08,6.53163e+08,2.09675e+07,0.0
08/31/2006 12:00,8,31,4,12,0,22.3417,53.5,0,0,1.64154e+08,6.64733e+08,2.20198e+07,0.0
08/31/2006 13:00,8,31,4,13,0,22.8,51,0,0,1.56782e+08,6.22272e+08,2.47891e+07,0.0
08/31/2006 14:00,8,31,4,14,0,22.8,52.1667,0,0,1.68026e+08,6.70777e+08,2.30284e+07,0.0
08/31/2006 15:00,8,31,4,15,0,22.8,51.25,0,0,1.69629e+08,6.7345e+08,1.80257e+07,0.0
08/31/2006 16:00,8,31,4,16,0,22.8,50,0,0,1.67638e+08,6.66393e+08,1.6551e+07,0.0
08/31/2006 17:00,8,31,4,17,0,22.8,48.8333,0,0,1.67178e+08,6.69753e+08,1.78577e+07,0.0
08/31/2006 18:00,8,31,4,18,0,22.45,50.9167,0,0,1.63762e+08,6.86894e+08,1.92871e+07,0.0
08/31/2006 19:00,8,31,4,19,0,21.9083,55.3333,0,0,1.59998e+08,7.12506e+08,2.00815e+07,0.0
08/31/2006 20:00,8,31,4,20,0,21.35,58.1667,0,0,1.55659e+08,6.43728e+08,1.92068e+07,0.0
08/31/2006 21:00,8,31,4,21,0,21.1,55.5,0,0,1.07542e+08,4.18195e+08,1.41413e+07,0.0
08/31/2006 22:00,8,31,4,22,0,21.3917,57.6667,0,249154,8.65513e+07,3.35917e+08,1.31315e+07,249154.0
08/31/2006 23:00,8,31,4,23,0,21.8333,59.8333,0,212745,7.22932e+07,3.02369e+08,1.28608e+07,212745.0
09/01/2006 00:00,9,1,5,0,0,22.2917,57.8333,0,0,8.64976e+07,2.93741e+08,1.04007e+07,0.0
09/01/2006 01:00,9,1,5,1,0,22.7917,80.3333,0,152786,8.46891e+07,2.68742e+08,9.86235e+06,152786.0
09/01/2006 02:00,9,1,5,2,0,23.2917,95.25,0,71504.7,9.76706e+07,2.52906e+08,3.6757e+06,71504.7
09/01/2006 03:00,9,1,5,3,0,23.7333,95.75,0,421993,9.75511e+07,2.50267e+08,6.35121e+06,421993.0
09/01/2006 04:00,9,1,5,4,0,24.1917,97,0,0,1.28692e+08,2.98894e+08,9.22485e+06,0.0
09/01/2006 05:00,9,1,5,5,0,24.1083,98.75,0,0,1.85587e+08,4.5851e+08,1.11025e+07,0.0
09/01/2006 06:00,9,1,5,6,0,23.9,100,0,0,2.12885e+08,6.7194e+08,1.74885e+07,0.0
09/01/2006 07:00,9,1,5,7,0,24.1917,100,0,0,2.53135e+08,7.59588e+08,1.8901e+07,0.0
09/01/2006 08:00,9,1,5,8,0,25.1,95.9167,0,0,2.69512e+08,7.74431e+08,1.88997e+07,0.0
09/01/2006 09:00,9,1,5,9,0,25.8917,91.25,0,0,2.88244e+08,8.09529e+08,1.95437e+07,0.0
09/01/2006 10:00,9,1,5,10,0,26.7417,87.0833,0,0,3.19942e+08,8.85195e+08,2.03131e+07,0.0
09/01/2006 11:00,9,1,5,11,0,27.8417,80.3333,0,0,3.32031e+08,9.20001e+08,2.10307e+07,0.0
09/01/2006 12:00,9,1,5,12,0,28.9417,72.9167,0,0,3.20612e+08,8.96651e+08,2.19945e+07,0.0
09/01/2006 13:00,9,1,5,13,0,29.75,68.25,0,0,2.95317e+08,8.40277e+08,2.40052e+07,0.0
09/01/2006 14:00,9,1,5,14,0,30,68.75,0,0,3.4332e+08,9.47738e+08,2.28722e+07,0.0
09/01/2006 15:00,9,1,5,15,0,28.3667,77,0,0,3.47327e+08,9.60021e+08,1.74802e+07,0.0
09/01/2006 16:00,9,1,5,16,0,28.1917,82,0,0,3.5912e+08,9.86014e+08,1.79852e+07,0.0
09/01/2006 17:00,9,1,5,17,0,28.55,80.25,0,0,3.47516e+08,9.53524e+08,1.86021e+07,0.0
09/01/2006 18:00,9,1,5,18,0,28.0083,79,0,0,3.27262e+08,9.2234e+08,1.93447e+07,0.0
09/01/2006 19:00,9,1,5,19,0,27.1583,82.5,0,0,3.05509e+08,9.22516e+08,2.01401e+07,0.0
09/01/2006 20:00,9,1,5,20,0,26.0583,87.9167,0,0,2.67317e+08,8.02565e+08,1.90217e+07,0.0
09/01/2006 21:00,9,1,5,21,0,25.6,88.25,0,0,1.97087e+08,5.37118e+08,1.3894e+07,0.0
09/01/2006 22:00,9,1,5,22,0,24.9,91.0833,0,0,1.57097e+08,4.08886e+08,1.3087e+07,0.0
09/01/2006 23:00,9,1,5,23,0,24.4,94,0,0,1.2612e+08,3.54051e+08,1.22607e+07,0.0
09/02/2006 00:00,9,2,6,0,0,24.1667,97.5,0,0,1.54965e+08,3.62045e+08,1.07167e+07,0.0
09/02/2006 01:00,9,2,6,1,0,24.2333,98.25,0,0,1.17499e+08,2.48016e+08,0,0.0
09/02/2006 02:00,9,2,6,2,0,24.4,97,0,0,1.32963e+08,2.68358e+08,1.54078e+06,0.0
09/02/2006 03:00,9,2,6,3,0,24.4,97,0,0,1.08715e+08,2.3465e+08,0,0.0
09/02/2006 04:00,9,2,6,4,0,24.4,97,0,0,1.13338e+08,2.39145e+08,985303,0.0
09/02/2006 05:00,9,2,6,5,0,24.1667,98.75,0,257119,1.10365e+08,2.58803e+08,9.40084e+06,257119.0
09/02/2006 06:00,9,2,6,6,0,24.2333,98.25,0,0,1.30965e+08,2.96974e+08,7.88166e+06,0.0
09/02/2006 07:00,9,2,6,7,0,24.75,95.25,0,0,1.62822e+08,3.53584e+08,1.09389e+07,0.0
09/02/2006 08:00,9,2,6,8,0,25.35,93.4167,0,0,1.90374e+08,4.20183e+08,1.17371e+07,0.0
09/02/2006 09:00,9,2,6,9,0,25.8917,91.25,0,0,1.99461e+08,4.42866e+08,1.32383e+07,0.0
09/02/2006 10:00,9,2,6,10,0,26.45,88.25,0,0,2.071e+08,4.46982e+08,1.31943e+07,0.0
09/02/2006 11:00,9,2,6,11,0,26.9917,85.8333,0,0,2.08455e+08,4.3757e+08,1.35314e+07,0.0
09/02/2006 12:00,9,2,6,12,0,27.55,83.25,0,0,2.04606e+08,4.13695e+08,1.32333e+07,0.0
09/02/2006 13:00,9,2,6,13,0,28.0917,80.25,0,83938.1,1.67984e+08,3.39978e+08,1.3079e+07,83938.1
09/02/2006 14:00,9,2,6,14,0,27.6583,82.5,0,0,1.34848e+08,2.87192e+08,1.25431e+07,0.0
09/02/2006 15:00,9,2,6,15,0,24.925,88.5,0,0,1.52102e+08,3.07006e+08,1.02819e+07,0.0
09/02/2006 16:00,9,2,6,16,0,23.65,93.9167,0,205507,1.18726e+08,2.51271e+08,1.04753e+07,205507.0
09/02/2006 17:00,9,2,6,17,0,24.1917,96.5833,0,0,1.44683e+08,2.6628e+08,9.74904e+06,0.0
09/02/2006 18:00,9,2,6,18,0,24.1083,95.25,0,0,1.08697e+08,2.15612e+08,9.4994e+06,0.0
09/02/2006 19:00,9,2,6,19,0,23.9,94,0,0,1.25117e+08,2.56175e+08,5.53157e+06,0.0
09/02/2006 20:00,9,2,6,20,0,23.9,94,0,0,8.34913e+07,2.18539e+08,0,0.0
09/02/2006 21:00,9,2,6,21,0,23.9,94,0,0,9.56718e+07,2.34569e+08,1.54078e+06,0.0
09/02/2006 22:00,9,2,6,22,0,23.375,97.5,0,0,8.499e+07,2.14647e+08,0,0.0
09/02/2006 23:00,9,2,6,23,0,23.175,96.5,0,0,5.62239e+07,1.72014e+08,1.54078e+06,0.0
09/03/2006 00:00,9,3,0,0,0,23.3,95.75,0,0,5.90202e+07,1.78278e+08,0,0.0
09/03/2006 01:00,9,3,0,1,0,23.3,97,0,0,5.6718e+07,1.75602e+08,0,0.0
09/03/2006 02:00,9,3,0,2,0,23.0083,96.4167,0,0,4.99792e+07,1.54735e+08,1.54056e+06,0.0
09/03/2006 03:00,9,3,0,3,0,22.8,96,0,0,6.54382e+07,1.78893e+08,0,0.0
09/03/2006 04:00,9,3,0,4,0,22.8,96,0,0,1.91808e+07,1.06886e+08,1.19904e+07,0.0
09/03/2006 05:00,9,3,0,5,0,22.8,98.3333,0,0,3.09152e+07,1.28642e+08,7.66689e+06,0.0
09/03/2006 06:00,9,3,0,6,0,22.8,100,0,0,6.62135e+07,1.81906e+08,7.63993e+06,0.0
09/03/2006 07:00,9,3,0,7,0,23.0917,98.25,0,0,3.51986e+07,1.10933e+08,7.50321e+06,0.0
09/03/2006 08:00,9,3,0,8,0,23.65,95.25,0,0,1.0951e+08,2.14532e+08,7.53561e+06,0.0
09/03/2006 09:00,9,3,0,9,0,23.9,95.1667,0,0,1.33794e+08,2.45268e+08,9.41544e+06,0.0
09/03/2006 10:00,9,3,0,10,0,24.8917,90.75,0,0,1.13069e+08,2.15241e+08,7.57241e+06,0.0
09/03/2006 11:00,9,3,0,11,0,25.8917,87.5833,0,0,1.50234e+08,2.64438e+08,9.55103e+06,0.0
09/03/2006 12:00,9,3,0,12,0,26.45,86.25,0,0,1.23574e+08,2.29228e+08,7.69647e+06,0.0
09/03/2006 13:00,9,3,0,13,0,26.7,85,0,0,1.54387e+08,2.70642e+08,9.7903e+06,0.0
09/03/2006 14:00,9,3,0,14,0,26.9917,83.25,0,0,1.25651e+08,2.33343e+08,9.57495e+06,0.0
09/03/2006 15:00,9,3,0,15,0,27.8417,77.3333,0,0,1.53704e+08,2.71882e+08,7.53443e+06,0.0
09/03/2006 16:00,9,3,0,16,0,28.0083,75.75,0,0,1.18453e+08,2.23699e+08,7.51821e+06,0.0
09/03/2006 17:00,9,3,0,17,0,25.8167,86.9167,0,0,1.43214e+08,2.57915e+08,9.04866e+06,0.0
09/03/2006 18:00,9,3,0,18,0,24.1083,95.1667,0,0,1.11361e+08,2.07846e+08,7.03237e+06,0.0
09/03/2006 19:00,9,3,0,19,0,23.9,96,0,0,1.19931e+08,2.42652e+08,2.38024e+06,0.0
09/03/2006 20:00,9,3,0,20,0,23.9,98.3333,0,0,9.50109e+07,2.29169e+08,0,0.0
09/03/2006 21:00,9,3,0,21,0,23.9,100,0,0,9.78743e+07,2.3592e+08,1.54049e+06,0.0
09/03/2006 22:00,9,3,0,22,0,23.9,97.6667,0,0,8.81781e+07,2.18022e+08,0,0.0
09/03/2006 23:00,9,3,0,23,0,23.9,94.8333,0,0,5.51184e+07,1.70899e+08,0,0.0
09/04/2006 00:00,9,4,1,0,0,23.55,95.75,0,0,5.31374e+07,1.60338e+08,1.5406e+06,0.0
09/04/2006 01:00,9,4,1,1,0,23.3,97,0,0,6.29095e+07,2.28806e+08,1.29736e+07,0.0
09/04/2006 02:00,9,4,1,2,0,23.3,97,0,0,5.66314e+07,1.88939e+08,3.61807e+06,0.0
09/04/2006 03:00,9,4,1,3,0,23.0083,96.4167,0,0,5.00199e+07,1.83471e+08,6.11689e+06,0.0
09/04/2006 04:00,9,4,1,4,0,22.8,98.3333,0,0,8.1851e+07,2.34321e+08,8.45026e+06,0.0
09/04/2006 05:00,9,4,1,5,0,22.8,100,0,0,1.72528e+08,4.45808e+08,1.18982e+07,0.0
09/04/2006 06:00,9,4,1,6,0,22.8,97.6667,0,0,1.95165e+08,6.46381e+08,1.75582e+07,0.0
09/04/2006 07:00,9,4,1,7,0,23.0917,94.8333,0,0,2.25812e+08,7.21075e+08,1.86165e+07,0.0
09/04/2006 08:00,9,4,1,8,0,23.65,91.6667,0,0,2.40608e+08,7.3586e+08,1.89245e+07,0.0
09/04/2006 09:00,9,4,1,9,0,24.5417,88.8333,0,0,2.61918e+08,7.76404e+08,1.96294e+07,0.0
09/04/2006 10:00,9,4,1,10,0,25.35,87.4167,0,0,2.76787e+08,8.04667e+08,2.03975e+07,0.0
09/04/2006 11:00,9,4,1,11,0,26.5333,84.0833,0,0,2.99192e+08,8.49021e+08,2.11128e+07,0.0
09/04/2006 12:00,9,4,1,12,0,27.55,79.0833,0,0,3.04178e+08,8.62361e+08,2.20793e+07,0.0
09/04/2006 13:00,9,4,1,13,0,28.0917,77,0,0,2.78296e+08,8.04726e+08,2.40821e+07,0.0
09/04/2006 14:00,9,4,1,14,0,28.0083,78.1667,0,0,3.07667e+08,8.65235e+08,2.2898e+07,0.0
09/04/2006 15:00,9,4,1,15,0,27.1583,83.6667,0,0,3.00702e+08,8.43378e+08,1.79302e+07,0.0
09/04/2006 16:00,9,4,1,16,0,27.9833,78.25,0,0,3.1167e+08,8.67366e+08,1.80349e+07,0.0
09/04/2006 17:00,9,4,1,17,0,25.6333,80.75,0,0,2.76194e+08,8.24797e+08,1.86555e+07,0.0
09/04/2006 18:00,9,4,1,18,0,23.65,87.5833,0,0,2.54668e+08,8.19022e+08,1.94043e+07,0.0
09/04/2006 19:00,9,4,1,19,0,23.9,89.1667,0,0,2.57564e+08,8.46295e+08,2.02085e+07,0.0
09/04/2006 20:00,9,4,1,20,0,23.55,90.5833,0,0,2.31171e+08,7.51423e+08,1.9042e+07,0.0
09/04/2006 21:00,9,4,1,21,0,23.3,92.75,0,0,1.73985e+08,5.0752e+08,1.39134e+07,0.0
09/04/2006 22:00,9,4,1,22,0,23.0083,89.9167,0,0,1.46139e+08,3.96829e+08,1.31006e+07,0.0
09/04/2006 23:00,9,4,1,23,0,22.45,84.0833,0,182129,1.15308e+08,3.46995e+08,1.23185e+07,182129.0
09/05/2006 00:00,9,5,2,0,0,21.2667,81.4167,0,0,1.22654e+08,3.27109e+08,1.0857e+07,0.0
09/05/2006 01:00,9,5,2,1,0,20.25,78.0833,0,374709,6.79712e+07,2.43828e+08,1.00713e+07,374709.0
09/05/2006 02:00,9,5,2,2,0,19.0083,78.9167,0,230322,4.77426e+07,1.97247e+08,3.11568e+06,230322.0
09/05/2006 03:00,9,5,2,3,0,18.3,76.3333,0,0,2.8623e+07,1.67345e+08,6.26875e+06,0.0
09/05/2006 04:00,9,5,2,4,0,18.0083,74.1667,0,0,3.10913e+07,1.97022e+08,8.49079e+06,0.0
09/05/2006 05:00,9,5,2,5,0,17.45,75,0,78490.9,3.57316e+07,2.86991e+08,1.19402e+07,78490.9
09/05/2006 06:00,9,5,2,6,0,17.2,73.25,0,270548,5.75368e+07,4.88392e+08,1.78371e+07,270548.0
09/05/2006 07:00,9,5,2,7,0,16.9083,69.0833,0,0,6.63612e+07,5.40291e+08,1.87043e+07,0.0
09/05/2006 08:00,9,5,2,8,0,16.7,67,0,0,6.4869e+07,5.21648e+08,1.89527e+07,0.0
09/05/2006 09:00,9,5,2,9,0,16.7,68.75,0,0,7.2714e+07,5.3831e+08,1.96556e+07,0.0
09/05/2006 10:00,9,5,2,10,0,16.7,68.25,0,0,8.02733e+07,5.57319e+08,2.04231e+07,0.0
09/05/2006 11:00,9,5,2,11,0,16.9917,64.6667,0,0,9.47308e+07,5.8199e+08,2.11386e+07,0.0
09/05/2006 12:00,9,5,2,12,0,17.55,64.1667,0,0,1.10757e+08,5.97133e+08,2.21031e+07,0.0
09/05/2006 13:00,9,5,2,13,0,18.4417,62.6667,0,0,1.26713e+08,5.93698e+08,2.4106e+07,0.0
09/05/2006 14:00,9,5,2,14,0,19.5417,59.8333,0,0,1.57365e+08,6.82715e+08,2.29331e+07,0.0
09/05/2006 15:00,9,5,2,15,0,20.35,59,0,0,1.62931e+08,7.17185e+08,1.78833e+07,0.0
09/05/2006 16:00,9,5,2,16,0,20.6,56.0833,0,0,1.6647e+08,7.26917e+08,1.80486e+07,0.0
09/05/2006 17:00,9,5,2,17,0,20.25,55.75,0,0,1.60181e+08,7.02326e+08,1.86697e+07,0.0
09/05/2006 18:00,9,5,2,18,0,19.65,60.5,0,0,1.58615e+08,6.90843e+08,1.94214e+07,0.0
09/05/2006 19:00,9,5,2,19,0,18.4667,64.1667,0,0,1.45586e+08,7.02648e+08,2.02286e+07,0.0
09/05/2006 20:00,9,5,2,20,0,17.45,66.1667,0,0,9.19089e+07,5.77701e+08,1.90741e+07,0.0
09/05/2006 21:00,9,5,2,21,0,16.9083,68.75,0,0,4.31702e+07,3.50011e+08,1.39215e+07,0.0
09/05/2006 22:00,9,5,2,22,0,16.35,70,0,220219,3.0062e+07,2.80207e+08,1.33303e+07,220219.0
09/05/2006 23:00,9,5,2,23,0,15.4583,72.9167,0,0,1.00147e+07,2.26485e+08,1.23616e+07,0.0
09/06/2006 00:00,9,6,3,0,0,15,75,0,164815,8.44317e+06,2.03406e+08,1.08114e+07,164815.0
09/06/2006 01:00,9,6,3,1,0,14.3583,77.9167,0,321703,1.64675e+06,1.50063e+08,1.00178e+07,321703.0
09/06/2006 02:00,9,6,3,2,0,13.9,78.25,0,0,1.70815e+06,1.1878e+08,3.43576e+06,0.0
09/06/2006 03:00,9,6,3,3,0,13.9,77,0,2.3844e+06,1.41211e+06,1.11571e+08,8.12811e+06,2384400.0
09/06/2006 04:00,9,6,3,4,0,13.55,78.75,0,3.23651e+06,2.3607e+06,1.34134e+08,1.18379e+07,3236510.0
09/06/2006 05:00,9,6,3,5,0,13.3,80,0,0,148684,2.15913e+08,1.1766e+07,0.0
09/06/2006 06:00,9,6,3,6,0,13.0083,80,0,210099,9.36751e+06,3.99744e+08,1.77828e+07,210099.0
09/06/2006 07:00,9,6,3,7,0,13.4417,76.5,0,0,1.34927e+07,4.34367e+08,1.88131e+07,0.0
09/06/2006 08:00,9,6,3,8,0,14.8917,74.5833,0,0,2.67593e+07,4.98142e+08,1.89892e+07,0.0
09/06/2006 09:00,9,6,3,9,0,16.5333,73.25,0,0,8.27761e+07,5.79191e+08,1.96827e+07,0.0
09/06/2006 10:00,9,6,3,10,0,18.1917,70.8333,0,0,1.4738e+08,6.63479e+08,2.04496e+07,0.0
09/06/2006 11:00,9,6,3,11,0,19.5417,64.75,0,0,1.58358e+08,6.79133e+08,2.11648e+07,0.0
09/06/2006 12:00,9,6,3,12,0,20.35,61,0,0,1.58076e+08,6.74105e+08,2.21268e+07,0.0
09/06/2006 13:00,9,6,3,13,0,20.25,63.3333,0,0,1.55118e+08,6.36075e+08,2.41301e+07,0.0
09/06/2006 14:00,9,6,3,14,0,20.6417,63.8333,0,0,1.61525e+08,6.9505e+08,2.29727e+07,0.0
09/06/2006 15:00,9,6,3,15,0,20.8083,63,0,0,1.65569e+08,7.13407e+08,1.78046e+07,0.0
09/06/2006 16:00,9,6,3,16,0,20.25,64.1667,0,0,1.60764e+08,7.02515e+08,1.80626e+07,0.0
09/06/2006 17:00,9,6,3,17,0,19.65,65.5833,0,0,1.58931e+08,6.82341e+08,1.86837e+07,0.0
09/06/2006 18:00,9,6,3,18,0,19.4,64.25,0,0,1.58715e+08,6.82613e+08,1.94384e+07,0.0
09/06/2006 19:00,9,6,3,19,0,19.1083,67.0833,0,0,1.58598e+08,7.21908e+08,2.02488e+07,0.0
09/06/2006 20:00,9,6,3,20,0,18.55,70,0,0,1.2308e+08,6.112e+08,1.91112e+07,0.0
09/06/2006 21:00,9,6,3,21,0,18.3,70,0,0,6.51221e+07,3.74319e+08,1.39302e+07,0.0
09/06/2006 22:00,9,6,3,22,0,17.6583,70,0,220611,4.65226e+07,2.93196e+08,1.33389e+07,220611.0
09/06/2006 23:00,9,6,3,23,0,16.5583,72.9167,0,0,1.93367e+07,2.3454e+08,1.2634e+07,0.0
09/07/2006 00:00,9,7,4,0,0,15.8083,77.9167,0,0,1.6215e+07,2.1894e+08,1.03839e+07,0.0
09/07/2006 01:00,9,7,4,1,0,15.6,78.8333,0,0,8.56946e+06,1.80327e+08,9.70157e+06,0.0
09/07/2006 02:00,9,7,4,2,0,14.9,83.25,0,0,3.72055e+06,1.32152e+08,3.4428e+06,0.0
09/07/2006 03:00,9,7,4,3,0,14.4,88.75,0,560767,1.45143e+06,1.11692e+08,6.08823e+06,560767.0
09/07/2006 04:00,9,7,4,4,0,14.1083,89.4167,0,1.43657e+06,1.73563e+06,1.32832e+08,1.10491e+07,1436570.0
09/07/2006 05:00,9,7,4,5,0,13.9,89,0,53479.9,2.3734e+06,2.5187e+08,1.0777e+07,53479.9
09/07/2006 06:00,9,7,4,6,0,13.9,91.3333,0,20609,1.15632e+07,4.25403e+08,1.75219e+07,20609.0
09/07/2006 07:00,9,7,4,7,0,14.5417,89.5,0,0,1.8189e+07,4.786e+08,1.89823e+07,0.0
09/07/2006 08:00,9,7,4,8,0,16.2833,77.0833,0,0,6.88799e+07,5.53668e+08,1.93902e+07,0.0
09/07/2006 09:00,9,7,4,9,0,17.8417,67.0833,0,0,1.3838e+08,6.51713e+08,1.99019e+07,0.0
09/07/2006 10:00,9,7,4,10,0,18.65,65,0,0,1.57908e+08,6.92527e+08,2.05134e+07,0.0
09/07/2006 11:00,9,7,4,11,0,19.5417,62.6667,0,0,1.58278e+08,6.98158e+08,2.11625e+07,0.0
09/07/2006 12:00,9,7,4,12,0,20.35,62.1667,0,0,1.58163e+08,6.81477e+08,2.23171e+07,0.0
09/07/2006 13:00,9,7,4,13,0,20.8917,61.8333,0,0,1.55848e+08,6.50625e+08,2.41197e+07,0.0
09/07/2006 14:00,9,7,4,14,0,21.45,61,0,0,1.72836e+08,7.18018e+08,2.30907e+07,0.0
09/07/2006 15:00,9,7,4,15,0,21.9917,59.8333,0,0,1.84512e+08,7.75443e+08,1.77142e+07,0.0
09/07/2006 16:00,9,7,4,16,0,22.2,60.1667,0,0,1.90857e+08,7.8799e+08,1.72802e+07,0.0
09/07/2006 17:00,9,7,4,17,0,22.2,61,0,0,1.86154e+08,7.63895e+08,1.86789e+07,0.0
09/07/2006 18:00,9,7,4,18,0,21.2667,66.25,0,0,1.72858e+08,7.3157e+08,1.9439e+07,0.0
09/07/2006 19:00,9,7,4,19,0,19.9,71.75,0,0,1.59542e+08,7.37016e+08,2.02528e+07,0.0
09/07/2006 20:00,9,7,4,20,0,18.7583,77.6667,0,47448.6,1.3612e+08,6.32101e+08,1.92901e+07,47448.6
09/07/2006 21:00,9,7,4,21,0,18.3,79.25,0,0,7.0237e+07,3.82727e+08,1.3949e+07,0.0
09/07/2006 22:00,9,7,4,22,0,18.0083,78,0,0,4.6215e+07,2.90223e+08,1.31343e+07,0.0
09/07/2006 23:00,9,7,4,23,0,17.45,79.75,0,200650,3.60622e+07,2.70979e+08,1.28744e+07,200650.0
09/08/2006 00:00,9,8,5,0,0,16.5583,84.5,0,0,2.28785e+07,2.1801e+08,1.04013e+07,0.0
09/08/2006 01:00,9,8,5,1,0,15.8083,88.75,0,5991.37,1.22953e+07,1.94054e+08,9.71911e+06,5991.37
09/08/2006 02:00,9,8,5,2,0,15.25,91.75,0,0,6.00623e+06,1.51432e+08,3.49897e+06,0.0
09/08/2006 03:00,9,8,5,3,0,15,94.75,0,236768,1.89321e+06,1.22302e+08,6.04648e+06,236768.0
09/08/2006 04:00,9,8,5,4,0,15,96,0,305776,4.88066e+06,1.64334e+08,9.93509e+06,305776.0
09/08/2006 05:00,9,8,5,5,0,15,98.3333,0,60447.9,5.61288e+06,2.55356e+08,1.07936e+07,60447.9
09/08/2006 06:00,9,8,5,6,0,15.6417,98.25,0,226575,4.36507e+07,4.73935e+08,1.77538e+07,226575.0
09/08/2006 07:00,9,8,5,7,0,16.45,98.75,0,0,1.12919e+08,5.83252e+08,1.90109e+07,0.0
09/08/2006 08:00,9,8,5,8,0,17.3417,97.6667,0,0,1.57906e+08,6.32452e+08,1.94109e+07,0.0
09/08/2006 09:00,9,8,5,9,0,18.4417,94.25,0,0,1.76257e+08,6.823e+08,1.99265e+07,0.0
09/08/2006 10:00,9,8,5,10,0,19.8917,89.5,0,0,2.21525e+08,7.69493e+08,2.05407e+07,0.0
09/08/2006 11:00,9,8,5,11,0,21.5333,78.8333,0,0,2.36789e+08,8.07854e+08,2.11929e+07,0.0
09/08/2006 12:00,9,8,5,12,0,22.55,70.0833,0,0,2.26915e+08,7.79619e+08,2.22632e+07,0.0
09/08/2006 13:00,9,8,5,13,0,23.0917,69.75,0,0,2.08426e+08,7.29477e+08,2.41488e+07,0.0
09/08/2006 14:00,9,8,5,14,0,24.2917,69.8333,0,0,2.55577e+08,8.36122e+08,2.31092e+07,0.0
09/08/2006 15:00,9,8,5,15,0,24.3583,67.25,0,0,2.66702e+08,8.7309e+08,1.77318e+07,0.0
09/08/2006 16:00,9,8,5,16,0,23.9,66,0,0,2.46417e+08,8.30086e+08,1.74119e+07,0.0
09/08/2006 17:00,9,8,5,17,0,23.9,67.75,0,0,2.43504e+08,8.16121e+08,1.86991e+07,0.0
09/08/2006 18:00,9,8,5,18,0,23.55,70.1667,0,0,2.33191e+08,8.02514e+08,1.94618e+07,0.0
09/08/2006 19:00,9,8,5,19,0,23.3,71,0,0,2.26749e+08,8.32585e+08,2.0279e+07,0.0
09/08/2006 20:00,9,8,5,20,0,22.6583,75.6667,0,0,2.03812e+08,7.29439e+08,1.92558e+07,0.0
09/08/2006 21:00,9,8,5,21,0,21.9083,83.6667,0,0,1.58269e+08,4.93227e+08,1.39565e+07,0.0
09/08/2006 22:00,9,8,5,22,0,21.35,88.75,0,0,1.37015e+08,3.88966e+08,1.31364e+07,0.0
09/08/2006 23:00,9,8,5,23,0,21.1,90,0,0,1.05802e+08,3.31491e+08,1.26761e+07,0.0
09/09/2006 00:00,9,9,6,0,0,20.8083,90,0,0,1.31219e+08,3.4352e+08,1.04101e+07,0.0
09/09/2006 01:00,9,9,6,1,0,20.6,90,0,0,8.46183e+07,2.14929e+08,1.54047e+06,0.0
09/09/2006 02:00,9,9,6,2,0,20.6,90,0,0,9.14282e+07,2.22992e+08,0,0.0
09/09/2006 03:00,9,9,6,3,0,20.6,88.25,0,0,8.08285e+07,2.11322e+08,0,0.0
09/09/2006 04:00,9,9,6,4,0,20.25,90.5,0,0,8.48039e+07,2.08752e+08,1.54063e+06,0.0
09/09/2006 05:00,9,9,6,5,0,20,93,0,0,0,9.11811e+07,7.9078e+06,0.0
09/09/2006 06:00,9,9,6,6,0,20,93,0,246682,8.86202e+07,2.4396e+08,9.9659e+06,246682.0
09/09/2006 07:00,9,9,6,7,0,20.35,91.25,0,232346,1.50312e+08,3.44501e+08,1.0331e+07,232346.0
09/09/2006 08:00,9,9,6,8,0,20.8917,90,0,0,1.6026e+08,3.89823e+08,1.26598e+07,0.0
09/09/2006 09:00,9,9,6,9,0,21.7417,86.5,0,0,1.63901e+08,4.08686e+08,1.3274e+07,0.0
09/09/2006 10:00,9,9,6,10,0,22.8417,84.5833,0,0,1.69084e+08,4.08526e+08,1.32293e+07,0.0
09/09/2006 11:00,9,9,6,11,0,23.65,84.4167,0,0,1.73455e+08,4.00183e+08,1.35676e+07,0.0
09/09/2006 12:00,9,9,6,12,0,24.5417,81.0833,0,0,1.75612e+08,3.83015e+08,1.32695e+07,0.0
09/09/2006 13:00,9,9,6,13,0,25.6417,77.8333,0,82024.8,1.53358e+08,3.23686e+08,1.31108e+07,82024.8
09/09/2006 14:00,9,9,6,14,0,26.7417,72.3333,0,0,1.25108e+08,2.80344e+08,1.13047e+07,0.0
09/09/2006 15:00,9,9,6,15,0,26.9083,69,0,0,1.47703e+08,3.08408e+08,1.1551e+07,0.0
09/09/2006 16:00,9,9,6,16,0,27.3417,67.8333,0,0,1.26533e+08,2.75474e+08,1.02656e+07,0.0
09/09/2006 17:00,9,9,6,17,0,27.1583,71.0833,0,0,1.49693e+08,2.84741e+08,9.75128e+06,0.0
09/09/2006 18:00,9,9,6,18,0,26.35,74,0,179527,1.13627e+08,2.24891e+08,8.90749e+06,179527.0
09/09/2006 19:00,9,9,6,19,0,25.8083,75.1667,0,0,1.30754e+08,2.70973e+08,6.29421e+06,0.0
09/09/2006 20:00,9,9,6,20,0,25.25,79.5,0,0,9.76966e+07,2.31231e+08,0,0.0
09/09/2006 21:00,9,9,6,21,0,24.0083,87.25,0,0,1.15621e+08,2.64432e+08,1.54047e+06,0.0
09/09/2006 22:00,9,9,6,22,0,23.3,87.5,0,0,8.40459e+07,2.21965e+08,0,0.0
09/09/2006 23:00,9,9,6,23,0,22.6583,89.6667,0,0,9.64195e+07,2.41404e+08,0,0.0
09/10/2006 00:00,9,10,0,0,0,22.2,91.8333,0,0,5.39243e+07,1.69938e+08,1.54047e+06,0.0
09/10/2006 01:00,9,10,0,1,0,22.2,92.1667,0,0,5.71895e+07,1.69539e+08,0,0.0
09/10/2006 02:00,9,10,0,2,0,21.5583,95.3333,0,0,6.01317e+07,1.73529e+08,0,0.0
09/10/2006 03:00,9,10,0,3,0,21.1,97,0,0,1.84037e+07,1.06234e+08,1.54079e+06,0.0
09/10/2006 04:00,9,10,0,4,0,20.8083,98.75,0,0,3.01942e+07,1.26289e+08,1.17493e+07,0.0
09/10/2006 05:00,9,10,0,5,0,20.6,100,0,0,4.75536e+07,1.54675e+08,7.53031e+06,0.0
09/10/2006 06:00,9,10,0,6,0,20.6,100,0,0,3.84915e+07,1.42725e+08,7.88748e+06,0.0
09/10/2006 07:00,9,10,0,7,0,20.8917,98.25,0,0,2.36846e+07,9.82967e+07,7.50645e+06,0.0
09/10/2006 08:00,9,10,0,8,0,21.7417,94.6667,0,0,1.10147e+08,2.2056e+08,7.53288e+06,0.0
09/10/2006 09:00,9,10,0,9,0,23.1917,90.0833,0,0,1.41471e+08,2.62742e+08,9.41595e+06,0.0
09/10/2006 10:00,9,10,0,10,0,25.825,79.8333,0,0,1.21474e+08,2.32343e+08,7.57098e+06,0.0
09/10/2006 11:00,9,10,0,11,0,27.2,71.0833,0,2144.17,1.48012e+08,2.73514e+08,9.55678e+06,2144.17
09/10/2006 12:00,9,10,0,12,0,27.8417,65.5,0,0,1.19149e+08,2.30534e+08,7.70019e+06,0.0
09/10/2006 13:00,9,10,0,13,0,28.3,64.1667,0,0,1.46989e+08,2.72404e+08,9.80063e+06,0.0
09/10/2006 14:00,9,10,0,14,0,28.65,65,0,0,1.2611e+08,2.43343e+08,9.57943e+06,0.0
09/10/2006 15:00,9,10,0,15,0,28.55,65,0,0,1.53973e+08,2.89589e+08,7.54083e+06,0.0
09/10/2006 16:00,9,10,0,16,0,28.3,65,0,0,1.29002e+08,2.50569e+08,8.43987e+06,0.0
09/10/2006 17:00,9,10,0,17,0,27.6583,63.25,0,55307.4,1.46763e+08,2.80975e+08,8.42637e+06,55307.4
09/10/2006 18:00,9,10,0,18,0,26.5583,71.9167,0,0,1.12577e+08,2.14825e+08,7.33688e+06,0.0
09/10/2006 19:00,9,10,0,19,0,25.4583,79,0,0,1.31434e+08,2.65888e+08,1.81886e+06,0.0
09/10/2006 20:00,9,10,0,20,0,24.65,82.5,0,0,1.01646e+08,2.38553e+08,1.54069e+06,0.0
09/10/2006 21:00,9,10,0,21,0,23.7583,85,0,0,1.17362e+08,2.61836e+08,0,0.0
09/10/2006 22:00,9,10,0,22,0,23.0083,82.6667,0,0,9.095e+07,2.37318e+08,0,0.0
09/10/2006 23:00,9,10,0,23,0,22.45,84.5,0,0,9.56508e+07,2.35556e+08,1.54079e+06,0.0
09/11/2006 00:00,9,11,1,0,0,21.9083,88.75,0,0,8.54011e+07,2.11242e+08,0,0.0
09/11/2006 01:00,9,11,1,1,0,21.35,91.75,0,0,8.89004e+07,2.67631e+08,1.31136e+07,0.0
09/11/2006 02:00,9,11,1,2,0,20.8083,94.75,0,0,5.54292e+07,1.94602e+08,3.7197e+06,0.0
09/11/2006 03:00,9,11,1,3,0,20.6,96,0,0,5.50402e+07,1.84941e+08,6.1238e+06,0.0
09/11/2006 04:00,9,11,1,4,0,20.6,96,0,0,6.76455e+07,2.15174e+08,8.55095e+06,0.0
09/11/2006 05:00,9,11,1,5,0,20.6,96,0,0,1.56855e+08,4.31976e+08,1.18326e+07,0.0
09/11/2006 06:00,9,11,1,6,0,20.6,96,0,0,1.76185e+08,6.28813e+08,1.76366e+07,0.0
09/11/2006 07:00,9,11,1,7,0,20.6,98.3333,0,0,2.0308e+08,7.00988e+08,1.90858e+07,0.0
09/11/2006 08:00,9,11,1,8,0,21.2417,95.9167,0,0,2.20264e+08,7.18808e+08,1.91745e+07,0.0
09/11/2006 09:00,9,11,1,9,0,21.9917,91.8333,0,0,2.47635e+08,7.82842e+08,1.98358e+07,0.0
09/11/2006 10:00,9,11,1,10,0,23.1917,84,0,0,2.62099e+08,8.24792e+08,2.05993e+07,0.0
09/11/2006 11:00,9,11,1,11,0,24.5417,76.0833,0,0,2.69169e+08,8.40917e+08,2.13117e+07,0.0
09/11/2006 12:00,9,11,1,12,0,25,75.75,0,0,2.64855e+08,8.18231e+08,2.22654e+07,0.0
09/11/2006 13:00,9,11,1,13,0,25.6417,72.3333,0,0,2.39889e+08,7.6402e+08,2.42616e+07,0.0
09/11/2006 14:00,9,11,1,14,0,27.0917,67.8333,0,0,2.9367e+08,8.70891e+08,2.31295e+07,0.0
09/11/2006 15:00,9,11,1,15,0,27.1583,67,0,0,2.89606e+08,8.77871e+08,1.77782e+07,0.0
09/11/2006 16:00,9,11,1,16,0,26.35,68.1667,0,0,2.77504e+08,8.53954e+08,1.81423e+07,0.0
09/11/2006 17:00,9,11,1,17,0,25.8083,69,0,0,2.63749e+08,8.27968e+08,1.87701e+07,0.0
09/11/2006 18:00,9,11,1,18,0,25.6,66.0833,0,0,2.48774e+08,8.21238e+08,1.9541e+07,0.0
09/11/2006 19:00,9,11,1,19,0,24.9,71,0,0,2.44212e+08,8.50907e+08,2.03691e+07,0.0
09/11/2006 20:00,9,11,1,20,0,24.1083,80.6667,0,0,2.25679e+08,7.52121e+08,1.92634e+07,0.0
09/11/2006 21:00,9,11,1,21,0,23.55,84.5833,0,0,1.70989e+08,5.08348e+08,1.39765e+07,0.0
09/11/2006 22:00,9,11,1,22,0,23.0083,86.1667,0,0,1.44021e+08,3.95639e+08,1.31517e+07,0.0
09/11/2006 23:00,9,11,1,23,0,22.8,87,0,0,1.14846e+08,3.41868e+08,1.26892e+07,0.0
09/12/2006 00:00,9,12,2,0,0,22.8,88.75,0,0,1.42072e+08,3.49185e+08,1.04018e+07,0.0
09/12/2006 01:00,9,12,2,1,0,22.45,91.75,0,0,1.09882e+08,2.99979e+08,9.71712e+06,0.0
09/12/2006 02:00,9,12,2,2,0,21.9083,94.75,0,173310,1.14263e+08,2.6591e+08,3.63495e+06,173310.0
09/12/2006 03:00,9,12,2,3,0,21.35,96.5833,0,199821,9.40692e+07,2.4465e+08,6.29563e+06,199821.0
09/12/2006 04:00,9,12,2,4,0,21.45,94.6667,0,239547,1.19251e+08,2.95651e+08,8.78704e+06,239547.0
09/12/2006 05:00,9,12,2,5,0,21.35,95.3333,0,105779,1.60975e+08,4.35724e+08,1.19505e+07,105779.0
09/12/2006 06:00,9,12,2,6,0,21.625,95.25,0,0,1.92306e+08,6.59737e+08,1.76524e+07,0.0
09/12/2006 07:00,9,12,2,7,0,21.825,95.1667,0,0,2.2638e+08,7.35377e+08,1.91073e+07,0.0
09/12/2006 08:00,9,12,2,8,0,22.4583,94.8333,0,0,2.37819e+08,7.46034e+08,1.92359e+07,0.0
09/12/2006 09:00,9,12,2,9,0,23.525,90.5,0,0,2.60301e+08,7.87619e+08,1.98688e+07,0.0
09/12/2006 10:00,9,12,2,10,0,24.1917,88,0,0,2.89722e+08,8.61661e+08,2.06317e+07,0.0
09/12/2006 11:00,9,12,2,11,0,25.1,86.25,0,0,3.06577e+08,8.90159e+08,2.13434e+07,0.0
09/12/2006 12:00,9,12,2,12,0,26.2417,78.5833,0,0,2.98272e+08,8.55937e+08,2.22957e+07,0.0
09/12/2006 13:00,9,12,2,13,0,26.9917,74,0,0,2.69214e+08,8.02197e+08,2.429e+07,0.0
09/12/2006 14:00,9,12,2,14,0,27.55,72.8333,0,0,3.21772e+08,8.96925e+08,2.31611e+07,0.0
09/12/2006 15:00,9,12,2,15,0,27.8,67.9167,0,0,3.26146e+08,9.46798e+08,1.78118e+07,0.0
09/12/2006 16:00,9,12,2,16,0,27.8,69.0833,0,0,3.29073e+08,9.65431e+08,1.81411e+07,0.0
09/12/2006 17:00,9,12,2,17,0,27.8,70.25,0,0,3.20864e+08,9.37689e+08,1.87895e+07,0.0
09/12/2006 18:00,9,12,2,18,0,27.1583,70.1667,0,0,2.95209e+08,8.96715e+08,1.95635e+07,0.0
09/12/2006 19:00,9,12,2,19,0,26.0583,77.4167,0,0,2.80388e+08,9.10637e+08,2.03958e+07,0.0
09/12/2006 20:00,9,12,2,20,0,25.25,83.1667,0,0,2.50161e+08,7.86746e+08,1.92938e+07,0.0
09/12/2006 21:00,9,12,2,21,0,24.65,88.0833,0,0,1.89329e+08,5.30045e+08,1.39855e+07,0.0
09/12/2006 22:00,9,12,2,22,0,24.4,89.25,0,0,1.54436e+08,4.09837e+08,1.31539e+07,0.0
09/12/2006 23:00,9,12,2,23,0,24.1083,88,0,163563,1.27004e+08,3.62728e+08,1.28569e+07,163563.0
09/13/2006 00:00,9,13,3,0,0,23.9,88,0,0,1.47534e+08,3.55512e+08,1.04135e+07,0.0
09/13/2006 01:00,9,13,3,1,0,23.55,89.75,0,0,1.13898e+08,2.99427e+08,9.71857e+06,0.0
09/13/2006 02:00,9,13,3,2,0,23.3,91,0,152565,1.30425e+08,2.90945e+08,3.66058e+06,152565.0
09/13/2006 03:00,9,13,3,3,0,23.3,91,0,0,1.05577e+08,2.52725e+08,6.10849e+06,0.0
09/13/2006 04:00,9,13,3,4,0,23.0083,92.75,0,0,1.2495e+08,2.92389e+08,8.55444e+06,0.0
09/13/2006 05:00,9,13,3,5,0,22.8,91.6667,0,289413,1.6665e+08,4.40875e+08,1.21305e+07,289413.0
09/13/2006 06:00,9,13,3,6,0,22.8,90,0,0,2.01247e+08,6.73779e+08,1.76635e+07,0.0
09/13/2006 07:00,9,13,3,7,0,23.0917,87.0833,0,0,2.32348e+08,7.50285e+08,1.91288e+07,0.0
09/13/2006 08:00,9,13,3,8,0,23.9417,81.5,0,0,2.39828e+08,7.56606e+08,1.93444e+07,0.0
09/13/2006 09:00,9,13,3,9,0,25.3917,74.9167,0,0,2.59753e+08,7.949e+08,1.99019e+07,0.0
09/13/2006 10:00,9,13,3,10,0,26.1,70.25,0,0,2.82925e+08,8.61373e+08,2.0664e+07,0.0
09/13/2006 11:00,9,13,3,11,0,26.7417,67.8333,0,0,2.96105e+08,8.8645e+08,2.13751e+07,0.0
09/13/2006 12:00,9,13,3,12,0,27.8417,64.6667,0,0,2.92182e+08,8.5367e+08,2.23252e+07,0.0
09/13/2006 13:00,9,13,3,13,0,28.3,61.8333,0,0,2.61618e+08,8.0211e+08,2.43171e+07,0.0
09/13/2006 14:00,9,13,3,14,0,28.3,59.8333,0,0,2.99606e+08,8.87269e+08,2.31977e+07,0.0
09/13/2006 15:00,9,13,3,15,0,28.3,57.8333,0,0,3.09935e+08,9.28819e+08,1.78516e+07,0.0
09/13/2006 16:00,9,13,3,16,0,28.0083,56.4167,0,0,3.01591e+08,9.24949e+08,1.80934e+07,0.0
09/13/2006 17:00,9,13,3,17,0,27.45,56,0,0,2.78211e+08,9.00136e+08,1.88084e+07,0.0
09/13/2006 18:00,9,13,3,18,0,26.5583,56,0,0,2.55228e+08,8.58637e+08,1.95858e+07,0.0
09/13/2006 19:00,9,13,3,19,0,24.8167,59.5,0,0,2.31351e+08,8.62718e+08,2.04219e+07,0.0
09/13/2006 20:00,9,13,3,20,0,23.55,62,0,0,1.93278e+08,7.12873e+08,1.933e+07,0.0
09/13/2006 21:00,9,13,3,21,0,23.3,57.9167,0,0,1.44563e+08,4.72637e+08,1.39964e+07,0.0
09/13/2006 22:00,9,13,3,22,0,22.6583,61.4167,0,0,1.15604e+08,3.72012e+08,1.31638e+07,0.0
09/13/2006 23:00,9,13,3,23,0,21.5583,70.0833,0,0,9.09585e+07,3.19651e+08,1.2699e+07,0.0
09/14/2006 00:00,9,14,4,0,0,20.4583,73,0,0,8.55932e+07,2.90927e+08,1.04271e+07,0.0
09/14/2006 01:00,9,14,4,1,0,20,75.9167,0,0,6.01725e+07,2.46048e+08,9.72417e+06,0.0
09/14/2006 02:00,9,14,4,2,0,19.65,75.0833,0,0,5.28296e+07,2.02091e+08,3.56574e+06,0.0
09/14/2006 03:00,9,14,4,3,0,19.4,77.6667,0,226047,4.37212e+07,1.91898e+08,6.34557e+06,226047.0
09/14/2006 04:00,9,14,4,4,0,18.7583,82.75,0,176178,5.57354e+07,2.27156e+08,8.76055e+06,176178.0
09/14/2006 05:00,9,14,4,5,0,18.65,84,0,176331,7.29904e+07,3.27312e+08,1.19995e+07,176331.0
09/14/2006 06:00,9,14,4,6,0,18.9,78.75,0,0,1.07136e+08,5.52173e+08,1.76784e+07,0.0
09/14/2006 07:00,9,14,4,7,0,18.9,76.75,0,0,1.36334e+08,6.19302e+08,1.91509e+07,0.0
09/14/2006 08:00,9,14,4,8,0,19.5417,75.0833,0,0,1.57997e+08,6.53496e+08,1.94233e+07,0.0
09/14/2006 09:00,9,14,4,9,0,20.9917,71.25,0,0,1.6815e+08,6.67911e+08,1.99361e+07,0.0
09/14/2006 10:00,9,14,4,10,0,22.6333,64.1667,0,0,1.8521e+08,6.95891e+08,2.06975e+07,0.0
09/14/2006 11:00,9,14,4,11,0,23.9417,58.8333,0,0,2.15717e+08,7.63529e+08,2.1408e+07,0.0
09/14/2006 12:00,9,14,4,12,0,24.75,59.1667,0,0,2.27461e+08,7.81154e+08,2.23564e+07,0.0
09/14/2006 13:00,9,14,4,13,0,25.35,62.3333,0,0,2.22448e+08,7.51481e+08,2.4346e+07,0.0
09/14/2006 14:00,9,14,4,14,0,25.8917,66.9167,0,0,2.75586e+08,8.69482e+08,2.32318e+07,0.0
09/14/2006 15:00,9,14,4,15,0,26.1,71.9167,0,0,2.84326e+08,8.67676e+08,1.78897e+07,0.0
09/14/2006 16:00,9,14,4,16,0,26.1,74,0,0,2.98992e+08,8.9714e+08,1.8079e+07,0.0
09/14/2006 17:00,9,14,4,17,0,25.8083,75.1667,0,0,2.78209e+08,8.48601e+08,1.88285e+07,0.0
09/14/2006 18:00,9,14,4,18,0,24.9,77.75,0,0,2.64136e+08,8.39853e+08,1.96094e+07,0.0
09/14/2006 19:00,9,14,4,19,0,24.1083,80.75,0,0,2.54302e+08,8.69237e+08,2.04496e+07,0.0
09/14/2006 20:00,9,14,4,20,0,23.55,87.25,0,0,2.30954e+08,7.58651e+08,1.93634e+07,0.0
09/14/2006 21:00,9,14,4,21,0,23.65,90.4167,0,0,1.79519e+08,5.16117e+08,1.4008e+07,0.0
09/14/2006 22:00,9,14,4,22,0,23.55,88.25,0,0,1.48519e+08,4.00645e+08,1.31734e+07,0.0
09/14/2006 23:00,9,14,4,23,0,23.0083,91.0833,0,0,1.18512e+08,3.45675e+08,1.2704e+07,0.0
09/15/2006 00:00,9,15,5,0,0,22.45,97.5,0,0,1.44464e+08,3.50193e+08,1.04365e+07,0.0
09/15/2006 01:00,9,15,5,1,0,22.2,100,0,0,1.10624e+08,2.97523e+08,9.72778e+06,0.0
09/15/2006 02:00,9,15,5,2,0,22.55,100,0,179246,1.30093e+08,2.89618e+08,3.79283e+06,179246.0
09/15/2006 03:00,9,15,5,3,0,22.8,94.1667,0,219227,1.00016e+08,2.52196e+08,6.35513e+06,219227.0
09/15/2006 04:00,9,15,5,4,0,22.8,78.9167,0,0,1.1651e+08,2.91189e+08,8.55108e+06,0.0
09/15/2006 05:00,9,15,5,5,0,21.8083,75.0833,0,203781,1.42707e+08,4.18589e+08,1.20654e+07,203781.0
09/15/2006 06:00,9,15,5,6,0,20.8083,75.0833,0,0,1.56334e+08,6.07852e+08,1.76947e+07,0.0
09/15/2006 07:00,9,15,5,7,0,20.25,73,0,0,1.57735e+08,6.46368e+08,1.91739e+07,0.0
09/15/2006 08:00,9,15,5,8,0,20,73,0,0,1.58588e+08,6.64169e+08,1.94854e+07,0.0
09/15/2006 09:00,9,15,5,9,0,20.6417,67.1667,0,0,1.61876e+08,6.92925e+08,1.99713e+07,0.0
09/15/2006 10:00,9,15,5,10,0,21.1,60.6667,0,0,1.67252e+08,7.1702e+08,2.0732e+07,0.0
09/15/2006 11:00,9,15,5,11,0,21.7417,54.3333,0,0,1.73637e+08,7.2797e+08,2.14419e+07,0.0
09/15/2006 12:00,9,15,5,12,0,22.55,51,0,0,1.7736e+08,7.16934e+08,2.23888e+07,0.0
09/15/2006 13:00,9,15,5,13,0,22.8,51,0,0,1.67614e+08,6.72005e+08,2.43764e+07,0.0
09/15/2006 14:00,9,15,5,14,0,23.4417,48.0833,0,0,1.91803e+08,7.56085e+08,2.32647e+07,0.0
09/15/2006 15:00,9,15,5,15,0,23.55,48.3333,0,0,2.00767e+08,7.95273e+08,1.7927e+07,0.0
09/15/2006 16:00,9,15,5,16,0,22.6583,48.8333,0,0,1.88962e+08,7.69192e+08,1.80849e+07,0.0
09/15/2006 17:00,9,15,5,17,0,19.925,53.8333,0,0,1.60953e+08,6.88906e+08,1.88496e+07,0.0
09/15/2006 18:00,9,15,5,18,0,17.6583,59.1667,0,0,1.23584e+08,6.48762e+08,1.96341e+07,0.0
09/15/2006 19:00,9,15,5,19,0,16.5583,62.3333,0,0,8.18975e+07,6.4412e+08,2.04784e+07,0.0
09/15/2006 20:00,9,15,5,20,0,15.8083,64,0,0,4.60384e+07,5.28042e+08,1.93953e+07,0.0
09/15/2006 21:00,9,15,5,21,0,15.25,65.75,0,0,1.62352e+07,3.21437e+08,1.40187e+07,0.0
09/15/2006 22:00,9,15,5,22,0,14.65,67,0,223732,1.08347e+07,2.44053e+08,1.34096e+07,223732.0
09/15/2006 23:00,9,15,5,23,0,14.1083,69.9167,0,181561,5.69894e+06,2.1468e+08,1.28916e+07,181561.0
09/16/2006 00:00,9,16,6,0,0,13.9,70.25,0,0,4.41866e+06,1.7058e+08,1.04454e+07,0.0
09/16/2006 01:00,9,16,6,1,0,13.9,67.8333,0,0,1.65395e+06,9.60317e+07,1.54079e+06,0.0
09/16/2006 02:00,9,16,6,2,0,13.55,68.1667,0,0,0,9.227e+07,0,0.0
09/16/2006 03:00,9,16,6,3,0,13.0083,70.75,0,0,0,8.59538e+07,1.54078e+06,0.0
09/16/2006 04:00,9,16,6,4,0,12.45,74.9167,0,0,0,8.86774e+07,0,0.0
09/16/2006 05:00,9,16,6,5,0,12.2,78.75,0,0,0,9.58177e+07,9.06569e+06,0.0
09/16/2006 06:00,9,16,6,6,0,12.2,80,0,1.25991e+07,946627,1.29077e+08,2.0909e+07,12599100.0
09/16/2006 07:00,9,16,6,7,0,12.55,80,0,6.75369e+06,2.52856e+06,1.39635e+08,1.83395e+07,6753690.0
09/16/2006 08:00,9,16,6,8,0,13.7333,77.0833,0,1.65401e+06,3.80116e+06,1.86093e+08,1.22534e+07,1654010.0
09/16/2006 09:00,9,16,6,9,0,15.7417,72.0833,0,19882.3,2.03798e+07,2.44081e+08,1.34979e+07,19882.3
09/16/2006 10:00,9,16,6,10,0,16.9917,67.0833,0,0,4.65313e+07,2.64815e+08,1.34281e+07,0.0
09/16/2006 11:00,9,16,6,11,0,17.55,62.0833,0,0,5.40104e+07,2.57061e+08,1.50075e+07,0.0
09/16/2006 12:00,9,16,6,12,0,18.7333,58.25,0,0,5.53018e+07,2.31296e+08,1.36059e+07,0.0
09/16/2006 13:00,9,16,6,13,0,18.7583,56.4167,0,0,4.83282e+07,1.98348e+08,1.24078e+07,0.0
09/16/2006 14:00,9,16,6,14,0,18.3,54.8333,0,206326,3.75311e+07,1.7288e+08,1.1629e+07,206326.0
09/16/2006 15:00,9,16,6,15,0,18.65,55.1667,0,0,4.62866e+07,1.90986e+08,1.18115e+07,0.0
09/16/2006 16:00,9,16,6,16,0,18.9,58.9167,0,378300,4.86217e+07,1.82217e+08,1.12032e+07,378300.0
09/16/2006 17:00,9,16,6,17,0,18.55,58.0833,0,0,5.08321e+07,1.70887e+08,9.75947e+06,0.0
09/16/2006 18:00,9,16,6,18,0,17.6583,58.3333,0,0,2.80003e+07,1.28396e+08,7.61658e+06,0.0
09/16/2006 19:00,9,16,6,19,0,16.9083,61.1667,0,0,1.7446e+07,1.44172e+08,7.39186e+06,0.0
09/16/2006 20:00,9,16,6,20,0,16.0583,62,0,0,6.02193e+06,1.22137e+08,0,0.0
09/16/2006 21:00,9,16,6,21,0,15.25,63.1667,0,0,974157,1.08908e+08,0,0.0
09/16/2006 22:00,9,16,6,22,0,14.65,65.75,0,0,0,9.41737e+07,1.54079e+06,0.0
09/16/2006 23:00,9,16,6,23,0,13.7583,69.9167,0,0,0,9.90634e+07,0,0.0
09/17/2006 00:00,9,17,0,0,0,13.0083,73.1667,0,0,0,8.3339e+07,0,0.0
09/17/2006 01:00,9,17,0,1,0,12.45,74,0,0,0,8.0871e+07,1.54073e+06,0.0
09/17/2006 02:00,9,17,0,2,0,12.2,74,0,0,0,8.56396e+07,0,0.0
09/17/2006 03:00,9,17,0,3,0,11.9083,75.75,0,0,0,7.85527e+07,0,0.0
09/17/2006 04:00,9,17,0,4,0,11.9917,75.25,0,0,0,8.56772e+07,1.29655e+07,0.0
09/17/2006 05:00,9,17,0,5,0,11.2667,79.25,0,0,0,8.03666e+07,7.37197e+06,0.0
09/17/2006 06:00,9,17,0,6,0,10.25,83,0,0,0,9.8821e+07,7.4477e+06,0.0
09/17/2006 07:00,9,17,0,7,0,10.9917,79.5,0,0,0,5.85565e+07,7.51239e+06,0.0
09/17/2006 08:00,9,17,0,8,0,12.9833,72.3333,0,0,122053,7.70671e+07,9.13967e+06,0.0
09/17/2006 09:00,9,17,0,9,0,14.8917,64.9167,0,0,5.67741e+06,1.14064e+08,7.82524e+06,0.0
09/17/2006 10:00,9,17,0,10,0,16.5333,57.3333,0,0,2.12273e+07,1.20556e+08,7.578e+06,0.0
09/17/2006 11:00,9,17,0,11,0,18.1917,49.9167,0,0,4.44435e+07,1.54399e+08,9.5594e+06,0.0
09/17/2006 12:00,9,17,0,12,0,19.8917,45.8333,0,0,5.22723e+07,1.5282e+08,9.51092e+06,0.0
09/17/2006 13:00,9,17,0,13,0,20.6,45,0,0,7.48641e+07,1.86537e+08,8.81519e+06,0.0
09/17/2006 14:00,9,17,0,14,0,20.8917,42.6667,0,0,6.20743e+07,1.63001e+08,8.80912e+06,0.0
09/17/2006 15:00,9,17,0,15,0,21.7417,42.1667,0,0,9.4663e+07,2.09608e+08,8.14648e+06,0.0
09/17/2006 16:00,9,17,0,16,0,22.2,44.75,0,0,7.91553e+07,1.84448e+08,8.80513e+06,0.0
09/17/2006 17:00,9,17,0,17,0,21.5583,48.9167,0,0,8.4844e+07,1.99378e+08,7.43265e+06,0.0
09/17/2006 18:00,9,17,0,18,0,20.1083,55.6667,0,0,4.67287e+07,1.40532e+08,7.35492e+06,0.0
09/17/2006 19:00,9,17,0,19,0,18.7583,61.3333,0,0,3.67792e+07,1.67646e+08,3.36545e+06,0.0
09/17/2006 20:00,9,17,0,20,0,17.6583,70,0,0,1.5575e+07,1.44573e+08,0,0.0
09/17/2006 21:00,9,17,0,21,0,17.2,73.25,0,0,0,9.18554e+07,0,0.0
09/17/2006 22:00,9,17,0,22,0,16.5583,73.75,0,0,0,9.18554e+07,1.54077e+06,0.0
09/17/2006 23:00,9,17,0,23,0,16.1,75,0,0,0,9.18554e+07,0,0.0
09/18/2006 00:00,9,18,1,0,0,15.4583,78.5,0,0,0,7.85527e+07,0,0.0
09/18/2006 01:00,9,18,1,1,0,15,81,0,1.08084e+06,1.13043e+06,1.56037e+08,1.53533e+07,1080840.0
09/18/2006 02:00,9,18,1,2,0,14.3583,84.5,0,0,0,9.9572e+07,2.37433e+06,0.0
09/18/2006 03:00,9,18,1,3,0,13.9,87,0,1.72012e+06,0,1.03261e+08,8.51609e+06,1720120.0
09/18/2006 04:00,9,18,1,4,0,13.55,88.75,0,4.15169e+06,0,1.20802e+08,1.29893e+07,4151690.0
09/18/2006 05:00,9,18,1,5,0,13.3,88.25,0,0,63062.6,2.15827e+08,1.16162e+07,0.0
09/18/2006 06:00,9,18,1,6,0,13.3,88.75,0,405331,9.36142e+06,4.04431e+08,1.81273e+07,405331.0
09/18/2006 07:00,9,18,1,7,0,13.65,88.25,0,0,1.33794e+07,4.36102e+08,1.92383e+07,0.0
09/18/2006 08:00,9,18,1,8,0,14.5417,87,0,0,1.7546e+07,4.6295e+08,1.96572e+07,0.0
09/18/2006 09:00,9,18,1,9,0,15.9917,81.75,0,0,4.95905e+07,5.07984e+08,2.01965e+07,0.0
09/18/2006 10:00,9,18,1,10,0,17.6333,78,0,0,1.09649e+08,5.91801e+08,2.08425e+07,0.0
09/18/2006 11:00,9,18,1,11,0,18.9417,72.1667,0,0,1.56335e+08,6.60903e+08,2.15308e+07,0.0
09/18/2006 12:00,9,18,1,12,0,20.3917,63.9167,0,0,1.57528e+08,6.60249e+08,2.26622e+07,0.0
09/18/2006 13:00,9,18,1,13,0,21.45,61,0,0,1.54757e+08,6.22182e+08,2.44593e+07,0.0
09/18/2006 14:00,9,18,1,14,0,21.9917,59.8333,0,0,1.64068e+08,6.74966e+08,2.33928e+07,0.0
09/18/2006 15:00,9,18,1,15,0,22.2,59,0,0,1.65721e+08,6.74016e+08,1.80638e+07,0.0
09/18/2006 16:00,9,18,1,16,0,21.9083,59,0,0,1.63539e+08,6.69397e+08,1.78371e+07,0.0
09/18/2006 17:00,9,18,1,17,0,21.0583,62.5,0,0,1.58791e+08,6.61613e+08,1.89103e+07,0.0
09/18/2006 18:00,9,18,1,18,0,20.25,71.4167,0,0,1.58763e+08,6.86004e+08,1.97064e+07,0.0
09/18/2006 19:00,9,18,1,19,0,19.3583,80.6667,0,0,1.58947e+08,7.27053e+08,2.0564e+07,0.0
09/18/2006 20:00,9,18,1,20,0,18.55,85.75,0,0,1.49576e+08,6.35808e+08,1.95252e+07,0.0
09/18/2006 21:00,9,18,1,21,0,18.3,85.25,0,0,8.32332e+07,3.92197e+08,1.40566e+07,0.0
09/18/2006 22:00,9,18,1,22,0,18.3,84,0,207679,6.38329e+07,3.17192e+08,1.34246e+07,207679.0
09/18/2006 23:00,9,18,1,23,0,18.3,85.75,0,0,5.39984e+07,2.86633e+08,1.27261e+07,0.0
09/19/2006 00:00,9,19,2,0,0,18.65,83.5,0,0,5.8222e+07,2.56453e+08,1.11743e+07,0.0
09/19/2006 01:00,9,19,2,1,0,18.9,81,0,276153,4.64704e+07,2.27798e+08,9.32413e+06,276153.0
09/19/2006 02:00,9,19,2,2,0,18.55,84.5,0,232548,5.03226e+07,2.04696e+08,4.00237e+06,232548.0
09/19/2006 03:00,9,19,2,3,0,18.0083,90.5,0,0,3.8471e+07,1.69565e+08,6.00783e+06,0.0
09/19/2006 04:00,9,19,2,4,0,17.8,94.75,0,261206,6.11562e+07,2.3154e+08,9.88321e+06,261206.0
09/19/2006 05:00,9,19,2,5,0,17.45,98.3333,0,75966.3,8.89418e+07,3.44481e+08,1.08891e+07,75966.3
09/19/2006 06:00,9,19,2,6,0,17.55,100,0,253579,1.38727e+08,5.82459e+08,1.78666e+07,253579.0
09/19/2006 07:00,9,19,2,7,0,18.0917,100,0,0,1.6223e+08,6.5468e+08,1.92496e+07,0.0
09/19/2006 08:00,9,19,2,8,0,18.3,100,0,0,1.66542e+08,6.52107e+08,1.9676e+07,0.0
09/19/2006 09:00,9,19,2,9,0,18.65,100,0,0,1.77444e+08,6.48831e+08,2.0214e+07,0.0
09/19/2006 10:00,9,19,2,10,0,19.1917,100,0,0,1.95997e+08,6.72287e+08,2.08632e+07,0.0
09/19/2006 11:00,9,19,2,11,0,19.1083,100,0,0,1.97552e+08,6.78124e+08,2.15551e+07,0.0
09/19/2006 12:00,9,19,2,12,0,19.1917,100,0,0,1.9535e+08,6.78467e+08,2.27372e+07,0.0
09/19/2006 13:00,9,19,2,13,0,19.1083,100,0,0,1.76304e+08,6.32394e+08,2.52667e+07,0.0
09/19/2006 14:00,9,19,2,14,0,18.55,98.25,0,0,1.74578e+08,6.49923e+08,2.34907e+07,0.0
09/19/2006 15:00,9,19,2,15,0,18.0083,98.75,0,0,1.65675e+08,6.41529e+08,1.81847e+07,0.0
09/19/2006 16:00,9,19,2,16,0,18.0917,98.25,0,0,1.69568e+08,6.46706e+08,1.72026e+07,0.0
09/19/2006 17:00,9,19,2,17,0,18.0083,92.9167,0,0,1.61613e+08,6.47298e+08,1.87476e+07,0.0
09/19/2006 18:00,9,19,2,18,0,17.1583,90,0,0,1.30911e+08,6.40617e+08,1.97172e+07,0.0
09/19/2006 19:00,9,19,2,19,0,16.9917,86.5,0,0,8.73617e+07,6.35976e+08,2.05797e+07,0.0
09/19/2006 20:00,9,19,2,20,0,17.2,82.25,0,0,7.41834e+07,5.46846e+08,1.96312e+07,0.0
09/19/2006 21:00,9,19,2,21,0,16.9083,82.75,0,0,4.03799e+07,3.44665e+08,1.50202e+07,0.0
09/19/2006 22:00,9,19,2,22,0,16.35,89.25,0,207487,2.75682e+07,2.66776e+08,1.31408e+07,207487.0
09/19/2006 23:00,9,19,2,23,0,15.8083,93,0,175135,1.4263e+07,2.30002e+08,1.23056e+07,175135.0
09/20/2006 00:00,9,20,3,0,0,15.6,93,0,160908,1.29485e+07,2.08116e+08,1.26031e+07,160908.0
09/20/2006 01:00,9,20,3,1,0,15.6,93,0,581502,8.0615e+06,1.78608e+08,8.39483e+06,581502.0
09/20/2006 02:00,9,20,3,2,0,14.9,97.0833,0,231991,3.2426e+06,1.33908e+08,4.0043e+06,231991.0
09/20/2006 03:00,9,20,3,3,0,14.4,100,0,2.3872e+06,495116,1.05106e+08,8.26223e+06,2387200.0
09/20/2006 04:00,9,20,3,4,0,14.1083,100,0,8.11286e+06,1.69329e+06,1.3213e+08,1.77544e+07,8112860.0
09/20/2006 05:00,9,20,3,5,0,13.9,100,0,68810.3,2.25382e+06,2.51784e+08,1.24372e+07,68810.3
09/20/2006 06:00,9,20,3,6,0,14.1917,100,0,303433,1.36582e+07,4.46654e+08,1.61738e+07,303433.0
09/20/2006 07:00,9,20,3,7,0,15.1,100,0,0,3.64295e+07,5.02702e+08,1.91512e+07,0.0
09/20/2006 08:00,9,20,3,8,0,16.5333,100,0,0,1.37865e+08,6.15563e+08,1.96863e+07,0.0
09/20/2006 09:00,9,20,3,9,0,18.1917,97.6667,0,0,1.83341e+08,6.96303e+08,2.02199e+07,0.0
09/20/2006 10:00,9,20,3,10,0,20.5333,90.75,0,0,2.34936e+08,7.84376e+08,2.08724e+07,0.0
09/20/2006 11:00,9,20,3,11,0,22.6333,85.8333,0,0,2.57649e+08,8.14521e+08,2.1567e+07,0.0
09/20/2006 12:00,9,20,3,12,0,24.6417,79.75,0,0,2.67284e+08,8.01881e+08,2.26969e+07,0.0
09/20/2006 13:00,9,20,3,13,0,26.5333,69.5833,0,0,2.48643e+08,7.59733e+08,2.58376e+07,0.0
09/20/2006 14:00,9,20,3,14,0,27.55,66.1667,0,0,2.96364e+08,8.46515e+08,2.39783e+07,0.0
09/20/2006 15:00,9,20,3,15,0,28.4417,64.6667,0,0,3.18012e+08,9.07265e+08,1.8863e+07,0.0
09/20/2006 16:00,9,20,3,16,0,28.55,64.1667,0,0,3.19726e+08,9.2667e+08,1.75164e+07,0.0
09/20/2006 17:00,9,20,3,17,0,27.0167,72,0,0,3.03395e+08,9.07196e+08,1.83731e+07,0.0
09/20/2006 18:00,9,20,3,18,0,25.4583,79.9167,0,0,2.81605e+08,8.75837e+08,1.95776e+07,0.0
09/20/2006 19:00,9,20,3,19,0,24.3583,85.5,0,0,2.64816e+08,8.85643e+08,2.06614e+07,0.0
09/20/2006 20:00,9,20,3,20,0,24.1917,82.75,0,0,2.32887e+08,7.61101e+08,1.89319e+07,0.0
09/20/2006 21:00,9,20,3,21,0,24.1083,80.75,0,0,1.75396e+08,5.12495e+08,1.60634e+07,0.0
09/20/2006 22:00,9,20,3,22,0,23.55,82,0,0,1.44208e+08,3.96308e+08,1.31908e+07,0.0
09/20/2006 23:00,9,20,3,23,0,23.0083,83.1667,0,0,1.14071e+08,3.41593e+08,1.09035e+07,0.0
09/21/2006 00:00,9,21,4,0,0,22.8,84,0,0,1.37383e+08,3.4378e+08,1.221e+07,0.0
09/21/2006 01:00,9,21,4,1,0,22.45,88.0833,0,0,1.03589e+08,2.90303e+08,9.71198e+06,0.0
09/21/2006 02:00,9,21,4,2,0,22.55,88.6667,0,174886,1.24401e+08,2.84796e+08,2.05667e+06,174886.0
09/21/2006 03:00,9,21,4,3,0,22.45,90.5,0,0,8.99845e+07,2.28177e+08,7.32616e+06,0.0
09/21/2006 04:00,9,21,4,4,0,22.55,91.25,0,196036,1.24275e+08,2.99387e+08,7.91141e+06,196036.0
09/21/2006 05:00,9,21,4,5,0,23.0917,85.3333,0,234583,1.63646e+08,4.38268e+08,1.30007e+07,234583.0
09/21/2006 06:00,9,21,4,6,0,22.6583,68.5833,0,0,1.66347e+08,6.27059e+08,1.78377e+07,0.0
09/21/2006 07:00,9,21,4,7,0,21.9083,55.5,0,0,1.57793e+08,6.57955e+08,1.9277e+07,0.0
09/21/2006 08:00,9,21,4,8,0,21.7,54.1667,0,0,1.57867e+08,6.43901e+08,1.95132e+07,0.0
09/21/2006 09:00,9,21,4,9,0,22.3417,52.0833,0,0,1.65668e+08,6.72317e+08,2.02028e+07,0.0
09/21/2006 10:00,9,21,4,10,0,23.0917,51.75,0,0,1.80956e+08,7.25039e+08,2.09592e+07,0.0
09/21/2006 11:00,9,21,4,11,0,23.3,53,0,0,1.87444e+08,7.28121e+08,2.16651e+07,0.0
09/21/2006 12:00,9,21,4,12,0,23.65,51.8333,0,0,1.87894e+08,7.05822e+08,2.26084e+07,0.0
09/21/2006 13:00,9,21,4,13,0,24.1917,50.4167,0,0,1.80637e+08,6.76962e+08,2.45888e+07,0.0
09/21/2006 14:00,9,21,4,14,0,24.75,48.8333,0,0,2.15564e+08,7.51357e+08,2.34181e+07,0.0
09/21/2006 15:00,9,21,4,15,0,25,49.1667,0,0,2.36543e+08,8.08018e+08,1.83959e+07,0.0
09/21/2006 16:00,9,21,4,16,0,24.65,52.3333,0,0,2.3944e+08,8.27865e+08,1.83404e+07,0.0
09/21/2006 17:00,9,21,4,17,0,23.7583,53.4167,0,0,1.99812e+08,7.76666e+08,1.89973e+07,0.0
09/21/2006 18:00,9,21,4,18,0,22.6583,53,0,0,1.76059e+08,7.42585e+08,1.98049e+07,0.0
09/21/2006 19:00,9,21,4,19,0,21.5583,55.3333,0,0,1.62319e+08,7.53729e+08,2.06772e+07,0.0
09/21/2006 20:00,9,21,4,20,0,20.1083,59.3333,0,0,1.48695e+08,6.45978e+08,1.95482e+07,0.0
09/21/2006 21:00,9,21,4,21,0,18.7583,63.3333,0,0,7.72214e+07,3.89256e+08,1.40823e+07,0.0
09/21/2006 22:00,9,21,4,22,0,17.6583,66.1667,0,0,4.31362e+07,2.87796e+08,1.32265e+07,0.0
09/21/2006 23:00,9,21,4,23,0,16.9083,67,0,201413,2.99832e+07,2.5175e+08,1.29455e+07,201413.0
09/22/2006 00:00,9,22,5,0,0,16.35,67,0,0,2.28587e+07,2.26253e+08,1.09388e+07,0.0
09/22/2006 01:00,9,22,5,1,0,15.8083,69.9167,0,0,1.04345e+07,1.83388e+08,9.29453e+06,0.0
09/22/2006 02:00,9,22,5,2,0,15.25,73.75,0,0,6.05239e+06,1.52164e+08,3.77112e+06,0.0
09/22/2006 03:00,9,22,5,3,0,15,73.25,0,270801,2.77231e+06,1.32144e+08,6.2601e+06,270801.0
09/22/2006 04:00,9,22,5,4,0,14.0083,79,0,199515,1.82757e+06,1.36597e+08,9.82872e+06,199515.0
09/22/2006 05:00,9,22,5,5,0,13.0083,85.1667,0,74257.9,72811.5,2.15837e+08,1.09365e+07,74257.9
09/22/2006 06:00,9,22,5,6,0,13.4417,82.5,0,0,9.83278e+06,4.11527e+08,1.76355e+07,0.0
09/22/2006 07:00,9,22,5,7,0,14.5417,78.25,0,0,1.79377e+07,4.94154e+08,1.93207e+07,0.0
09/22/2006 08:00,9,22,5,8,0,15.9917,75.8333,0,0,5.86156e+07,5.43212e+08,1.9762e+07,0.0
09/22/2006 09:00,9,22,5,9,0,17.3417,70.3333,0,0,1.2027e+08,6.31539e+08,2.0308e+07,0.0
09/22/2006 10:00,9,22,5,10,0,18.7333,61.1667,0,0,1.57757e+08,6.91042e+08,2.09686e+07,0.0
09/22/2006 11:00,9,22,5,11,0,19.75,57,0,0,1.5817e+08,6.82256e+08,2.16731e+07,0.0
09/22/2006 12:00,9,22,5,12,0,20.35,54.6667,0,0,1.59361e+08,6.57323e+08,2.28683e+07,0.0
09/22/2006 13:00,9,22,5,13,0,20.6,56.5,0,0,1.55102e+08,6.32091e+08,2.5538e+07,0.0
09/22/2006 14:00,9,22,5,14,0,21.2417,56.6667,0,0,1.70954e+08,6.8795e+08,2.36012e+07,0.0
09/22/2006 15:00,9,22,5,15,0,21.9917,56.1667,0,0,1.83227e+08,7.44434e+08,1.83093e+07,0.0
09/22/2006 16:00,9,22,5,16,0,21.9083,59.3333,0,0,1.81399e+08,7.61631e+08,1.73264e+07,0.0
09/22/2006 17:00,9,22,5,17,0,21.35,65.0833,0,0,1.71937e+08,7.20751e+08,1.8707e+07,0.0
09/22/2006 18:00,9,22,5,18,0,20.4583,69.1667,0,0,1.62227e+08,7.16186e+08,1.98019e+07,0.0
09/22/2006 19:00,9,22,5,19,0,19.65,71.75,0,0,1.59151e+08,7.4409e+08,2.06792e+07,0.0
09/22/2006 20:00,9,22,5,20,0,18.7583,77.6667,0,0,1.34124e+08,6.28455e+08,1.97377e+07,0.0
09/22/2006 21:00,9,22,5,21,0,18.3,78.0833,0,0,6.89252e+07,3.80775e+08,1.54096e+07,0.0
09/22/2006 22:00,9,22,5,22,0,18.0083,77.1667,0,0,4.72818e+07,2.92493e+08,1.30782e+07,0.0
09/22/2006 23:00,9,22,5,23,0,18.0917,79.75,0,199328,4.02076e+07,2.63498e+08,1.18982e+07,199328.0
09/23/2006 00:00,9,23,6,0,0,18.3,81,0,167738,4.95561e+07,2.58039e+08,1.26668e+07,167738.0
09/23/2006 01:00,9,23,6,1,0,18.3,84.5,0,230946,3.62635e+07,1.53744e+08,230946,230946.0
09/23/2006 02:00,9,23,6,2,0,18.125,87.5833,0,0,4.65604e+07,1.78469e+08,0,0.0
09/23/2006 03:00,9,23,6,3,0,18.175,87.4167,0,0,3.81271e+07,1.57596e+08,1.54078e+06,0.0
09/23/2006 04:00,9,23,6,4,0,18.0083,90.5,0,0,3.94615e+07,1.54302e+08,0,0.0
09/23/2006 05:00,9,23,6,5,0,17.1583,97.0833,0,0,8.5213e+06,1.08257e+08,8.55989e+06,0.0
09/23/2006 06:00,9,23,6,6,0,16.7,100,0,217317,4.38267e+07,2.0738e+08,9.9522e+06,217317.0
09/23/2006 07:00,9,23,6,7,0,16.9917,100,0,215647,7.75808e+07,2.58859e+08,1.03564e+07,215647.0
09/23/2006 08:00,9,23,6,8,0,17.55,100,0,0,1.07851e+08,3.20916e+08,1.27343e+07,0.0
09/23/2006 09:00,9,23,6,9,0,18.0917,100,0,0,1.36166e+08,3.62523e+08,1.33765e+07,0.0
09/23/2006 10:00,9,23,6,10,0,18.65,95.9167,0,0,1.4047e+08,3.57447e+08,1.33302e+07,0.0
09/23/2006 11:00,9,23,6,11,0,19.1917,93,0,0,1.47422e+08,3.50713e+08,1.36915e+07,0.0
09/23/2006 12:00,9,23,6,12,0,20.1,91.25,0,0,1.42962e+08,3.38257e+08,1.33777e+07,0.0
09/23/2006 13:00,9,23,6,13,0,20.8917,90,0,0,1.30804e+08,2.8675e+08,1.31289e+07,0.0
09/23/2006 14:00,9,23,6,14,0,21.1,91.75,0,0,1.03913e+08,2.41874e+08,1.26482e+07,0.0
09/23/2006 15:00,9,23,6,15,0,21.45,94.75,0,0,1.34364e+08,2.84e+08,1.03537e+07,0.0
09/23/2006 16:00,9,23,6,16,0,21.9917,93.0833,0,289667,1.10132e+08,2.42633e+08,1.26401e+07,289667.0
09/23/2006 17:00,9,23,6,17,0,22.55,90.4167,0,242674,1.37089e+08,2.62306e+08,8.94586e+06,242674.0
09/23/2006 18:00,9,23,6,18,0,22.45,91.75,0,0,1.01066e+08,2.04332e+08,8.64268e+06,0.0
09/23/2006 19:00,9,23,6,19,0,21.9083,94.75,0,0,1.0692e+08,2.50409e+08,5.93039e+06,0.0
09/23/2006 20:00,9,23,6,20,0,21.7,96,0,0,6.43533e+07,1.91228e+08,1.16593e+06,0.0
09/23/2006 21:00,9,23,6,21,0,21.35,98.3333,0,0,5.24931e+07,1.82832e+08,0,0.0
09/23/2006 22:00,9,23,6,22,0,21.1,100,0,0,3.26986e+07,1.42245e+08,1.54078e+06,0.0
09/23/2006 23:00,9,23,6,23,0,21.1,98.25,0,0,6.00365e+07,1.80819e+08,0,0.0
09/24/2006 00:00,9,24,0,0,0,20.8083,98.75,0,0,3.43266e+07,1.31072e+08,0,0.0
09/24/2006 01:00,9,24,0,1,0,20.6,100,0,0,1.52866e+07,1.02617e+08,1.54047e+06,0.0
09/24/2006 02:00,9,24,0,2,0,20.25,100,0,0,4.96194e+07,1.55153e+08,0,0.0
09/24/2006 03:00,9,24,0,3,0,19.4167,100,0,0,4.66061e+07,1.52216e+08,0,0.0
09/24/2006 04:00,9,24,0,4,0,19.2333,100,0,0,3.213e+07,1.28679e+08,1.23741e+07,0.0
09/24/2006 05:00,9,24,0,5,0,19.4,100,0,0,1.4287e+07,1.03451e+08,7.37585e+06,0.0
09/24/2006 06:00,9,24,0,6,0,19.4,100,0,0,5.97082e+07,1.86794e+08,7.44622e+06,0.0
09/24/2006 07:00,9,24,0,7,0,19.75,100,0,0,0,5.9406e+07,8.22374e+06,0.0
09/24/2006 08:00,9,24,0,8,0,20.35,100,0,0,1.03148e+08,2.11189e+08,8.71543e+06,0.0
09/24/2006 09:00,9,24,0,9,0,21.2417,97.6667,0,0,1.27744e+08,2.45798e+08,7.54725e+06,0.0
09/24/2006 10:00,9,24,0,10,0,22.3417,94.8333,0,0,1.09984e+08,2.24811e+08,9.48377e+06,0.0
09/24/2006 11:00,9,24,0,11,0,22.8,94,0,0,1.3949e+08,2.60417e+08,7.65714e+06,0.0
09/24/2006 12:00,9,24,0,12,0,23.7333,92.25,0,0,1.18621e+08,2.35302e+08,9.65295e+06,0.0
09/24/2006 13:00,9,24,0,13,0,26.3833,78.1667,0,0,1.48009e+08,2.69829e+08,9.81368e+06,0.0
09/24/2006 14:00,9,24,0,14,0,27.1583,70.1667,0,0,1.15456e+08,2.29845e+08,8.16076e+06,0.0
09/24/2006 15:00,9,24,0,15,0,26.7,71,0,0,1.42271e+08,2.60558e+08,8.98233e+06,0.0
09/24/2006 16:00,9,24,0,16,0,26.7,72.75,0,0,1.16362e+08,2.29876e+08,7.53077e+06,0.0
09/24/2006 17:00,9,24,0,17,0,25.7083,76.9167,0,0,1.40997e+08,2.62062e+08,7.45347e+06,0.0
09/24/2006 18:00,9,24,0,18,0,24.3583,80.75,0,0,1.03225e+08,2.17438e+08,7.36363e+06,0.0
09/24/2006 19:00,9,24,0,19,0,22.9083,84.9167,0,0,1.04398e+08,2.44459e+08,3.64776e+06,0.0
09/24/2006 20:00,9,24,0,20,0,21.5583,85.25,0,0,5.03964e+07,1.71334e+08,0,0.0
09/24/2006 21:00,9,24,0,21,0,20.4583,83.4167,0,0,4.5022e+07,1.63563e+08,1.29687e+06,0.0
09/24/2006 22:00,9,24,0,22,0,19.65,83.5833,0,0,3.63108e+07,1.5477e+08,243727,0.0
09/24/2006 23:00,9,24,0,23,0,19.1083,82.25,0,0,0,9.18554e+07,0,0.0
09/25/2006 00:00,9,25,1,0,0,18.55,81,0,0,0,7.85527e+07,1.54075e+06,0.0
09/25/2006 01:00,9,25,1,1,0,17.6583,82.75,0,0,1.48449e+07,1.7213e+08,1.23005e+07,0.0
09/25/2006 02:00,9,25,1,2,0,16.5583,87.5,0,0,2.38222e+06,1.10189e+08,3.77523e+06,0.0
09/25/2006 03:00,9,25,1,3,0,15.4583,88.8333,0,0,3.55198e+06,1.15683e+08,5.45254e+06,0.0
09/25/2006 04:00,9,25,1,4,0,14.65,89.1667,0,2.00891e+06,0,1.22137e+08,1.16697e+07,2008910.0
09/25/2006 05:00,9,25,1,5,0,14.1083,93.5,0,0,2.61177e+06,2.5215e+08,1.28748e+07,0.0
09/25/2006 06:00,9,25,1,6,0,13.55,96.5833,0,285790,1.05315e+07,4.11907e+08,1.66591e+07,285790.0
09/25/2006 07:00,9,25,1,7,0,12.0167,98.75,0,0,1.37358e+07,4.49773e+08,1.90744e+07,0.0
09/25/2006 08:00,9,25,1,8,0,11.1,100,0,0,1.36357e+07,4.44347e+08,1.96984e+07,0.0
09/25/2006 09:00,9,25,1,9,0,11.45,97.6667,0,0,1.3906e+07,4.32047e+08,2.04024e+07,0.0
09/25/2006 10:00,9,25,1,10,0,11.9917,96.5833,0,0,1.43302e+07,4.25087e+08,2.1153e+07,0.0
09/25/2006 11:00,9,25,1,11,0,12.2,98.75,0,0,1.46969e+07,4.29978e+08,2.18539e+07,0.0
09/25/2006 12:00,9,25,1,12,0,12.2,98.25,0,0,1.43543e+07,4.2512e+08,2.28429e+07,0.0
09/25/2006 13:00,9,25,1,13,0,12.2,98.75,0,0,1.12617e+07,4.05251e+08,2.53095e+07,0.0
09/25/2006 14:00,9,25,1,14,0,12.0833,100,0,0,1.42128e+07,4.25002e+08,2.43921e+07,0.0
09/25/2006 15:00,9,25,1,15,0,12.1167,100,0,0,1.516e+07,4.32861e+08,1.90139e+07,0.0
09/25/2006 16:00,9,25,1,16,0,12.2,100,0,0,1.54319e+07,4.4388e+08,1.84609e+07,0.0
09/25/2006 17:00,9,25,1,17,0,12.2,100,0,0,1.55823e+07,4.57574e+08,1.86961e+07,0.0
09/25/2006 18:00,9,25,1,18,0,12.2,100,0,0,1.5701e+07,4.76846e+08,1.97553e+07,0.0
09/25/2006 19:00,9,25,1,19,0,11.9083,100,0,0,1.57354e+07,5.09574e+08,2.0836e+07,0.0
09/25/2006 20:00,9,25,1,20,0,11.35,100,0,98282.4,1.2767e+07,4.37612e+08,1.94413e+07,98282.4
09/25/2006 21:00,9,25,1,21,0,11.1,100,0,1.21717e+07,4.72109e+06,2.73618e+08,2.70476e+07,12171700.0
09/25/2006 22:00,9,25,1,22,0,11.1,98.25,0,3.18983e+07,5.36133e+06,2.14117e+08,4.51366e+07,31898300.0
09/25/2006 23:00,9,25,1,23,0,11.1,97,0,3.54316e+07,3.14528e+06,1.93664e+08,4.81963e+07,35431600.0
09/26/2006 00:00,9,26,2,0,0,10.1083,98.75,0,7.60808e+07,3.65259e+06,1.70414e+08,8.653e+07,76080800.0
09/26/2006 01:00,9,26,2,1,0,9.4,98.25,0,7.4707e+07,1.25687e+06,1.51868e+08,8.44453e+07,74707000.0
09/26/2006 02:00,9,26,2,2,0,9.4,97,0,0,0,1.10319e+08,3.45833e+06,0.0
09/26/2006 03:00,9,26,2,3,0,9.10833,98.75,0,1.16898e+08,0,1.08759e+08,1.22583e+08,116898000.0
09/26/2006 04:00,9,26,2,4,0,8.95833,100,0,1.59891e+08,0,1.33629e+08,1.69525e+08,159891000.0
09/26/2006 05:00,9,26,2,5,0,9.58333,100,0,0,0,2.15764e+08,1.17295e+07,0.0
09/26/2006 06:00,9,26,2,6,0,10,100,0,4.1751e+07,8.31709e+06,4.1182e+08,5.84352e+07,41751000.0
09/26/2006 07:00,9,26,2,7,0,10.35,100,0,1.83306e+06,1.25604e+07,4.49964e+08,2.12494e+07,1833060.0
09/26/2006 08:00,9,26,2,8,0,10.6,100,0,143297,1.35395e+07,4.38388e+08,2.00215e+07,143297.0
09/26/2006 09:00,9,26,2,9,0,10.6,100,0,38698.8,1.40012e+07,4.33636e+08,2.04679e+07,38698.8
09/26/2006 10:00,9,26,2,10,0,10.8917,100,0,13659.6,1.4341e+07,4.27987e+08,2.11197e+07,13659.6
09/26/2006 11:00,9,26,2,11,0,11.625,96.5,0,0,1.47507e+07,4.26133e+08,2.18286e+07,0.0
09/26/2006 12:00,9,26,2,12,0,11.825,95.1667,0,0,1.44831e+07,4.21317e+08,2.30156e+07,0.0
09/26/2006 13:00,9,26,2,13,0,11.7,94.25,0,0,1.13693e+07,4.03353e+08,2.63191e+07,0.0
09/26/2006 14:00,9,26,2,14,0,11.7,93,0,0,1.41496e+07,4.21305e+08,2.41802e+07,0.0
09/26/2006 15:00,9,26,2,15,0,11.875,93.5833,0,0,1.51192e+07,4.22134e+08,1.85811e+07,0.0
09/26/2006 16:00,9,26,2,16,0,12.1167,93.4167,0,0,1.54311e+07,4.3069e+08,1.74895e+07,0.0
09/26/2006 17:00,9,26,2,17,0,12.2,93,0,0,1.55536e+07,4.50219e+08,1.86448e+07,0.0
09/26/2006 18:00,9,26,2,18,0,11.9083,97.0833,0,0,1.56003e+07,4.76564e+08,1.98418e+07,0.0
09/26/2006 19:00,9,26,2,19,0,11.7,97.6667,0,0,1.5674e+07,5.11409e+08,2.09157e+07,0.0
09/26/2006 20:00,9,26,2,20,0,11.9917,94.25,0,0,1.29525e+07,4.39502e+08,1.91184e+07,0.0
09/26/2006 21:00,9,26,2,21,0,12.2,93,0,2.56037e+06,5.06404e+06,2.74271e+08,1.90855e+07,2560370.0
09/26/2006 22:00,9,26,2,22,0,12.2,93,0,1.43188e+07,5.47608e+06,2.1439e+08,2.75552e+07,14318800.0
09/26/2006 23:00,9,26,2,23,0,11.5583,95.3333,0,1.77676e+07,2.96033e+06,1.93519e+08,2.87849e+07,17767600.0
09/27/2006 00:00,9,27,3,0,0,11.1,94.6667,0,2.85236e+07,4.1521e+06,1.67558e+08,4.06876e+07,28523600.0
09/27/2006 01:00,9,27,3,1,0,10.8083,92.4167,0,2.98694e+07,2.22604e+06,1.50316e+08,3.95969e+07,29869400.0
09/27/2006 02:00,9,27,3,2,0,10.25,94.3333,0,0,547736,1.12166e+08,1.8793e+06,0.0
09/27/2006 03:00,9,27,3,3,0,9.65,96.5833,0,7.22808e+07,0,1.08762e+08,7.92602e+07,72280800.0
09/27/2006 04:00,9,27,3,4,0,9.4,97,0,9.22012e+07,934575,1.34848e+08,1.01847e+08,92201200.0
09/27/2006 05:00,9,27,3,5,0,9.10833,96.4167,0,0,44746.5,2.15809e+08,1.09957e+07,0.0
09/27/2006 06:00,9,27,3,6,0,9.54167,94.25,0,2.64843e+07,8.01957e+06,4.11902e+08,4.40972e+07,26484300.0
09/27/2006 07:00,9,27,3,7,0,10.35,90.6667,0,123340,1.234e+07,4.41849e+08,1.95957e+07,123340.0
09/27/2006 08:00,9,27,3,8,0,11.8833,85.5,0,0,1.38009e+07,4.3105e+08,1.99102e+07,0.0
09/27/2006 09:00,9,27,3,9,0,14.0833,79.5,0,0,1.83147e+07,4.671e+08,2.04772e+07,0.0
09/27/2006 10:00,9,27,3,10,0,15.9917,72.9167,0,0,6.15887e+07,5.41753e+08,2.11587e+07,0.0
09/27/2006 11:00,9,27,3,11,0,16.9917,68.25,0,0,9.59292e+07,5.85573e+08,2.18874e+07,0.0
09/27/2006 12:00,9,27,3,12,0,17.55,67,0,0,1.13506e+08,6.02186e+08,2.31135e+07,0.0
09/27/2006 13:00,9,27,3,13,0,18.4417,65.8333,0,0,1.27189e+08,5.94511e+08,2.59912e+07,0.0
09/27/2006 14:00,9,27,3,14,0,19.1917,65.5833,0,0,1.57306e+08,6.70249e+08,2.3793e+07,0.0
09/27/2006 15:00,9,27,3,15,0,19.75,61.9167,0,0,1.58411e+08,6.97728e+08,1.85224e+07,0.0
09/27/2006 16:00,9,27,3,16,0,20,57.8333,0,0,1.58553e+08,6.97399e+08,1.75452e+07,0.0
09/27/2006 17:00,9,27,3,17,0,20,57,0,0,1.58505e+08,6.85675e+08,1.87136e+07,0.0
09/27/2006 18:00,9,27,3,18,0,19.3583,56.4167,0,0,1.58108e+08,6.94931e+08,1.99335e+07,0.0
09/27/2006 19:00,9,27,3,19,0,18.2583,61.25,0,0,1.30681e+08,6.94857e+08,2.09466e+07,0.0
09/27/2006 20:00,9,27,3,20,0,16.1667,75.5,0,0,5.50588e+07,5.32514e+08,1.98378e+07,0.0
09/27/2006 21:00,9,27,3,21,0,14.65,85.3333,0,0,9.60573e+06,3.11221e+08,1.59973e+07,0.0
09/27/2006 22:00,9,27,3,22,0,14.1083,88.1667,0,212736,7.88485e+06,2.31762e+08,1.3488e+07,212736.0
09/27/2006 23:00,9,27,3,23,0,13.55,93.6667,0,173551,4.25417e+06,1.97218e+08,1.12763e+07,173551.0
09/28/2006 00:00,9,28,4,0,0,13.3,94.6667,0,444899,4.61505e+06,1.71504e+08,1.29787e+07,444899.0
09/28/2006 01:00,9,28,4,1,0,13.0083,90.6667,0,988250,1.80215e+06,1.50072e+08,1.07096e+07,988250.0
09/28/2006 02:00,9,28,4,2,0,12.45,89.5833,0,0,1.40368e+06,1.16707e+08,1.87228e+06,0.0
09/28/2006 03:00,9,28,4,3,0,12.55,87.6667,0,4.97208e+06,0,1.07348e+08,1.21107e+07,4972080.0
09/28/2006 04:00,9,28,4,4,0,12.45,90.0833,0,5.23999e+06,1.58161e+06,1.3032e+08,1.35205e+07,5239990.0
09/28/2006 05:00,9,28,4,5,0,12.2,88.9167,0,0,0,2.15764e+08,1.2227e+07,0.0
09/28/2006 06:00,9,28,4,6,0,11.5583,90.0833,0,1.19677e+06,9.2655e+06,4.14676e+08,1.9118e+07,1196770.0
09/28/2006 07:00,9,28,4,7,0,12.3833,87.75,0,0,1.34256e+07,4.47068e+08,1.95221e+07,0.0
09/28/2006 08:00,9,28,4,8,0,13.9417,85.75,0,0,1.56905e+07,4.51137e+08,1.99549e+07,0.0
09/28/2006 09:00,9,28,4,9,0,15.7417,80,0,0,5.2036e+07,5.35342e+08,2.05309e+07,0.0
09/28/2006 10:00,9,28,4,10,0,17.6333,73.8333,0,0,1.26492e+08,6.33234e+08,2.12172e+07,0.0
09/28/2006 11:00,9,28,4,11,0,19.6417,68.3333,0,0,1.58415e+08,6.74022e+08,2.19526e+07,0.0
09/28/2006 12:00,9,28,4,12,0,21.2417,63.8333,0,0,1.65656e+08,6.68129e+08,2.32542e+07,0.0
09/28/2006 13:00,9,28,4,13,0,21.7,61.8333,0,0,1.57437e+08,6.46567e+08,2.49719e+07,0.0
09/28/2006 14:00,9,28,4,14,0,21.9917,61,0,0,1.72089e+08,7.13547e+08,2.37409e+07,0.0
09/28/2006 15:00,9,28,4,15,0,22.2,59.8333,0,0,1.79547e+08,7.40228e+08,1.84672e+07,0.0
09/28/2006 16:00,9,28,4,16,0,21.5583,61.3333,0,0,1.67547e+08,6.97843e+08,1.82152e+07,0.0
09/28/2006 17:00,9,28,4,17,0,20.4583,70.5833,0,0,1.59332e+08,6.82389e+08,1.91714e+07,0.0
09/28/2006 18:00,9,28,4,18,0,19.3583,77.1667,0,0,1.5908e+08,6.98488e+08,2.00121e+07,0.0
09/28/2006 19:00,9,28,4,19,0,18.2583,79.1667,0,0,1.34684e+08,6.99099e+08,2.09219e+07,0.0
09/28/2006 20:00,9,28,4,20,0,17.1583,80,0,0,8.05062e+07,5.59984e+08,1.98617e+07,0.0
09/28/2006 21:00,9,28,4,21,0,16.0583,77.0833,0,0,2.96997e+07,3.33893e+08,1.49413e+07,0.0
09/28/2006 22:00,9,28,4,22,0,15.25,75,0,216544,1.48057e+07,2.56224e+08,1.35006e+07,216544.0
09/28/2006 23:00,9,28,4,23,0,14.3583,73.25,0,191031,6.16739e+06,2.01132e+08,1.22756e+07,191031.0
09/29/2006 00:00,9,29,5,0,0,13.2583,73.1667,0,671828,4.63368e+06,1.71609e+08,1.32024e+07,671828.0
09/29/2006 01:00,9,29,5,1,0,12.45,74,0,1.22104e+06,2.21039e+06,1.50217e+08,9.77662e+06,1221040.0
09/29/2006 02:00,9,29,5,2,0,11.5583,74,0,0,0,1.12022e+08,3.02393e+06,0.0
09/29/2006 03:00,9,29,5,3,0,10.8083,75.75,0,1.71443e+07,0,1.08773e+08,2.30083e+07,17144300.0
09/29/2006 04:00,9,29,5,4,0,10.25,75.25,0,2.4546e+07,2.6679e+06,1.33348e+08,3.42047e+07,24546000.0
09/29/2006 05:00,9,29,5,5,0,9.65,75.75,0,0,48226.8,2.15813e+08,1.29016e+07,0.0
09/29/2006 06:00,9,29,5,6,0,9.10833,78.75,0,9.84824e+06,8.05929e+06,4.12951e+08,2.65498e+07,9848240.0
09/29/2006 07:00,9,29,5,7,0,9.19167,78.25,0,66862.9,1.19857e+07,4.43898e+08,1.93107e+07,66862.9
09/29/2006 08:00,9,29,5,8,0,9.75,77,0,0,1.31441e+07,4.30123e+08,1.98775e+07,0.0
09/29/2006 09:00,9,29,5,9,0,10.9917,73.5,0,0,1.41308e+07,4.51777e+08,2.05686e+07,0.0
09/29/2006 10:00,9,29,5,10,0,12.6333,69.8333,0,0,1.49323e+07,4.71519e+08,2.13156e+07,0.0
09/29/2006 11:00,9,29,5,11,0,13.9417,69.5833,0,0,1.6715e+07,4.93143e+08,2.20144e+07,0.0
09/29/2006 12:00,9,29,5,12,0,15.3917,65.3333,0,0,5.2937e+07,5.42892e+08,2.29859e+07,0.0
09/29/2006 13:00,9,29,5,13,0,16.7417,57.3333,0,0,8.11307e+07,5.50205e+08,2.52945e+07,0.0
09/29/2006 14:00,9,29,5,14,0,17.55,52.8333,0,0,1.46249e+08,6.55891e+08,2.46696e+07,0.0
09/29/2006 15:00,9,29,5,15,0,17.8,54.3333,0,0,1.57422e+08,6.98377e+08,1.91297e+07,0.0
09/29/2006 16:00,9,29,5,16,0,17.8,54.8333,0,0,1.57603e+08,7.02993e+08,1.8556e+07,0.0
09/29/2006 17:00,9,29,5,17,0,17.1583,58.6667,0,0,1.21923e+08,6.50557e+08,1.9051e+07,0.0
09/29/2006 18:00,9,29,5,18,0,15.7083,66.0833,0,0,5.66424e+07,5.88094e+08,1.99234e+07,0.0
09/29/2006 19:00,9,29,5,19,0,14.3583,71.9167,0,0,1.88023e+07,5.64403e+08,2.09991e+07,0.0
09/29/2006 20:00,9,29,5,20,0,13.55,75.75,0,0,1.34243e+07,4.54567e+08,1.95623e+07,0.0
09/29/2006 21:00,9,29,5,21,0,12.6583,80.5,0,0,5.45947e+06,2.77536e+08,1.45902e+07,0.0
09/29/2006 22:00,9,29,5,22,0,12.2,81.25,0,211938,5.62793e+06,2.18126e+08,1.34932e+07,211938.0
09/29/2006 23:00,9,29,5,23,0,12.2,81.75,0,234122,4.1856e+06,1.97222e+08,1.30232e+07,234122.0
09/30/2006 00:00,9,30,6,0,0,11.5583,86.5,0,757118,4.55535e+06,1.71523e+08,1.12541e+07,757118.0
09/30/2006 01:00,9,30,6,1,0,11.1,91.3333,0,0,0,9.02929e+07,1.5407e+06,0.0
09/30/2006 02:00,9,30,6,2,0,10.8083,94.75,0,0,0,8.97644e+07,0,0.0
09/30/2006 03:00,9,30,6,3,0,10.25,98.3333,0,0,0,8.66807e+07,0,0.0
09/30/2006 04:00,9,30,6,4,0,9.65,100,0,0,0,8.83997e+07,1.54077e+06,0.0
09/30/2006 05:00,9,30,6,5,0,9.4,100,0,0,0,9.58177e+07,9.04893e+06,0.0
09/30/2006 06:00,9,30,6,6,0,9.10833,100,0,3.72457e+07,0,1.36885e+08,4.57182e+07,37245700.0
09/30/2006 07:00,9,30,6,7,0,9.19167,100,0,4.53084e+07,1.40742e+06,1.43339e+08,5.68094e+07,45308400.0
09/30/2006 08:00,9,30,6,8,0,10.3917,98.25,0,7.77956e+06,1.8601e+06,1.71498e+08,1.91459e+07,7779560.0
09/30/2006 09:00,9,30,6,9,0,12.3833,92.9167,0,1.08405e+06,3.34275e+06,1.89201e+08,1.53189e+07,1084050.0
09/30/2006 10:00,9,30,6,10,0,14.6417,84.1667,0,0,8.10919e+06,2.11475e+08,1.39783e+07,0.0
09/30/2006 11:00,9,30,6,11,0,16.5333,74.1667,0,0,3.33337e+07,2.35432e+08,1.388e+07,0.0
09/30/2006 12:00,9,30,6,12,0,17.2,70,0,0,4.46542e+07,2.25905e+08,1.34328e+07,0.0
09/30/2006 13:00,9,30,6,13,0,18.1917,67.0833,0,0,5.2315e+07,2.08211e+08,1.31759e+07,0.0
09/30/2006 14:00,9,30,6,14,0,18.9,65,0,162687,5.35565e+07,1.96549e+08,1.28399e+07,162687.0
09/30/2006 15:00,9,30,6,15,0,19.1917,66.75,0,117652,7.40552e+07,2.3107e+08,1.04949e+07,117652.0
09/30/2006 16:00,9,30,6,16,0,19.75,68,0,217133,6.44732e+07,2.02366e+08,1.20807e+07,217133.0
09/30/2006 17:00,9,30,6,17,0,19.3583,70.9167,0,0,6.34821e+07,1.86813e+08,8.52456e+06,0.0
09/30/2006 18:00,9,30,6,18,0,18.2583,74.1667,0,0,3.43495e+07,1.43055e+08,9.33013e+06,0.0
09/30/2006 19:00,9,30,6,19,0,16.8083,82,0,0,2.06852e+07,1.60012e+08,5.55681e+06,0.0
09/30/2006 20:00,9,30,6,20,0,16.1,88.75,0,0,9.88555e+06,1.41715e+08,1.54079e+06,0.0
09/30/2006 21:00,9,30,6,21,0,15.8083,91.75,0,0,7.38903e+06,1.37816e+08,0,0.0
09/30/2006 22:00,9,30,6,22,0,15.25,91.25,0,0,2.16577e+06,1.17095e+08,1.54079e+06,0.0
09/30/2006 23:00,9,30,6,23,0,14.7083,94.0833,0,0,0,9.88102e+07,0,0.0
10/01/2006 00:00,10,1,0,0,0,14.15,98.75,0,0,0,8.35201e+07,0,0.0
10/01/2006 01:00,10,1,0,1,0,13.6083,100,0,0,0,8.0871e+07,1.54076e+06,0.0
10/01/2006 02:00,10,1,0,2,0,13.05,100,0,0,0,8.57203e+07,0,0.0
10/01/2006 03:00,10,1,0,3,0,12.5083,100,0,0,0,8.33442e+07,0,0.0
10/01/2006 04:00,10,1,0,4,0,11.95,100,0,0,0,8.08804e+07,1.21093e+07,0.0
10/01/2006 05:00,10,1,0,5,0,11.9917,100,0,0,0,8.03666e+07,7.37229e+06,0.0
10/01/2006 06:00,10,1,0,6,0,12.6667,100,0,0,0,1.05327e+08,7.44594e+06,0.0
10/01/2006 07:00,10,1,0,7,0,12.8833,100,0,0,0,5.95579e+07,9.39326e+06,0.0
10/01/2006 08:00,10,1,0,8,0,13.0917,100,0,0,0,6.52882e+07,7.55868e+06,0.0
10/01/2006 09:00,10,1,0,9,0,13.65,100,0,0,0,6.46416e+07,7.55468e+06,0.0
10/01/2006 10:00,10,1,0,10,0,14.1917,100,0,0,5.40776e+06,1.08852e+08,9.48492e+06,0.0
10/01/2006 11:00,10,1,0,11,0,15.7417,97.6667,0,0,2.38029e+07,1.37004e+08,7.7135e+06,0.0
10/01/2006 12:00,10,1,0,12,0,17.9833,90.75,0,0,6.2374e+07,1.76518e+08,9.59864e+06,0.0
10/01/2006 13:00,10,1,0,13,0,19.8917,80,0,0,9.20056e+07,2.10257e+08,9.83719e+06,0.0
10/01/2006 14:00,10,1,0,14,0,20.25,76.75,0,0,8.05092e+07,1.97187e+08,9.59728e+06,0.0
10/01/2006 15:00,10,1,0,15,0,20.35,76.25,0,0,8.81202e+07,2.06118e+08,7.54851e+06,0.0
10/01/2006 16:00,10,1,0,16,0,20.25,78.5,0,0,7.5182e+07,1.89506e+08,7.84713e+06,0.0
10/01/2006 17:00,10,1,0,17,0,19.65,81,0,0,7.76389e+07,1.95708e+08,9.00218e+06,0.0
10/01/2006 18:00,10,1,0,18,0,19.1083,82.75,0,0,4.51325e+07,1.5783e+08,7.34974e+06,0.0
10/01/2006 19:00,10,1,0,19,0,18.9,82.25,0,0,3.27639e+07,1.64052e+08,1.82193e+06,0.0
10/01/2006 20:00,10,1,0,20,0,18.55,86.25,0,0,1.61399e+07,1.2503e+08,0,0.0
10/01/2006 21:00,10,1,0,21,0,18.0083,91.75,0,0,2.7309e+07,1.44984e+08,1.54079e+06,0.0
10/01/2006 22:00,10,1,0,22,0,18.0917,87.75,0,0,2.3319e+07,1.40637e+08,0,0.0
10/01/2006 23:00,10,1,0,23,0,18.0083,87.5,0,0,0,9.18554e+07,1.54073e+06,0.0
10/02/2006 00:00,10,2,1,0,0,17.8,91.75,0,0,0,7.85527e+07,0,0.0
10/02/2006 01:00,10,2,1,1,0,17.1583,93,0,0,1.05217e+07,1.59561e+08,1.41045e+07,0.0
10/02/2006 02:00,10,2,1,2,0,16.35,93,0,0,4.10092e+06,1.11867e+08,1.8716e+06,0.0
10/02/2006 03:00,10,2,1,3,0,15.8083,94.75,0,0,0,9.60731e+07,6.61776e+06,0.0
10/02/2006 04:00,10,2,1,4,0,15.25,96,0,4.20126e+06,2.25241e+06,1.39978e+08,1.39455e+07,4201260.0
10/02/2006 05:00,10,2,1,5,0,15,96,0,0,5.31892e+06,2.55039e+08,1.16209e+07,0.0
10/02/2006 06:00,10,2,1,6,0,15.35,94.25,0,1.15675e+06,1.85694e+07,4.54135e+08,1.81668e+07,1156750.0
10/02/2006 07:00,10,2,1,7,0,15.6,94.75,0,0,3.00646e+07,4.94394e+08,1.96045e+07,0.0
10/02/2006 08:00,10,2,1,8,0,15.8917,96.5833,0,0,5.55254e+07,5.05086e+08,2.00835e+07,0.0
10/02/2006 09:00,10,2,1,9,0,17.3833,89.4167,0,0,1.36414e+08,6.20276e+08,2.06545e+07,0.0
10/02/2006 10:00,10,2,1,10,0,18.9417,82.25,0,0,1.59258e+08,6.73218e+08,2.13592e+07,0.0
10/02/2006 11:00,10,2,1,11,0,20.7417,76.3333,0,0,1.91056e+08,7.08028e+08,2.21136e+07,0.0
10/02/2006 12:00,10,2,1,12,0,21.9917,70.0833,0,0,2.04938e+08,7.06399e+08,2.33568e+07,0.0
10/02/2006 13:00,10,2,1,13,0,22.8417,65.6667,0,0,1.94217e+08,6.83711e+08,2.68404e+07,0.0
10/02/2006 14:00,10,2,1,14,0,23.0083,65.1667,0,0,2.27209e+08,7.60103e+08,2.41017e+07,0.0
10/02/2006 15:00,10,2,1,15,0,23.4417,63.6667,0,0,2.38719e+08,8.08084e+08,1.88014e+07,0.0
10/02/2006 16:00,10,2,1,16,0,23.55,64.3333,0,0,2.4229e+08,8.3088e+08,1.77688e+07,0.0
10/02/2006 17:00,10,2,1,17,0,23.3,60.75,0,0,2.10436e+08,7.77762e+08,1.89239e+07,0.0
10/02/2006 18:00,10,2,1,18,0,21.375,69.25,0,0,1.75594e+08,7.40904e+08,2.01104e+07,0.0
10/02/2006 19:00,10,2,1,19,0,20,78,0,0,1.65452e+08,7.45977e+08,2.11769e+07,0.0
10/02/2006 20:00,10,2,1,20,0,19.0083,85,0,0,1.57061e+08,6.51147e+08,1.93678e+07,0.0
10/02/2006 21:00,10,2,1,21,0,18.0083,95.8333,0,0,1.25696e+08,4.41152e+08,1.65838e+07,0.0
10/02/2006 22:00,10,2,1,22,0,17.45,100,0,151866,9.55701e+07,3.5256e+08,1.34399e+07,151866.0
10/02/2006 23:00,10,2,1,23,0,17.2,95.9167,0,0,5.5129e+07,2.81904e+08,1.17684e+07,0.0
10/03/2006 00:00,10,3,2,0,0,16.9083,91.25,0,238689,3.20069e+07,2.24674e+08,1.17178e+07,238689.0
10/03/2006 01:00,10,3,2,1,0,16.35,95.8333,0,204943,2.53761e+07,1.9831e+08,9.95361e+06,204943.0
10/03/2006 02:00,10,3,2,2,0,15.8083,100,0,0,2.39392e+07,1.72958e+08,3.45297e+06,0.0
10/03/2006 03:00,10,3,2,3,0,15.6,100,0,156324,1.07172e+07,1.3904e+08,5.98055e+06,156324.0
10/03/2006 04:00,10,3,2,4,0,15.25,97.6667,0,251338,6.30726e+06,1.68178e+08,9.5564e+06,251338.0
10/03/2006 05:00,10,3,2,5,0,15,98.3333,0,0,6.02479e+06,2.55799e+08,1.12326e+07,0.0
10/03/2006 06:00,10,3,2,6,0,15,100,0,484581,1.67482e+07,4.57101e+08,1.84228e+07,484581.0
10/03/2006 07:00,10,3,2,7,0,15.35,100,0,0,4.53501e+07,5.19998e+08,1.96637e+07,0.0
10/03/2006 08:00,10,3,2,8,0,16.8833,92.4167,0,0,1.26824e+08,6.07547e+08,2.01189e+07,0.0
10/03/2006 09:00,10,3,2,9,0,18.7333,82.3333,0,0,1.58744e+08,6.72198e+08,2.07064e+07,0.0
10/03/2006 10:00,10,3,2,10,0,21.0333,72.5833,0,0,1.89017e+08,7.33734e+08,2.14169e+07,0.0
10/03/2006 11:00,10,3,2,11,0,23.1917,69.75,0,0,2.4033e+08,7.90121e+08,2.21786e+07,0.0
10/03/2006 12:00,10,3,2,12,0,24.8917,68.6667,0,0,2.51815e+08,7.78635e+08,2.34638e+07,0.0
10/03/2006 13:00,10,3,2,13,0,27.175,58.8333,0,0,2.34534e+08,7.45514e+08,2.61902e+07,0.0
10/03/2006 14:00,10,3,2,14,0,28.3,55.3333,0,0,2.68027e+08,8.44795e+08,2.40101e+07,0.0
10/03/2006 15:00,10,3,2,15,0,28.0083,57.5833,0,0,2.93221e+08,8.89203e+08,1.87492e+07,0.0
10/03/2006 16:00,10,3,2,16,0,27.8,58,0,0,2.87779e+08,9.0265e+08,1.78331e+07,0.0
10/03/2006 17:00,10,3,2,17,0,27.45,60.3333,0,0,2.72273e+08,8.60304e+08,1.90999e+07,0.0
10/03/2006 18:00,10,3,2,18,0,26.2667,67.25,0,0,2.58802e+08,8.62108e+08,2.01697e+07,0.0
10/03/2006 19:00,10,3,2,19,0,25.8917,68.6667,0,0,2.51719e+08,8.74334e+08,2.11425e+07,0.0
10/03/2006 20:00,10,3,2,20,0,24.4667,75.75,0,0,2.2251e+08,7.51923e+08,2.0091e+07,0.0
10/03/2006 21:00,10,3,2,21,0,22.6583,84.9167,0,0,1.65863e+08,5.01918e+08,1.6284e+07,0.0
10/03/2006 22:00,10,3,2,22,0,21.5583,90.5,0,0,1.39053e+08,3.91425e+08,1.35636e+07,0.0
10/03/2006 23:00,10,3,2,23,0,20.8083,93,0,0,1.05055e+08,3.30142e+08,1.09112e+07,0.0
10/04/2006 00:00,10,4,3,0,0,19.6083,97.0833,0,0,1.26636e+08,3.40261e+08,1.2376e+07,0.0
10/04/2006 01:00,10,4,3,1,0,19.1917,98.25,0,236176,8.2098e+07,2.56992e+08,9.97555e+06,236176.0
10/04/2006 02:00,10,4,3,2,0,19.1083,96.4167,0,0,9.40503e+07,2.48954e+08,1.88961e+06,0.0
10/04/2006 03:00,10,4,3,3,0,19.1917,96.5833,0,0,7.30389e+07,2.1949e+08,7.43946e+06,0.0
10/04/2006 04:00,10,4,3,4,0,18.7583,98.75,0,0,8.53693e+07,2.49731e+08,8.18394e+06,0.0
10/04/2006 05:00,10,4,3,5,0,18.3,100,0,0,1.28743e+08,4.03188e+08,1.23839e+07,0.0
10/04/2006 06:00,10,4,3,6,0,18.3,100,0,0,1.57003e+08,6.11947e+08,1.80422e+07,0.0
10/04/2006 07:00,10,4,3,7,0,18.3,100,0,0,1.68745e+08,6.70694e+08,1.97092e+07,0.0
10/04/2006 08:00,10,4,3,8,0,18.9417,98.25,0,0,2.05025e+08,7.21811e+08,2.01686e+07,0.0
10/04/2006 09:00,10,4,3,9,0,20.1,94.6667,0,0,2.40757e+08,8.07606e+08,2.07593e+07,0.0
10/04/2006 10:00,10,4,3,10,0,21.2417,89.5,0,0,2.56416e+08,8.3501e+08,2.14759e+07,0.0
10/04/2006 11:00,10,4,3,11,0,22.9833,85.25,0,0,2.71656e+08,8.24539e+08,2.22449e+07,0.0
10/04/2006 12:00,10,4,3,12,0,24.8917,81.0833,0,0,2.78854e+08,8.05518e+08,2.35903e+07,0.0
10/04/2006 13:00,10,4,3,13,0,25.8917,77.8333,0,0,2.61222e+08,7.66863e+08,2.54478e+07,0.0
10/04/2006 14:00,10,4,3,14,0,26.1,78.1667,0,0,3.06654e+08,8.51233e+08,2.39686e+07,0.0
10/04/2006 15:00,10,4,3,15,0,26.45,76.0833,0,0,3.19935e+08,9.01477e+08,1.87313e+07,0.0
10/04/2006 16:00,10,4,3,16,0,27.3417,67.5833,0,0,3.10662e+08,9.14422e+08,1.84762e+07,0.0
10/04/2006 17:00,10,4,3,17,0,27.1583,66.5,0,0,2.90681e+08,9.00191e+08,1.93521e+07,0.0
10/04/2006 18:00,10,4,3,18,0,25.3583,74.8333,0,0,2.66115e+08,8.76067e+08,2.02234e+07,0.0
10/04/2006 19:00,10,4,3,19,0,23.4667,85.4167,0,0,2.53256e+08,8.77188e+08,2.11702e+07,0.0
10/04/2006 20:00,10,4,3,20,0,22.45,91.75,0,0,2.24736e+08,7.53551e+08,2.00896e+07,0.0
10/04/2006 21:00,10,4,3,21,0,22.2,93,0,0,1.7081e+08,5.07469e+08,1.54964e+07,0.0
10/04/2006 22:00,10,4,3,22,0,22.2,91.8333,0,0,1.43392e+08,3.96207e+08,1.35755e+07,0.0
10/04/2006 23:00,10,4,3,23,0,21.5583,92.1667,0,0,1.08635e+08,3.34575e+08,1.14553e+07,0.0
10/05/2006 00:00,10,5,4,0,0,20.8083,93,0,0,1.31324e+08,3.4205e+08,1.25736e+07,0.0
10/05/2006 01:00,10,5,4,1,0,20.8917,87.75,0,0,9.01668e+07,2.64589e+08,9.73699e+06,0.0
10/05/2006 02:00,10,5,4,2,0,20.1083,85.75,0,0,9.53934e+07,2.44539e+08,1.86559e+06,0.0
10/05/2006 03:00,10,5,4,3,0,19.4,85.25,0,0,6.39535e+07,1.9979e+08,7.19422e+06,0.0
10/05/2006 04:00,10,5,4,4,0,18.7583,87.5,0,227034,6.79497e+07,2.3605e+08,8.77173e+06,227034.0
10/05/2006 05:00,10,5,4,5,0,18.3,91.75,0,69533.2,9.40821e+07,3.49782e+08,1.20967e+07,69533.2
10/05/2006 06:00,10,5,4,6,0,18.65,93,0,0,1.47835e+08,6.02878e+08,1.80388e+07,0.0
10/05/2006 07:00,10,5,4,7,0,18.9,93,0,0,1.64473e+08,6.70218e+08,1.97365e+07,0.0
10/05/2006 08:00,10,5,4,8,0,18.9,91.25,0,0,1.64473e+08,6.47207e+08,2.02023e+07,0.0
10/05/2006 09:00,10,5,4,9,0,18.9,88.25,0,0,1.60045e+08,6.4006e+08,2.07958e+07,0.0
10/05/2006 10:00,10,5,4,10,0,18.9,87,0,0,1.59511e+08,6.43681e+08,2.15168e+07,0.0
10/05/2006 11:00,10,5,4,11,0,19.1917,87,0,0,1.73356e+08,6.77331e+08,2.22907e+07,0.0
10/05/2006 12:00,10,5,4,12,0,19.4,87,0,0,1.75971e+08,6.73908e+08,2.36246e+07,0.0
10/05/2006 13:00,10,5,4,13,0,19.75,87,0,0,1.70131e+08,6.35456e+08,2.57845e+07,0.0
10/05/2006 14:00,10,5,4,14,0,20,87,0,0,1.9425e+08,6.94161e+08,2.40315e+07,0.0
10/05/2006 15:00,10,5,4,15,0,20,88.75,0,0,2.06319e+08,7.15087e+08,1.87948e+07,0.0
10/05/2006 16:00,10,5,4,16,0,20,90,0,0,2.23875e+08,7.5837e+08,1.82835e+07,0.0
10/05/2006 17:00,10,5,4,17,0,20,90,0,0,2.19946e+08,7.66512e+08,1.93785e+07,0.0
10/05/2006 18:00,10,5,4,18,0,19.65,94.0833,0,0,2.1274e+08,7.8703e+08,2.02553e+07,0.0
10/05/2006 19:00,10,5,4,19,0,19.4,97,0,0,2.10988e+08,8.09976e+08,2.12087e+07,0.0
10/05/2006 20:00,10,5,4,20,0,19.4,97,0,0,1.90733e+08,7.04015e+08,2.01524e+07,0.0
10/05/2006 21:00,10,5,4,21,0,19.4,98.75,0,0,1.5001e+08,4.79506e+08,1.58469e+07,0.0
10/05/2006 22:00,10,5,4,22,0,19.1667,100,0,163556,1.31739e+08,3.85449e+08,1.37755e+07,163556.0
10/05/2006 23:00,10,5,4,23,0,18.9417,100,0,0,9.36265e+07,3.13052e+08,1.11274e+07,0.0
10/06/2006 00:00,10,6,5,0,0,18.9,100,0,0,1.21563e+08,3.30349e+08,1.25898e+07,0.0
10/06/2006 01:00,10,6,5,1,0,19.1917,100,0,332441,8.50872e+07,2.6134e+08,1.0077e+07,332441.0
10/06/2006 02:00,10,6,5,2,0,19.4,100,0,0,9.52774e+07,2.43553e+08,1.88736e+06,0.0
10/06/2006 03:00,10,6,5,3,0,19.4,100,0,0,7.4267e+07,2.16743e+08,7.24348e+06,0.0
10/06/2006 04:00,10,6,5,4,0,19.4,100,0,0,9.13464e+07,2.5486e+08,8.82166e+06,0.0
10/06/2006 05:00,10,6,5,5,0,19.4,98.25,0,0,1.46624e+08,4.21985e+08,1.17503e+07,0.0
10/06/2006 06:00,10,6,5,6,0,19.1667,98.75,0,238853,1.68542e+08,6.32308e+08,1.82697e+07,238853.0
10/06/2006 07:00,10,6,5,7,0,19.2333,98.25,0,0,1.83785e+08,6.82765e+08,1.97636e+07,0.0
10/06/2006 08:00,10,6,5,8,0,19.75,94.6667,0,0,2.02598e+08,6.91686e+08,2.02375e+07,0.0
10/06/2006 09:00,10,6,5,9,0,20,94.75,0,0,2.23252e+08,7.50885e+08,2.08325e+07,0.0
10/06/2006 10:00,10,6,5,10,0,21.2833,90.75,0,0,2.40004e+08,7.8589e+08,2.15588e+07,0.0
10/06/2006 11:00,10,6,5,11,0,22.8417,84.0833,0,0,2.52721e+08,8.09771e+08,2.23387e+07,0.0
10/06/2006 12:00,10,6,5,12,0,24.2917,79.0833,0,0,2.56781e+08,8.08633e+08,2.36653e+07,0.0
10/06/2006 13:00,10,6,5,13,0,25.6417,75.25,0,0,2.39952e+08,7.56373e+08,2.61013e+07,0.0
10/06/2006 14:00,10,6,5,14,0,25.8083,72.25,0,0,2.53328e+08,7.90555e+08,2.40926e+07,0.0
10/06/2006 15:00,10,6,5,15,0,24.2583,73.9167,0,0,2.40652e+08,7.72326e+08,1.88572e+07,0.0
10/06/2006 16:00,10,6,5,16,0,22.3667,71.3333,0,0,2.06527e+08,7.26857e+08,1.81136e+07,0.0
10/06/2006 17:00,10,6,5,17,0,21.0583,63.9167,0,0,1.59844e+08,6.81467e+08,1.94059e+07,0.0
10/06/2006 18:00,10,6,5,18,0,19.9,62.1667,0,0,1.57845e+08,6.97564e+08,2.02885e+07,0.0
10/06/2006 19:00,10,6,5,19,0,19.1083,64.1667,0,0,1.55333e+08,7.20866e+08,2.12486e+07,0.0
10/06/2006 20:00,10,6,5,20,0,18.2583,67.9167,0,0,1.09026e+08,5.91668e+08,2.02138e+07,0.0
10/06/2006 21:00,10,6,5,21,0,17.45,71.1667,0,0,5.01535e+07,3.56286e+08,1.6167e+07,0.0
10/06/2006 22:00,10,6,5,22,0,16.5583,69.0833,0,162007,2.89718e+07,2.68671e+08,1.38409e+07,162007.0
10/06/2006 23:00,10,6,5,23,0,15.8083,64.0833,0,0,1.4834e+07,2.29359e+08,1.10499e+07,0.0
10/07/2006 00:00,10,7,6,0,0,15.25,63.1667,0,201980,7.75976e+06,1.95621e+08,1.25457e+07,201980.0
10/07/2006 01:00,10,7,6,1,0,14.3583,68.6667,0,0,552713,9.28181e+07,0,0.0
10/07/2006 02:00,10,7,6,2,0,13.55,73.75,0,0,841154,1.05132e+08,1.54077e+06,0.0
10/07/2006 03:00,10,7,6,3,0,12.6583,76.1667,0,0,0,8.6355e+07,0,0.0
10/07/2006 04:00,10,7,6,4,0,11.9083,75.25,0,0,0,9.06099e+07,0,0.0
10/07/2006 05:00,10,7,6,5,0,11.35,77.5,0,0,0,9.34994e+07,9.82386e+06,0.0
10/07/2006 06:00,10,7,6,6,0,10.8083,81.75,0,1.99286e+07,0,1.33521e+08,2.89617e+07,19928600.0
10/07/2006 07:00,10,7,6,7,0,10.8917,81.25,0,2.62777e+07,35363.5,1.43979e+08,3.72496e+07,26277700.0
10/07/2006 08:00,10,7,6,8,0,12.0917,76.5,0,5.50783e+06,1.2594e+06,1.71861e+08,1.78342e+07,5507830.0
10/07/2006 09:00,10,7,6,9,0,13.4417,69.9167,0,540663,2.61741e+06,1.90008e+08,1.45945e+07,540663.0
10/07/2006 10:00,10,7,6,10,0,14.1917,61.1667,0,3746.14,4.26344e+06,2.06076e+08,1.34583e+07,3746.14
10/07/2006 11:00,10,7,6,11,0,14.75,53.5,0,0,5.34891e+06,2.04201e+08,1.38415e+07,0.0
10/07/2006 12:00,10,7,6,12,0,15,48.6667,0,0,5.42022e+06,1.81576e+08,1.35115e+07,0.0
10/07/2006 13:00,10,7,6,13,0,15,44.0833,0,0,4.95961e+06,1.52676e+08,1.32461e+07,0.0
10/07/2006 14:00,10,7,6,14,0,15,41.4167,0,0,6.75069e+06,1.38839e+08,1.27345e+07,0.0
10/07/2006 15:00,10,7,6,15,0,15,41.5833,0,0,5.67651e+06,1.50045e+08,1.16333e+07,0.0
10/07/2006 16:00,10,7,6,16,0,14.3583,43.75,0,0,5.73186e+06,1.30419e+08,1.1188e+07,0.0
10/07/2006 17:00,10,7,6,17,0,12.9083,47.3333,0,0,0,8.74813e+07,9.80857e+06,0.0
10/07/2006 18:00,10,7,6,18,0,11.9083,48.4167,0,0,0,9.21636e+07,7.6471e+06,0.0
10/07/2006 19:00,10,7,6,19,0,11.7,48,0,0,0,1.00486e+08,7.40385e+06,0.0
10/07/2006 20:00,10,7,6,20,0,11.0583,50.3333,0,0,0,9.92047e+07,0,0.0
10/07/2006 21:00,10,7,6,21,0,10.25,50.8333,0,0,0,9.89554e+07,1.54079e+06,0.0
10/07/2006 22:00,10,7,6,22,0,9.65,49.4167,0,0,0,9.90146e+07,0,0.0
10/07/2006 23:00,10,7,6,23,0,8.46667,52.5,0,0,0,9.18554e+07,0,0.0
10/08/2006 00:00,10,8,0,0,0,7.8,53.8333,0,0,0,8.56975e+07,1.54077e+06,0.0
10/08/2006 01:00,10,8,0,1,0,7.45,55.3333,0,0,0,8.10238e+07,0,0.0
10/08/2006 02:00,10,8,0,2,0,7.2,57,0,0,0,8.31893e+07,0,0.0
10/08/2006 03:00,10,8,0,3,0,6.26667,62.8333,0,0,0,7.85527e+07,1.54079e+06,0.0
10/08/2006 04:00,10,8,0,4,0,5.6,67,0,0,0,7.85621e+07,1.14358e+07,0.0
10/08/2006 05:00,10,8,0,5,0,5.6,67,0,0,0,8.03666e+07,7.37827e+06,0.0
10/08/2006 06:00,10,8,0,6,0,5.6,67,0,0,0,1.05173e+08,7.45545e+06,0.0
10/08/2006 07:00,10,8,0,7,0,5.6,68.75,0,0,0,6.59387e+07,7.96219e+06,0.0
10/08/2006 08:00,10,8,0,8,0,6.24167,67.0833,0,0,0,6.50268e+07,9.00776e+06,0.0
10/08/2006 09:00,10,8,0,9,0,7.63333,59.75,0,0,0,5.90021e+07,7.55983e+06,0.0
10/08/2006 10:00,10,8,0,10,0,9.29167,53.6667,0,0,0,6.79634e+07,9.5063e+06,0.0
10/08/2006 11:00,10,8,0,11,0,10.6417,50.8333,0,0,0,7.55202e+07,7.67665e+06,0.0
10/08/2006 12:00,10,8,0,12,0,11.7417,48.25,0,0,201655,7.96488e+07,9.67493e+06,0.0
10/08/2006 13:00,10,8,0,13,0,12.55,45.8333,0,0,350421,7.9879e+07,9.85267e+06,0.0
10/08/2006 14:00,10,8,0,14,0,12.8,45,0,0,1.02499e+06,8.40624e+07,9.60854e+06,0.0
10/08/2006 15:00,10,8,0,15,0,12.45,43.8333,0,0,450194,8.15877e+07,7.54605e+06,0.0
10/08/2006 16:00,10,8,0,16,0,12.8417,41.25,0,0,1.04589e+06,8.34802e+07,7.76847e+06,0.0
10/08/2006 17:00,10,8,0,17,0,12.0167,45.8333,0,0,120968,7.95011e+07,9.05835e+06,0.0
10/08/2006 18:00,10,8,0,18,0,10.4583,52.3333,0,0,0,8.31179e+07,7.34949e+06,0.0
10/08/2006 19:00,10,8,0,19,0,9.65,56.9167,0,0,0,9.18585e+07,1.8192e+06,0.0
10/08/2006 20:00,10,8,0,20,0,9.10833,60.1667,0,0,0,9.18554e+07,1.54073e+06,0.0
10/08/2006 21:00,10,8,0,21,0,8.55,63.3333,0,0,0,9.18554e+07,0,0.0
10/08/2006 22:00,10,8,0,22,0,7.65833,67.9167,0,0,0,9.18554e+07,0,0.0
10/08/2006 23:00,10,8,0,23,0,6.90833,68.25,0,0,0,9.18554e+07,1.54075e+06,0.0
10/09/2006 00:00,10,9,1,0,0,6.35,67.5833,0,0,0,7.85527e+07,0,0.0
10/09/2006 01:00,10,9,1,1,0,5.45833,74.4167,0,2.18321e+08,0,1.46183e+08,2.32185e+08,218321000.0
10/09/2006 02:00,10,9,1,2,0,4.65,79,0,0,0,1.00241e+08,3.44475e+06,0.0
10/09/2006 03:00,10,9,1,3,0,4.10833,83.0833,0,2.41074e+08,0,1.11023e+08,2.47243e+08,241074000.0
10/09/2006 04:00,10,9,1,4,0,3.9,83.6667,0,2.82972e+08,0,1.34076e+08,2.90664e+08,282972000.0
10/09/2006 05:00,10,9,1,5,0,3.9,82,0,0,9761.03,2.15774e+08,1.29566e+07,0.0
10/09/2006 06:00,10,9,1,6,0,3.9,84.3333,0,1.09469e+08,1.70215e+06,4.02272e+08,1.27679e+08,109469000.0
10/09/2006 07:00,10,9,1,7,0,4.19167,84.25,0,3.2548e+07,7.55681e+06,4.47104e+08,5.24355e+07,32548000.0
10/09/2006 08:00,10,9,1,8,0,5.39167,78.9167,0,9.98968e+06,9.17866e+06,4.17247e+08,3.03513e+07,9989680.0
10/09/2006 09:00,10,9,1,9,0,6.74167,74.8333,0,2.18526e+06,9.73304e+06,4.09222e+08,2.31641e+07,2185260.0
10/09/2006 10:00,10,9,1,10,0,7.84167,72.25,0,77960.6,1.18324e+07,4.37901e+08,2.17912e+07,77960.6
10/09/2006 11:00,10,9,1,11,0,9.29167,62.25,0,0,1.11988e+07,4.23922e+08,2.2524e+07,0.0
10/09/2006 12:00,10,9,1,12,0,10.9917,53.6667,0,0,1.13041e+07,4.25156e+08,2.39509e+07,0.0
10/09/2006 13:00,10,9,1,13,0,10.3583,50.25,0,0,8.27796e+06,4.04114e+08,2.52692e+07,0.0
10/09/2006 14:00,10,9,1,14,0,7.41667,71.1667,0,0,1.05612e+07,4.1716e+08,2.4061e+07,0.0
10/09/2006 15:00,10,9,1,15,0,6.7,84.0833,0,0,1.14311e+07,4.20009e+08,1.94879e+07,0.0
10/09/2006 16:00,10,9,1,16,0,8.48333,69.75,0,0,1.22011e+07,4.30666e+08,1.87978e+07,0.0
10/09/2006 17:00,10,9,1,17,0,8.46667,65.0833,0,0,1.23805e+07,4.38559e+08,1.95291e+07,0.0
10/09/2006 18:00,10,9,1,18,0,6.75,75.5833,0,0,1.20676e+07,4.82098e+08,2.04262e+07,0.0
10/09/2006 19:00,10,9,1,19,0,6.05833,83.9167,0,0,1.31513e+07,5.22143e+08,2.14106e+07,0.0
10/09/2006 20:00,10,9,1,20,0,6.1,83.6667,0,1.01359e+06,1.16119e+07,4.69737e+08,2.12282e+07,1013590.0
10/09/2006 21:00,10,9,1,21,0,6.1,84.3333,0,1.61655e+07,2.41638e+06,2.7415e+08,3.14565e+07,16165500.0
10/09/2006 22:00,10,9,1,22,0,6.45,87.75,0,3.41541e+07,3.38352e+06,2.11906e+08,4.79397e+07,34154100.0
10/09/2006 23:00,10,9,1,23,0,6.35,87.25,0,5.24665e+07,2.89271e+06,2.0015e+08,6.40549e+07,52466500.0
10/10/2006 00:00,10,10,2,0,0,6.45,83.6667,0,8.12747e+07,603398,1.67209e+08,9.38884e+07,81274700.0
10/10/2006 01:00,10,10,2,1,0,6.7,82,0,6.61504e+07,0,1.4522e+08,7.58994e+07,66150400.0
10/10/2006 02:00,10,10,2,2,0,6.35,84.3333,0,0,0,1.10753e+08,1.88252e+06,0.0
10/10/2006 03:00,10,10,2,3,0,6.45,81.9167,0,1.2357e+08,0,1.10561e+08,1.30555e+08,123570000.0
10/10/2006 04:00,10,10,2,4,0,6.7,73.75,0,1.50887e+08,0,1.33734e+08,1.60551e+08,150887000.0
10/10/2006 05:00,10,10,2,5,0,6.7,70,0,0,0,2.15764e+08,1.16868e+07,0.0
10/10/2006 06:00,10,10,2,6,0,6.7,70,0,5.55904e+07,5.40588e+06,4.08725e+08,7.27661e+07,55590400.0
10/10/2006 07:00,10,10,2,7,0,6.99167,68.8333,0,6.29179e+06,9.50712e+06,4.49778e+08,2.6168e+07,6291790.0
10/10/2006 08:00,10,10,2,8,0,7.84167,66.25,0,1.02595e+06,1.0514e+07,4.2162e+08,2.14103e+07,1025950.0
10/10/2006 09:00,10,10,2,9,0,8.3,66.75,0,225737,1.11444e+07,4.17575e+08,2.12112e+07,225737.0
10/10/2006 10:00,10,10,2,10,0,9.64167,65.0833,0,0,1.19074e+07,4.18656e+08,2.17385e+07,0.0
10/10/2006 11:00,10,10,2,11,0,11.8833,59.5,0,0,1.29096e+07,4.30352e+08,2.25274e+07,0.0
10/10/2006 12:00,10,10,2,12,0,12.8,57,0,0,1.27945e+07,4.25126e+08,2.38704e+07,0.0
10/10/2006 13:00,10,10,2,13,0,14.4333,52.3333,0,0,1.4453e+07,4.30345e+08,2.73763e+07,0.0
10/10/2006 14:00,10,10,2,14,0,15.8917,49.5833,0,0,4.50018e+07,5.05485e+08,2.43278e+07,0.0
10/10/2006 15:00,10,10,2,15,0,16.1,47.6667,0,0,5.62121e+07,5.22997e+08,1.91127e+07,0.0
10/10/2006 16:00,10,10,2,16,0,16.1,43.6667,0,0,6.28648e+07,5.44756e+08,1.8167e+07,0.0
10/10/2006 17:00,10,10,2,17,0,16.1,42,0,0,6.15419e+07,5.49623e+08,1.93161e+07,0.0
10/10/2006 18:00,10,10,2,18,0,15.1083,44.9167,0,0,2.97816e+07,5.50226e+08,2.04887e+07,0.0
10/10/2006 19:00,10,10,2,19,0,13.7583,50.5,0,0,1.44664e+07,5.2603e+08,2.15451e+07,0.0
10/10/2006 20:00,10,10,2,20,0,12.3667,61.75,0,0,1.13173e+07,4.42572e+08,1.97305e+07,0.0
10/10/2006 21:00,10,10,2,21,0,11.35,63.9167,0,203429,3.82478e+06,2.73363e+08,1.69545e+07,203429.0
10/10/2006 22:00,10,10,2,22,0,10.4583,65.0833,0,3.96626e+06,4.64578e+06,2.13503e+08,1.73299e+07,3966260.0
10/10/2006 23:00,10,10,2,23,0,10,63.9167,0,7.20866e+06,3.11471e+06,1.94566e+08,1.98294e+07,7208660.0
10/11/2006 00:00,10,11,3,0,0,9.65,63.9167,0,1.31286e+07,1.67352e+06,1.62594e+08,2.38888e+07,13128600.0
10/11/2006 01:00,10,11,3,1,0,8.75833,67.1667,0,2.10657e+07,0,1.46294e+08,3.08428e+07,21065700.0
10/11/2006 02:00,10,11,3,2,0,8.65,65.0833,0,0,0,1.1061e+08,3.57203e+06,0.0
10/11/2006 03:00,10,11,3,3,0,8.9,63,0,7.33691e+07,0,1.08409e+08,7.90266e+07,73369100.0
10/11/2006 04:00,10,11,3,4,0,8.55,63,0,1.04217e+08,0,1.34236e+08,1.13883e+08,104217000.0
10/11/2006 05:00,10,11,3,5,0,8.3,63,0,0,0,2.15764e+08,1.2709e+07,0.0
10/11/2006 06:00,10,11,3,6,0,8.65,61.8333,0,3.94245e+07,6.16843e+06,4.10179e+08,5.62228e+07,39424500.0
10/11/2006 07:00,10,11,3,7,0,8.9,61,0,1.0943e+06,1.01304e+07,4.4452e+08,2.09241e+07,1094300.0
10/11/2006 08:00,10,11,3,8,0,10.1833,56.9167,0,11595.9,1.145e+07,4.2913e+08,2.04516e+07,11595.9
10/11/2006 09:00,10,11,3,9,0,13.025,49.3333,0,0,1.32471e+07,4.55189e+08,2.11237e+07,0.0
10/11/2006 10:00,10,11,3,10,0,15.3917,43.0833,0,0,4.08049e+07,5.30328e+08,2.18593e+07,0.0
10/11/2006 11:00,10,11,3,11,0,16.7417,39.25,0,0,8.85622e+07,5.78048e+08,2.25499e+07,0.0
10/11/2006 12:00,10,11,3,12,0,17.8417,38,0,0,1.31077e+08,6.08775e+08,2.35308e+07,0.0
10/11/2006 13:00,10,11,3,13,0,18.9417,37.4167,0,0,1.43952e+08,6.01516e+08,2.70658e+07,0.0
10/11/2006 14:00,10,11,3,14,0,19.75,37,0,0,1.55129e+08,6.44206e+08,2.5188e+07,0.0
10/11/2006 15:00,10,11,3,15,0,20.6417,35.8333,0,0,1.61214e+08,6.82805e+08,1.92825e+07,0.0
10/11/2006 16:00,10,11,3,16,0,21.1,33.25,0,0,1.63842e+08,7.05908e+08,1.82075e+07,0.0
10/11/2006 17:00,10,11,3,17,0,20.8083,33.1667,0,0,1.58162e+08,6.86535e+08,1.93354e+07,0.0
10/11/2006 18:00,10,11,3,18,0,19.6083,36.3333,0,0,1.5573e+08,7.04608e+08,2.05104e+07,0.0
10/11/2006 19:00,10,11,3,19,0,18.2583,39.75,0,0,1.28885e+08,6.91752e+08,2.15684e+07,0.0
10/11/2006 20:00,10,11,3,20,0,17.1583,41.5833,0,0,7.73671e+07,5.55729e+08,1.99745e+07,0.0
10/11/2006 21:00,10,11,3,21,0,14.425,54.8333,0,0,1.15034e+07,3.064e+08,1.56837e+07,0.0
10/11/2006 22:00,10,11,3,22,0,13.0917,65.75,0,154206,5.24799e+06,2.1792e+08,1.35432e+07,154206.0
10/11/2006 23:00,10,11,3,23,0,12.3667,66.4167,0,13005.4,3.80998e+06,1.995e+08,1.28884e+07,13005.4
10/12/2006 00:00,10,12,4,0,0,11.7,64.25,0,1.34336e+06,2.77467e+06,1.68919e+08,1.19931e+07,1343360.0
10/12/2006 01:00,10,12,4,1,0,11.0583,69.4167,0,1.80296e+06,0,1.45609e+08,1.15236e+07,1802960.0
10/12/2006 02:00,10,12,4,2,0,9.9,75.75,0,0,0,1.11163e+08,3.7791e+06,0.0
10/12/2006 03:00,10,12,4,3,0,9.4,77,0,1.49734e+07,0,1.09805e+08,2.07052e+07,14973400.0
10/12/2006 04:00,10,12,4,4,0,9.4,78.75,0,1.86179e+07,0,1.3022e+08,2.82901e+07,18617900.0
10/12/2006 05:00,10,12,4,5,0,9.10833,80,0,0,0,2.15764e+08,1.30395e+07,0.0
10/12/2006 06:00,10,12,4,6,0,8.9,80,0,3.83033e+06,6.89462e+06,4.12247e+08,2.06458e+07,3830330.0
10/12/2006 07:00,10,12,4,7,0,9.19167,80,0,0,1.09391e+07,4.52119e+08,1.9868e+07,0.0
10/12/2006 08:00,10,12,4,8,0,10.7417,81.75,0,0,1.2512e+07,4.4603e+08,2.04787e+07,0.0
10/12/2006 09:00,10,12,4,9,0,14.2667,66.0833,0,0,3.34745e+07,5.03683e+08,2.1164e+07,0.0
10/12/2006 10:00,10,12,4,10,0,17.0917,52.8333,0,0,1.08875e+08,6.1671e+08,2.19013e+07,0.0
10/12/2006 11:00,10,12,4,11,0,18.7333,51.4167,0,0,1.56093e+08,6.50153e+08,2.25906e+07,0.0
10/12/2006 12:00,10,12,4,12,0,20.3917,48.0833,0,0,1.56358e+08,6.35468e+08,2.35522e+07,0.0
10/12/2006 13:00,10,12,4,13,0,21.45,43.6667,0,0,1.55294e+08,6.17354e+08,2.68045e+07,0.0
10/12/2006 14:00,10,12,4,14,0,21.9917,42.5833,0,0,1.72958e+08,6.67037e+08,2.54638e+07,0.0
10/12/2006 15:00,10,12,4,15,0,22.2,41.8333,0,0,1.80679e+08,7.05489e+08,1.94371e+07,0.0
10/12/2006 16:00,10,12,4,16,0,21.9083,42.75,0,0,1.75756e+08,7.32916e+08,1.82576e+07,0.0
10/12/2006 17:00,10,12,4,17,0,21.35,44,0,0,1.6509e+08,7.08648e+08,1.93755e+07,0.0
10/12/2006 18:00,10,12,4,18,0,20.8083,44.5833,0,0,1.5728e+08,7.17479e+08,2.05511e+07,0.0
10/12/2006 19:00,10,12,4,19,0,18.9667,55.5,0,0,1.46152e+08,7.19215e+08,2.16081e+07,0.0
10/12/2006 20:00,10,12,4,20,0,16.8083,71.75,0,0,7.30181e+07,5.57165e+08,2.00722e+07,0.0
10/12/2006 21:00,10,12,4,21,0,15.1083,83.25,0,0,1.47141e+07,3.1888e+08,1.53956e+07,0.0
10/12/2006 22:00,10,12,4,22,0,13.1167,92.8333,0,158869,5.76237e+06,2.2762e+08,1.35644e+07,158869.0
10/12/2006 23:00,10,12,4,23,0,12.55,94.6667,0,0,4.04821e+06,1.98589e+08,1.28835e+07,0.0
10/13/2006 00:00,10,13,5,0,0,12.1583,90.6667,0,508380,2.97965e+06,1.69385e+08,1.173e+07,508380.0
10/13/2006 01:00,10,13,5,1,0,11.0583,95.4167,0,744011,0,1.45953e+08,9.91889e+06,744011.0
10/13/2006 02:00,10,13,5,2,0,10.25,95.9167,0,0,0,1.11985e+08,3.78032e+06,0.0
10/13/2006 03:00,10,13,5,3,0,9.35833,94.75,0,7.72983e+06,0,1.08712e+08,1.34143e+07,7729830.0
10/13/2006 04:00,10,13,5,4,0,8.55,96.5833,0,1.85185e+07,0,1.31425e+08,2.82088e+07,18518500.0
10/13/2006 05:00,10,13,5,5,0,8.3,94.6667,0,0,0,2.15764e+08,1.30119e+07,0.0
10/13/2006 06:00,10,13,5,6,0,8.65,97.0833,0,2.24994e+06,7.2807e+06,4.12801e+08,1.95958e+07,2249940.0
10/13/2006 07:00,10,13,5,7,0,9.19167,100,0,0,1.15927e+07,4.53333e+08,1.99053e+07,0.0
10/13/2006 08:00,10,13,5,8,0,11.3833,88.3333,0,0,1.31735e+07,4.54289e+08,2.05277e+07,0.0
10/13/2006 09:00,10,13,5,9,0,14.0833,73.5833,0,0,1.93515e+07,4.99629e+08,2.12006e+07,0.0
10/13/2006 10:00,10,13,5,10,0,17.275,63.1667,0,0,1.14984e+08,6.28272e+08,2.19386e+07,0.0
10/13/2006 11:00,10,13,5,11,0,20.1833,53.1667,0,0,1.5846e+08,6.54476e+08,2.26275e+07,0.0
10/13/2006 12:00,10,13,5,12,0,21.7417,46.0833,0,0,1.64867e+08,6.46897e+08,2.35715e+07,0.0
10/13/2006 13:00,10,13,5,13,0,22.8417,42.25,0,0,1.64113e+08,6.30917e+08,2.63679e+07,0.0
10/13/2006 14:00,10,13,5,14,0,23.3,43.9167,0,0,1.85021e+08,6.84373e+08,2.56274e+07,0.0
10/13/2006 15:00,10,13,5,15,0,23.65,44.25,0,0,1.96908e+08,7.27038e+08,1.95489e+07,0.0
10/13/2006 16:00,10,13,5,16,0,23.55,40.0833,0,0,1.95155e+08,7.6295e+08,1.86789e+07,0.0
10/13/2006 17:00,10,13,5,17,0,21.375,52.5833,0,0,1.67532e+08,7.1755e+08,1.94116e+07,0.0
10/13/2006 18:00,10,13,5,18,0,19.65,60.6667,0,0,1.57556e+08,7.18453e+08,2.05864e+07,0.0
10/13/2006 19:00,10,13,5,19,0,18.1167,70.0833,0,0,1.30885e+08,7.03334e+08,2.16443e+07,0.0
10/13/2006 20:00,10,13,5,20,0,15.9167,88.5,0,0,5.02167e+07,5.33052e+08,2.01922e+07,0.0
10/13/2006 21:00,10,13,5,21,0,14.65,98.3333,0,0,1.1957e+07,3.15619e+08,1.49087e+07,0.0
10/13/2006 22:00,10,13,5,22,0,14.75,92.4167,0,161434,1.07981e+07,2.36077e+08,1.35859e+07,161434.0
10/13/2006 23:00,10,13,5,23,0,15,87,0,0,7.12804e+06,2.22893e+08,1.28954e+07,0.0
10/14/2006 00:00,10,14,6,0,0,14.65,81.75,0,0,3.164e+06,1.67999e+08,1.21322e+07,0.0
10/14/2006 01:00,10,14,6,1,0,13.7583,81.5,0,0,969537,9.52162e+07,361578,0.0
10/14/2006 02:00,10,14,6,2,0,12.6583,85.1667,0,0,0,9.11674e+07,0,0.0
10/14/2006 03:00,10,14,6,3,0,11.9083,86,0,0,0,8.83418e+07,1.54047e+06,0.0
10/14/2006 04:00,10,14,6,4,0,11.7,84.25,0,0,0,9.00679e+07,0,0.0
10/14/2006 05:00,10,14,6,5,0,11.35,84.75,0,0,0,9.11811e+07,8.81055e+06,0.0
10/14/2006 06:00,10,14,6,6,0,10.8083,86,0,5.7439e+06,0,1.33746e+08,1.55302e+07,5743900.0
10/14/2006 07:00,10,14,6,7,0,10.6,89.5,0,7.67e+06,0,1.43651e+08,1.7901e+07,7670000.0
10/14/2006 08:00,10,14,6,8,0,12.175,89.0833,0,1.5862e+06,1.33608e+06,1.71953e+08,1.44793e+07,1586200.0
10/14/2006 09:00,10,14,6,9,0,14.2917,81.1667,0,44679.7,5.12884e+06,2.17246e+08,1.3636e+07,44679.7
10/14/2006 10:00,10,14,6,10,0,16.925,68.8333,0,0,4.64174e+07,2.6594e+08,1.35372e+07,0.0
10/14/2006 11:00,10,14,6,11,0,20.925,53.0833,0,0,1.22525e+08,3.33069e+08,1.50883e+07,0.0
10/14/2006 12:00,10,14,6,12,0,23.7333,40.75,0,0,1.4221e+08,3.32476e+08,1.47156e+07,0.0
10/14/2006 13:00,10,14,6,13,0,24.4,37,0,0,1.17693e+08,2.76169e+08,1.32971e+07,0.0
10/14/2006 14:00,10,14,6,14,0,25.1,37,0,0,9.40317e+07,2.41103e+08,1.11126e+07,0.0
10/14/2006 15:00,10,14,6,15,0,25.25,38.75,0,0,1.1903e+08,2.83909e+08,1.20836e+07,0.0
10/14/2006 16:00,10,14,6,16,0,25,40,0,150635,9.69622e+07,2.42411e+08,1.12877e+07,150635.0
10/14/2006 17:00,10,14,6,17,0,23.075,53.4167,0,0,1.0959e+08,2.35704e+08,9.1319e+06,0.0
10/14/2006 18:00,10,14,6,18,0,20.0667,67.0833,0,0,5.25444e+07,1.80052e+08,9.565e+06,0.0
10/14/2006 19:00,10,14,6,19,0,17.6167,81.6667,0,0,2.94625e+07,1.69914e+08,5.56218e+06,0.0
10/14/2006 20:00,10,14,6,20,0,16.35,94.0833,0,0,1.56824e+07,1.42472e+08,1.54053e+06,0.0
10/14/2006 21:00,10,14,6,21,0,16.1,92.9167,0,0,1.31723e+07,1.46838e+08,0,0.0
10/14/2006 22:00,10,14,6,22,0,16.45,81.25,0,0,1.10828e+07,1.36025e+08,0,0.0
10/14/2006 23:00,10,14,6,23,0,16.35,73.25,0,0,1.09492e+07,1.37659e+08,1.54079e+06,0.0
10/15/2006 00:00,10,15,0,0,0,15.8083,73.75,0,0,5.62452e+06,1.14511e+08,0,0.0
10/15/2006 01:00,10,15,0,1,0,14.9,73.25,0,0,1.02028e+06,9.79622e+07,1.54072e+06,0.0
10/15/2006 02:00,10,15,0,2,0,13.7583,74.9167,0,0,0,8.34167e+07,0,0.0
10/15/2006 03:00,10,15,0,3,0,13.0083,78.75,0,0,0,8.0871e+07,0,0.0
10/15/2006 04:00,10,15,0,4,0,13.0917,78.25,0,0,0,8.57752e+07,1.18054e+07,0.0
10/15/2006 05:00,10,15,0,5,0,13.0083,78.75,0,0,0,8.03666e+07,7.37768e+06,0.0
10/15/2006 06:00,10,15,0,6,0,11.8083,87.5833,0,0,0,1.05339e+08,7.96793e+06,0.0
10/15/2006 07:00,10,15,0,7,0,11.7417,93,0,0,0,7.23295e+07,8.89378e+06,0.0
10/15/2006 08:00,10,15,0,8,0,13.1917,97.0833,0,0,0,6.55392e+07,7.56758e+06,0.0
10/15/2006 09:00,10,15,0,9,0,15.1833,92.4167,0,0,4.9266e+06,1.00345e+08,9.4558e+06,0.0
10/15/2006 10:00,10,15,0,10,0,17.7333,77.0833,0,0,3.98799e+07,1.56259e+08,7.60588e+06,0.0
10/15/2006 11:00,10,15,0,11,0,21.8167,57.1667,0,0,7.792e+07,1.93571e+08,9.60053e+06,0.0
10/15/2006 12:00,10,15,0,12,0,24.1917,49.1667,0,0,1.1484e+08,2.39623e+08,8.47275e+06,0.0
10/15/2006 13:00,10,15,0,13,0,24.75,51.1667,0,0,9.66375e+07,2.16124e+08,9.61764e+06,0.0
10/15/2006 14:00,10,15,0,14,0,25.6417,49.6667,0,0,1.26342e+08,2.5764e+08,9.18759e+06,0.0
10/15/2006 15:00,10,15,0,15,0,26.1,48,0,0,1.0851e+08,2.3714e+08,8.94275e+06,0.0
10/15/2006 16:00,10,15,0,16,0,25.8083,49.1667,0,0,1.26559e+08,2.59965e+08,8.05068e+06,0.0
10/15/2006 17:00,10,15,0,17,0,24.9,52.3333,0,0,9.24939e+07,2.13503e+08,7.44761e+06,0.0
10/15/2006 18:00,10,15,0,18,0,23.1167,56.9167,0,0,9.50989e+07,2.35221e+08,7.3583e+06,0.0
10/15/2006 19:00,10,15,0,19,0,21.2667,65.4167,0,0,5.88935e+07,2.04227e+08,3.3669e+06,0.0
10/15/2006 20:00,10,15,0,20,0,19.6083,78.1667,0,0,6.0729e+07,1.99858e+08,0,0.0
10/15/2006 21:00,10,15,0,21,0,17.9083,93.3333,0,0,4.66455e+07,1.75602e+08,0,0.0
10/15/2006 22:00,10,15,0,22,0,16.5583,90.0833,0,0,2.25654e+07,1.57534e+08,1.5406e+06,0.0
10/15/2006 23:00,10,15,0,23,0,16.45,84.75,0,0,6.55667e+06,1.19925e+08,0,0.0
10/16/2006 00:00,10,16,1,0,0,16.7,88.3333,0,0,1.13698e+07,1.22334e+08,1.54079e+06,0.0
10/16/2006 01:00,10,16,1,1,0,16.7,90,0,1.54865e+06,9.14463e+06,1.74673e+08,1.41178e+07,1548650.0
10/16/2006 02:00,10,16,1,2,0,16.0583,93.5,0,0,2.59234e+06,1.10258e+08,3.78108e+06,0.0
10/16/2006 03:00,10,16,1,3,0,15.25,96,0,2.70238e+06,2.60458e+06,1.22634e+08,8.33337e+06,2702380.0
10/16/2006 04:00,10,16,1,4,0,15,96,0,1.74247e+06,709816,1.28972e+08,1.14404e+07,1742470.0
10/16/2006 05:00,10,16,1,5,0,15,96,0,0,5.10048e+06,2.54807e+08,1.30702e+07,0.0
10/16/2006 06:00,10,16,1,6,0,15.35,94.25,0,582097,1.87435e+07,4.54409e+08,1.77072e+07,582097.0
10/16/2006 07:00,10,16,1,7,0,15.8917,89.5,0,0,3.50568e+07,5.19272e+08,2.00562e+07,0.0
10/16/2006 08:00,10,16,1,8,0,16.7417,83.5,0,0,5.40559e+07,5.12296e+08,2.06693e+07,0.0
10/16/2006 09:00,10,16,1,9,0,17.8417,78.0833,0,0,8.43368e+07,5.35084e+08,2.13509e+07,0.0
10/16/2006 10:00,10,16,1,10,0,19.9333,71.3333,0,0,1.46441e+08,6.20933e+08,2.2085e+07,0.0
10/16/2006 11:00,10,16,1,11,0,22.3833,60.4167,0,0,1.63584e+08,6.67371e+08,2.27716e+07,0.0
10/16/2006 12:00,10,16,1,12,0,23.3,59.0833,0,0,1.85029e+08,6.83611e+08,2.37244e+07,0.0
10/16/2006 13:00,10,16,1,13,0,23.9417,58.5,0,0,1.89983e+08,6.67649e+08,2.71414e+07,0.0
10/16/2006 14:00,10,16,1,14,0,24.4,57.1667,0,0,2.19184e+08,7.59655e+08,2.55127e+07,0.0
10/16/2006 15:00,10,16,1,15,0,24.1083,60.3333,0,0,2.15055e+08,7.39339e+08,1.95209e+07,0.0
10/16/2006 16:00,10,16,1,16,0,22.9083,64.3333,0,0,1.90752e+08,6.98346e+08,1.84611e+07,0.0
10/16/2006 17:00,10,16,1,17,0,21.9083,68.3333,0,0,1.7942e+08,6.96962e+08,1.95816e+07,0.0
10/16/2006 18:00,10,16,1,18,0,20.3583,73.5,0,0,1.6185e+08,7.17962e+08,2.07491e+07,0.0
10/16/2006 19:00,10,16,1,19,0,19.4,76,0,0,1.57857e+08,7.22648e+08,2.18009e+07,0.0
10/16/2006 20:00,10,16,1,20,0,18.7583,82.4167,0,0,1.46727e+08,6.31244e+08,2.0246e+07,0.0
10/16/2006 21:00,10,16,1,21,0,18.3,88.75,0,0,9.63273e+07,4.06493e+08,1.55714e+07,0.0
10/16/2006 22:00,10,16,1,22,0,17.6583,91.75,0,0,6.73382e+07,3.18991e+08,1.34465e+07,0.0
10/16/2006 23:00,10,16,1,23,0,17.2,95.3333,0,0,4.76389e+07,2.71459e+08,1.29149e+07,0.0
10/17/2006 00:00,10,17,2,0,0,17.2,97,0,0,5.81711e+07,2.54756e+08,1.17941e+07,0.0
10/17/2006 01:00,10,17,2,1,0,17.2,94.6667,0,0,3.673e+07,2.06791e+08,8.65045e+06,0.0
10/17/2006 02:00,10,17,2,2,0,17.2,93,0,0,3.78917e+07,1.87842e+08,3.78403e+06,0.0
10/17/2006 03:00,10,17,2,3,0,17.2,93,0,6353.31,2.51145e+07,1.52235e+08,6.09682e+06,6353.31
10/17/2006 04:00,10,17,2,4,0,17.2,91.25,0,0,3.19011e+07,1.95132e+08,9.67096e+06,0.0
10/17/2006 05:00,10,17,2,5,0,16.9083,93.5,0,0,4.76908e+07,3.00137e+08,1.3087e+07,0.0
10/17/2006 06:00,10,17,2,6,0,16.35,98.3333,0,0,7.24341e+07,5.16287e+08,1.71291e+07,0.0
10/17/2006 07:00,10,17,2,7,0,16.45,95.9167,0,0,8.4999e+07,5.81858e+08,2.01063e+07,0.0
10/17/2006 08:00,10,17,2,8,0,16.35,93,0,19256.3,6.48468e+07,5.41149e+08,2.07378e+07,19256.3
10/17/2006 09:00,10,17,2,9,0,16.1,95.3333,0,0,6.54039e+07,5.3162e+08,2.13993e+07,0.0
10/17/2006 10:00,10,17,2,10,0,16.45,94.6667,0,0,8.81041e+07,5.57793e+08,2.21326e+07,0.0
10/17/2006 11:00,10,17,2,11,0,16.7,93,0,0,1.04002e+08,5.70626e+08,2.28184e+07,0.0
10/17/2006 12:00,10,17,2,12,0,16.9917,93,0,0,1.21192e+08,5.90493e+08,2.37717e+07,0.0
10/17/2006 13:00,10,17,2,13,0,16.9083,94.75,0,0,1.01114e+08,5.425e+08,2.73189e+07,0.0
10/17/2006 14:00,10,17,2,14,0,17.3417,90.75,0,0,1.2986e+08,6.02042e+08,2.54121e+07,0.0
10/17/2006 15:00,10,17,2,15,0,17.8,88.75,0,0,1.53622e+08,6.3502e+08,1.95502e+07,0.0
10/17/2006 16:00,10,17,2,16,0,18.0917,86.5,0,0,1.57829e+08,6.45543e+08,1.85133e+07,0.0
10/17/2006 17:00,10,17,2,17,0,18.0083,84,0,0,1.43221e+08,6.4376e+08,1.96353e+07,0.0
10/17/2006 18:00,10,17,2,18,0,17.8,85.75,0,0,1.36624e+08,6.76534e+08,2.08012e+07,0.0
10/17/2006 19:00,10,17,2,19,0,17.45,88.75,0,0,1.35715e+08,6.90102e+08,2.18515e+07,0.0
10/17/2006 20:00,10,17,2,20,0,16.9083,90,0,0,8.45707e+07,5.59044e+08,2.02749e+07,0.0
10/17/2006 21:00,10,17,2,21,0,16.7,90,0,0,3.75791e+07,3.40792e+08,1.57044e+07,0.0
10/17/2006 22:00,10,17,2,22,0,16.7,90,0,0,3.04907e+07,2.69087e+08,1.34577e+07,0.0
10/17/2006 23:00,10,17,2,23,0,16.35,91.75,0,159584,1.66136e+07,2.31948e+08,1.30828e+07,159584.0
10/18/2006 00:00,10,18,3,0,0,16.0417,97.0833,0,170285,2.49654e+07,2.18803e+08,1.19788e+07,170285.0
10/18/2006 01:00,10,18,3,1,0,16.0583,98.25,0,405731,2.12862e+07,1.92419e+08,9.05065e+06,405731.0
10/18/2006 02:00,10,18,3,2,0,16.1,97,0,0,2.11772e+07,1.69977e+08,3.78466e+06,0.0
10/18/2006 03:00,10,18,3,3,0,16.1,97,0,524972,1.2622e+07,1.38997e+08,6.61716e+06,524972.0
10/18/2006 04:00,10,18,3,4,0,16.1,98.75,0,385115,2.58156e+07,1.8896e+08,1.00547e+07,385115.0
10/18/2006 05:00,10,18,3,5,0,16.1,100,0,0,4.39854e+07,2.96159e+08,1.30787e+07,0.0
10/18/2006 06:00,10,18,3,6,0,16.1,100,0,0,6.99794e+07,5.13591e+08,1.72773e+07,0.0
10/18/2006 07:00,10,18,3,7,0,16.1,100,0,0,9.14919e+07,5.87416e+08,2.01533e+07,0.0
10/18/2006 08:00,10,18,3,8,0,16.1,100,0,0,9.86596e+07,5.66089e+08,2.07665e+07,0.0
10/18/2006 09:00,10,18,3,9,0,16.45,100,0,0,1.30396e+08,5.94809e+08,2.14451e+07,0.0
10/18/2006 10:00,10,18,3,10,0,16.9917,98.25,0,0,1.56831e+08,6.34659e+08,2.21776e+07,0.0
10/18/2006 11:00,10,18,3,11,0,17.55,94.6667,0,0,1.57425e+08,6.34298e+08,2.28628e+07,0.0
10/18/2006 12:00,10,18,3,12,0,18.0917,91.25,0,0,1.57094e+08,6.27469e+08,2.38118e+07,0.0
10/18/2006 13:00,10,18,3,13,0,19.2917,84.75,0,0,1.56256e+08,6.08583e+08,2.73403e+07,0.0
10/18/2006 14:00,10,18,3,14,0,20.9917,76.3333,0,0,1.84802e+08,6.8661e+08,2.54712e+07,0.0
10/18/2006 15:00,10,18,3,15,0,21.0583,70.0833,0,0,1.76345e+08,7.02012e+08,1.95972e+07,0.0
10/18/2006 16:00,10,18,3,16,0,20.6,63.9167,0,0,1.58717e+08,6.84747e+08,1.85647e+07,0.0
10/18/2006 17:00,10,18,3,17,0,19.6083,65.0833,0,0,1.57876e+08,6.7368e+08,1.96853e+07,0.0
10/18/2006 18:00,10,18,3,18,0,18.2583,69.1667,0,0,1.31446e+08,6.79712e+08,2.08497e+07,0.0
10/18/2006 19:00,10,18,3,19,0,17.45,71.1667,0,0,1.00291e+08,6.56936e+08,2.18988e+07,0.0
10/18/2006 20:00,10,18,3,20,0,16.5583,73.75,0,0,6.08703e+07,5.35824e+08,2.03269e+07,0.0
10/18/2006 21:00,10,18,3,21,0,16.1,72.0833,0,0,2.71495e+07,3.30773e+08,1.56978e+07,0.0
10/18/2006 22:00,10,18,3,22,0,15.8083,68.25,0,155716,1.8947e+07,2.57524e+08,1.36255e+07,155716.0
10/18/2006 23:00,10,18,3,23,0,15.25,68.1667,0,0,7.26795e+06,2.21543e+08,1.29323e+07,0.0
10/19/2006 00:00,10,19,4,0,0,15.35,67.8333,0,471650,8.31637e+06,2.00373e+08,1.24964e+07,471650.0
10/19/2006 01:00,10,19,4,1,0,14.6083,71.0833,0,870751,2.15078e+06,1.56002e+08,9.31346e+06,870751.0
10/19/2006 02:00,10,19,4,2,0,14.1917,71.6667,0,0,0,1.13302e+08,3.78597e+06,0.0
10/19/2006 03:00,10,19,4,3,0,14.1083,71.1667,0,5.03938e+06,0,1.03464e+08,1.0944e+07,5039380.0
10/19/2006 04:00,10,19,4,4,0,13.55,73.75,0,1.64898e+07,0,1.27386e+08,2.61765e+07,16489800.0
10/19/2006 05:00,10,19,4,5,0,13.0083,76.1667,0,0,0,2.15764e+08,1.30684e+07,0.0
10/19/2006 06:00,10,19,4,6,0,12.1583,80.5,0,3.04624e+06,8.37481e+06,4.13555e+08,2.08963e+07,3046240.0
10/19/2006 07:00,10,19,4,7,0,11.35,84.75,0,0,1.20674e+07,4.59845e+08,2.01925e+07,0.0
10/19/2006 08:00,10,19,4,8,0,12.3833,80.75,0,0,1.32663e+07,4.42283e+08,2.08166e+07,0.0
10/19/2006 09:00,10,19,4,9,0,14.6417,72.3333,0,0,2.5516e+07,4.98686e+08,2.14828e+07,0.0
10/19/2006 10:00,10,19,4,10,0,16.5333,65.5,0,0,8.53945e+07,5.89047e+08,2.22159e+07,0.0
10/19/2006 11:00,10,19,4,11,0,17.8417,61.8333,0,0,1.38033e+08,6.37983e+08,2.2901e+07,0.0
10/19/2006 12:00,10,19,4,12,0,18.9417,58.6667,0,0,1.56352e+08,6.38843e+08,2.38293e+07,0.0
10/19/2006 13:00,10,19,4,13,0,20.1,55.25,0,0,1.53657e+08,6.16957e+08,2.68687e+07,0.0
10/19/2006 14:00,10,19,4,14,0,20.6,53.4167,0,0,1.60724e+08,6.55415e+08,2.60346e+07,0.0
10/19/2006 15:00,10,19,4,15,0,21.2417,50.6667,0,0,1.70544e+08,6.99805e+08,1.96994e+07,0.0
10/19/2006 16:00,10,19,4,16,0,21.7,44.9167,0,0,1.7237e+08,7.2635e+08,1.86154e+07,0.0
10/19/2006 17:00,10,19,4,17,0,21.0583,43.75,0,0,1.60874e+08,6.9549e+08,1.97205e+07,0.0
10/19/2006 18:00,10,19,4,18,0,19.6083,47.9167,0,0,1.56878e+08,7.17805e+08,2.08865e+07,0.0
10/19/2006 19:00,10,19,4,19,0,18.9,50,0,0,1.53299e+08,7.21994e+08,2.19365e+07,0.0
10/19/2006 20:00,10,19,4,20,0,17.6167,54.6667,0,0,9.44058e+07,5.77511e+08,2.04523e+07,0.0
10/19/2006 21:00,10,19,4,21,0,15.3583,67.9167,0,0,1.82055e+07,3.2163e+08,1.52461e+07,0.0
10/19/2006 22:00,10,19,4,22,0,13.7583,70.3333,0,160068,6.39835e+06,2.2147e+08,1.36485e+07,160068.0
10/19/2006 23:00,10,19,4,23,0,13.65,71.0833,0,0,4.61765e+06,2.0248e+08,1.29419e+07,0.0
10/20/2006 00:00,10,20,5,0,0,12.6167,81,0,329437,2.90994e+06,1.69311e+08,1.29911e+07,329437.0
10/20/2006 01:00,10,20,5,1,0,11.9917,86,0,223816,0,1.46013e+08,8.89202e+06,223816.0
10/20/2006 02:00,10,20,5,2,0,11.9083,87.75,0,0,180244,1.15165e+08,2.96267e+06,0.0
10/20/2006 03:00,10,20,5,3,0,11.0583,90.75,0,2.20446e+06,0,1.05051e+08,8.20873e+06,2204460.0
10/20/2006 04:00,10,20,5,4,0,10.25,92.5833,0,9.82505e+06,0,1.27948e+08,1.95069e+07,9825050.0
10/20/2006 05:00,10,20,5,5,0,10,93,0,0,0,2.15764e+08,1.30682e+07,0.0
10/20/2006 06:00,10,20,5,6,0,9.65,95.3333,0,1.45656e+06,7.66817e+06,4.13119e+08,1.96623e+07,1456560.0
10/20/2006 07:00,10,20,5,7,0,9.75,96.4167,0,0,1.17589e+07,4.61354e+08,2.02334e+07,0.0
10/20/2006 08:00,10,20,5,8,0,10.9917,98.3333,0,0,1.31713e+07,4.46792e+08,2.08623e+07,0.0
10/20/2006 09:00,10,20,5,9,0,12.6333,92.4167,0,0,1.43168e+07,4.7126e+08,2.15251e+07,0.0
10/20/2006 10:00,10,20,5,10,0,14.9333,80,0,0,3.8035e+07,5.36692e+08,2.22573e+07,0.0
10/20/2006 11:00,10,20,5,11,0,17.0917,72.0833,0,0,1.29412e+08,6.25127e+08,2.29421e+07,0.0
10/20/2006 12:00,10,20,5,12,0,18.7333,63.5833,0,0,1.56579e+08,6.37788e+08,2.38639e+07,0.0
10/20/2006 13:00,10,20,5,13,0,20.3917,57.8333,0,0,1.54137e+08,6.16931e+08,2.66398e+07,0.0
10/20/2006 14:00,10,20,5,14,0,21.1,60.5,0,0,1.70582e+08,6.69519e+08,2.62219e+07,0.0
10/20/2006 15:00,10,20,5,15,0,21.1,63,0,0,1.75518e+08,7.08118e+08,1.97982e+07,0.0
10/20/2006 16:00,10,20,5,16,0,20.8083,64.1667,0,0,1.65531e+08,7.21458e+08,1.87806e+07,0.0
10/20/2006 17:00,10,20,5,17,0,19.9,67.9167,0,0,1.58272e+08,6.94922e+08,1.97649e+07,0.0
10/20/2006 18:00,10,20,5,18,0,18.7583,74.6667,0,0,1.51918e+08,7.14429e+08,2.09293e+07,0.0
10/20/2006 19:00,10,20,5,19,0,18.0083,71.5833,0,0,1.28616e+08,6.97877e+08,2.19781e+07,0.0
10/20/2006 20:00,10,20,5,20,0,17.8,65.8333,0,0,9.76708e+07,5.8161e+08,2.05339e+07,0.0
10/20/2006 21:00,10,20,5,21,0,17.45,67.9167,0,0,5.06306e+07,3.57602e+08,1.50066e+07,0.0
10/20/2006 22:00,10,20,5,22,0,16.9083,68.25,0,160219,3.57508e+07,2.85316e+08,1.36639e+07,160219.0
10/20/2006 23:00,10,20,5,23,0,15.7083,69.9167,0,215646,1.38197e+07,2.37976e+08,1.31662e+07,215646.0
10/21/2006 00:00,10,21,6,0,0,14.65,73.75,0,305010,2.70512e+06,1.68941e+08,1.29736e+07,305010.0
10/21/2006 01:00,10,21,6,1,0,14.1083,74.4167,0,0,0,9.16844e+07,0,0.0
10/21/2006 02:00,10,21,6,2,0,13.55,74.5833,0,0,0,9.15512e+07,0,0.0
10/21/2006 03:00,10,21,6,3,0,13.3,76.1667,0,0,0,8.66064e+07,1.54049e+06,0.0
10/21/2006 04:00,10,21,6,4,0,13.0083,77,0,0,0,9.11784e+07,0,0.0
10/21/2006 05:00,10,21,6,5,0,12.45,80.5,0,0,0,9.34994e+07,8.87236e+06,0.0
10/21/2006 06:00,10,21,6,6,0,11.5583,88.8333,0,1.81038e+07,0,1.36221e+08,2.79015e+07,18103800.0
10/21/2006 07:00,10,21,6,7,0,11.1,93,0,1.59504e+07,0,1.50392e+08,2.62021e+07,15950400.0
10/21/2006 08:00,10,21,6,8,0,11.7417,93,0,4.36341e+06,1.10646e+06,1.71861e+08,1.73019e+07,4363410.0
10/21/2006 09:00,10,21,6,9,0,13.4833,87.75,0,660276,3.10853e+06,1.95818e+08,1.43291e+07,660276.0
10/21/2006 10:00,10,21,6,10,0,15.3917,82.25,0,8175.5,1.43517e+07,2.30652e+08,1.4095e+07,8175.5
10/21/2006 11:00,10,21,6,11,0,17.3833,78.0833,0,0,4.93647e+07,2.54061e+08,1.58914e+07,0.0
10/21/2006 12:00,10,21,6,12,0,19.2917,72.5,0,0,8.38339e+07,2.69905e+08,1.365e+07,0.0
10/21/2006 13:00,10,21,6,13,0,21.6333,67.6667,0,0,1.07746e+08,2.67143e+08,1.33783e+07,0.0
10/21/2006 14:00,10,21,6,14,0,24.0833,56.6667,0,0,1.00299e+08,2.46399e+08,1.28231e+07,0.0
10/21/2006 15:00,10,21,6,15,0,25.35,50,0,0,1.25399e+08,2.88609e+08,1.07526e+07,0.0
10/21/2006 16:00,10,21,6,16,0,25.25,50,0,0,1.00971e+08,2.42573e+08,1.2231e+07,0.0
10/21/2006 17:00,10,21,6,17,0,23.3667,58.1667,0,0,1.10852e+08,2.39175e+08,9.84086e+06,0.0
10/21/2006 18:00,10,21,6,18,0,20.275,73.9167,0,0,5.83976e+07,1.93667e+08,7.66628e+06,0.0
10/21/2006 19:00,10,21,6,19,0,18.55,78.0833,0,0,4.12167e+07,1.8205e+08,7.41261e+06,0.0
10/21/2006 20:00,10,21,6,20,0,18.65,77.1667,0,0,2.98915e+07,1.58231e+08,0,0.0
10/21/2006 21:00,10,21,6,21,0,18.55,79.75,0,0,3.25117e+07,1.68179e+08,1.54079e+06,0.0
10/21/2006 22:00,10,21,6,22,0,18.3,81,0,0,2.76163e+07,1.6697e+08,0,0.0
10/21/2006 23:00,10,21,6,23,0,17.0167,86.25,0,0,1.69839e+07,1.47605e+08,0,0.0
10/22/2006 00:00,10,22,0,0,0,15.1083,94.0833,0,0,819072,9.04445e+07,1.54077e+06,0.0
10/22/2006 01:00,10,22,0,1,0,14.4,97,0,0,0,8.33445e+07,0,0.0
10/22/2006 02:00,10,22,0,2,0,14.75,94.6667,0,0,0,8.0871e+07,0,0.0
10/22/2006 03:00,10,22,0,3,0,13.7167,94.75,0,0,0,8.5766e+07,1.54079e+06,0.0
10/22/2006 04:00,10,22,0,4,0,13.7333,92.5,0,0,0,8.103e+07,1.14482e+07,0.0
10/22/2006 05:00,10,22,0,5,0,14.1083,89.4167,0,0,0,8.50032e+07,7.38481e+06,0.0
10/22/2006 06:00,10,22,0,6,0,13.55,91.3333,0,0,0,1.05281e+08,7.46069e+06,0.0
10/22/2006 07:00,10,22,0,7,0,13.3,91.25,0,0,0,7.23067e+07,8.71296e+06,0.0
10/22/2006 08:00,10,22,0,8,0,14.2917,77.75,0,0,837886,7.65266e+07,8.29116e+06,0.0
10/22/2006 09:00,10,22,0,9,0,15.9917,62.5833,0,0,1.7768e+07,1.29607e+08,7.57167e+06,0.0
10/22/2006 10:00,10,22,0,10,0,17.3417,58,0,0,3.15122e+07,1.43179e+08,9.50814e+06,0.0
10/22/2006 11:00,10,22,0,11,0,18.0917,58,0,0,4.46051e+07,1.60674e+08,8.67989e+06,0.0
10/22/2006 12:00,10,22,0,12,0,19.2917,53.3333,0,0,5.7202e+07,1.71542e+08,8.69853e+06,0.0
10/22/2006 13:00,10,22,0,13,0,20,49.4167,0,0,7.65148e+07,1.96044e+08,9.90941e+06,0.0
10/22/2006 14:00,10,22,0,14,0,20.35,49,0,0,7.30073e+07,1.89568e+08,9.64536e+06,0.0
10/22/2006 15:00,10,22,0,15,0,20.6,50.1667,0,0,9.07449e+07,2.1411e+08,7.66016e+06,0.0
10/22/2006 16:00,10,22,0,16,0,20.25,54.5,0,0,6.97233e+07,1.87816e+08,9.34214e+06,0.0
10/22/2006 17:00,10,22,0,17,0,19.0083,59.3333,0,0,5.2911e+07,1.70668e+08,7.45238e+06,0.0
10/22/2006 18:00,10,22,0,18,0,17.3667,63.3333,0,0,2.55581e+07,1.61931e+08,7.35807e+06,0.0
10/22/2006 19:00,10,22,0,19,0,16.35,62.0833,0,0,1.55443e+07,1.55929e+08,3.36669e+06,0.0
10/22/2006 20:00,10,22,0,20,0,15.4583,67,0,0,4.74491e+06,1.28641e+08,0,0.0
10/22/2006 21:00,10,22,0,21,0,13.7167,78.4167,0,0,0,1.02675e+08,0,0.0
10/22/2006 22:00,10,22,0,22,0,12.45,81.25,0,0,0,9.41742e+07,1.54056e+06,0.0
10/22/2006 23:00,10,22,0,23,0,12.2,78.25,0,0,0,9.88102e+07,0,0.0
10/23/2006 00:00,10,23,1,0,0,11.9083,82.25,0,0,0,8.31893e+07,0,0.0
10/23/2006 01:00,10,23,1,1,0,11.0583,86,0,3.76334e+07,0,1.44173e+08,5.1633e+07,37633400.0
10/23/2006 02:00,10,23,1,2,0,9.60833,91.8333,0,0,0,9.9572e+07,3.7879e+06,0.0
10/23/2006 03:00,10,23,1,3,0,8.9,96,0,7.5159e+07,0,1.08104e+08,8.08137e+07,75159000.0
10/23/2006 04:00,10,23,1,4,0,7.90833,98.3333,0,1.22611e+08,0,1.33587e+08,1.32298e+08,122611000.0
10/23/2006 05:00,10,23,1,5,0,7.2,100,0,0,0,2.15764e+08,1.31145e+07,0.0
10/23/2006 06:00,10,23,1,6,0,7.2,98.25,0,2.9823e+07,4.43544e+06,4.0474e+08,4.75274e+07,29823000.0
10/23/2006 07:00,10,23,1,7,0,7.55,98.75,0,480076,1.04754e+07,4.50087e+08,2.088e+07,480076.0
10/23/2006 08:00,10,23,1,8,0,9.08333,95.9167,0,773.02,1.13229e+07,4.24329e+08,2.10208e+07,773.02
10/23/2006 09:00,10,23,1,9,0,10.6417,87.1667,0,0,1.20864e+07,4.38217e+08,2.1682e+07,0.0
10/23/2006 10:00,10,23,1,10,0,12.3833,74.8333,0,0,1.28477e+07,4.51812e+08,2.24099e+07,0.0
10/23/2006 11:00,10,23,1,11,0,14.2917,54.4167,0,0,2.45844e+07,4.82295e+08,2.30913e+07,0.0
10/23/2006 12:00,10,23,1,12,0,15.6417,42.25,0,0,7.50871e+07,5.39121e+08,2.40299e+07,0.0
10/23/2006 13:00,10,23,1,13,0,16.7417,41,0,0,9.15121e+07,5.4035e+08,2.78536e+07,0.0
10/23/2006 14:00,10,23,1,14,0,17.55,40.4167,0,0,1.49422e+08,6.27412e+08,2.53456e+07,0.0
10/23/2006 15:00,10,23,1,15,0,18.0917,40,0,0,1.55235e+08,6.62957e+08,1.97826e+07,0.0
10/23/2006 16:00,10,23,1,16,0,18.0083,42.9167,0,0,1.50662e+08,6.78847e+08,1.88264e+07,0.0
10/23/2006 17:00,10,23,1,17,0,17.1583,43.25,0,0,1.06297e+08,6.18078e+08,1.99473e+07,0.0
10/23/2006 18:00,10,23,1,18,0,15.7083,48.4167,0,0,4.8098e+07,5.92942e+08,2.1104e+07,0.0
10/23/2006 19:00,10,23,1,19,0,14.3583,55.3333,0,1408.5,1.65496e+07,5.53979e+08,2.21479e+07,1408.5
10/23/2006 20:00,10,23,1,20,0,13.55,61.0833,0,0,1.16245e+07,4.48683e+08,2.05031e+07,0.0
10/23/2006 21:00,10,23,1,21,0,12.6583,68.0833,0,0,4.1151e+06,2.75435e+08,1.61237e+07,0.0
10/23/2006 22:00,10,23,1,22,0,11.5583,76.25,0,380688,3.99211e+06,2.11678e+08,1.3905e+07,380688.0
10/23/2006 23:00,10,23,1,23,0,11.1,78.25,0,307039,3.55952e+06,1.97094e+08,1.3282e+07,307039.0
10/24/2006 00:00,10,24,2,0,0,11.1,80.5,0,3.27944e+06,2.91068e+06,1.67293e+08,1.57568e+07,3279440.0
10/24/2006 01:00,10,24,2,1,0,10.1083,87.0833,0,3.86247e+06,1.0536e+06,1.46446e+08,1.24033e+07,3862470.0
10/24/2006 02:00,10,24,2,2,0,9.10833,89.4167,0,0,0,1.11051e+08,3.29883e+06,0.0
10/24/2006 03:00,10,24,2,3,0,9.19167,89.5833,0,2.55671e+07,0,1.1033e+08,3.14285e+07,25567100.0
10/24/2006 04:00,10,24,2,4,0,9.4,90,0,2.02133e+07,0,1.27897e+08,2.99293e+07,20213300.0
10/24/2006 05:00,10,24,2,5,0,9.10833,89.4167,0,0,0,2.15764e+08,1.31045e+07,0.0
10/24/2006 06:00,10,24,2,6,0,9.19167,91.3333,0,5.73635e+06,6.94791e+06,4.11428e+08,2.44375e+07,5736350.0
10/24/2006 07:00,10,24,2,7,0,9.75,93,0,0,1.12745e+07,4.64547e+08,2.04172e+07,0.0
10/24/2006 08:00,10,24,2,8,0,10.35,92.4167,0,0,1.25446e+07,4.38272e+08,2.10604e+07,0.0
10/24/2006 09:00,10,24,2,9,0,11.5333,88.5,0,0,1.35611e+07,4.53852e+08,2.17119e+07,0.0
10/24/2006 10:00,10,24,2,10,0,13.1917,79,0,0,1.43185e+07,4.61501e+08,2.2441e+07,0.0
10/24/2006 11:00,10,24,2,11,0,14.8917,71.0833,0,0,3.77409e+07,5.21168e+08,2.31229e+07,0.0
10/24/2006 12:00,10,24,2,12,0,16.2417,66.6667,0,0,8.56253e+07,5.64054e+08,2.4037e+07,0.0
10/24/2006 13:00,10,24,2,13,0,16.9917,63.8333,0,0,9.01921e+07,5.50264e+08,2.68986e+07,0.0
10/24/2006 14:00,10,24,2,14,0,17.8417,60.0833,0,0,1.48326e+08,6.4634e+08,2.64116e+07,0.0
10/24/2006 15:00,10,24,2,15,0,18.3,59.75,0,0,1.56178e+08,6.71563e+08,1.99409e+07,0.0
10/24/2006 16:00,10,24,2,16,0,18.3,59.25,0,0,1.41096e+08,6.40371e+08,1.88734e+07,0.0
10/24/2006 17:00,10,24,2,17,0,18.0083,60.9167,0,0,1.23156e+08,6.35465e+08,1.99715e+07,0.0
10/24/2006 18:00,10,24,2,18,0,17.45,65.3333,0,0,1.02616e+08,6.54339e+08,2.11299e+07,0.0
10/24/2006 19:00,10,24,2,19,0,17.55,64.6667,0,0,1.04137e+08,6.62943e+08,2.21736e+07,0.0
10/24/2006 20:00,10,24,2,20,0,17.1583,70,0,0,7.66976e+07,5.5509e+08,2.07107e+07,0.0
10/24/2006 21:00,10,24,2,21,0,16.7,77.9167,0,0,3.60011e+07,3.41054e+08,1.52188e+07,0.0
10/24/2006 22:00,10,24,2,22,0,16.35,78.8333,0,154685,2.66261e+07,2.74248e+08,1.37045e+07,154685.0
10/24/2006 23:00,10,24,2,23,0,16.1,78,0,0,1.35785e+07,2.27223e+08,1.29835e+07,0.0
10/25/2006 00:00,10,25,3,0,0,15.8083,78,0,194013,1.45367e+07,2.08886e+08,1.28946e+07,194013.0
10/25/2006 01:00,10,25,3,1,0,15.6,78,0,148536,7.12614e+06,1.76499e+08,9.9351e+06,148536.0
10/25/2006 02:00,10,25,3,2,0,15.25,77.4167,0,0,4.25996e+06,1.51442e+08,1.88305e+06,0.0
10/25/2006 03:00,10,25,3,3,0,15,79.3333,0,1.27869e+06,1.21309e+06,1.25905e+08,8.48139e+06,1278690.0
10/25/2006 04:00,10,25,3,4,0,15,82.1667,0,877796,1.8834e+06,1.56014e+08,9.87411e+06,877796.0
10/25/2006 05:00,10,25,3,5,0,15.35,81.25,0,0,8.26199e+06,2.58045e+08,1.22089e+07,0.0
10/25/2006 06:00,10,25,3,6,0,15.6,81.75,0,0,2.43861e+07,4.66079e+08,1.79942e+07,0.0
10/25/2006 07:00,10,25,3,7,0,15.6,81.25,0,0,3.27025e+07,5.33747e+08,2.04731e+07,0.0
10/25/2006 08:00,10,25,3,8,0,15.8917,80.5833,0,0,4.1799e+07,5.16234e+08,2.10393e+07,0.0
10/25/2006 09:00,10,25,3,9,0,16.45,77.5,0,0,5.8566e+07,5.24633e+08,2.17123e+07,0.0
10/25/2006 10:00,10,25,3,10,0,16.9917,75,0,0,7.52512e+07,5.41101e+08,2.25571e+07,0.0
10/25/2006 11:00,10,25,3,11,0,17.8417,72.0833,0,0,1.03941e+08,5.72706e+08,2.3473e+07,0.0
10/25/2006 12:00,10,25,3,12,0,18.65,70,0,0,1.36292e+08,6.15424e+08,2.50175e+07,0.0
10/25/2006 13:00,10,25,3,13,0,19.5417,68.8333,0,0,1.51038e+08,6.26077e+08,2.73391e+07,0.0
10/25/2006 14:00,10,25,3,14,0,20.35,68,0,0,1.63804e+08,6.84441e+08,2.50161e+07,0.0
10/25/2006 15:00,10,25,3,15,0,20.8917,66.8333,0,0,1.68453e+08,7.13236e+08,2.0156e+07,0.0
10/25/2006 16:00,10,25,3,16,0,20.8083,70.0833,0,0,1.673e+08,6.89049e+08,1.93141e+07,0.0
10/25/2006 17:00,10,25,3,17,0,20.25,74.75,0,0,1.61731e+08,6.89017e+08,2.0119e+07,0.0
10/25/2006 18:00,10,25,3,18,0,19.0083,84.1667,0,0,1.5825e+08,7.20694e+08,2.11269e+07,0.0
10/25/2006 19:00,10,25,3,19,0,18.0083,88.25,0,0,1.57707e+08,7.22974e+08,2.22393e+07,0.0
10/25/2006 20:00,10,25,3,20,0,17.1583,88.75,0,0,1.01779e+08,5.81625e+08,2.09497e+07,0.0
10/25/2006 21:00,10,25,3,21,0,16.7,90,0,0,4.16755e+07,3.47561e+08,1.64961e+07,0.0
10/25/2006 22:00,10,25,3,22,0,16.35,94.0833,0,154647,3.66137e+07,2.79797e+08,1.41326e+07,154647.0
10/25/2006 23:00,10,25,3,23,0,15.4583,94.6667,0,0,7.1445e+06,2.15034e+08,1.25871e+07,0.0
10/26/2006 00:00,10,26,4,0,0,15,93,0,186384,5.66564e+06,1.91132e+08,1.11946e+07,186384.0
10/26/2006 01:00,10,26,4,1,0,14.65,93,0,90690.4,681922,1.47653e+08,9.9119e+06,90690.4
10/26/2006 02:00,10,26,4,2,0,14.1083,93,0,0,0,1.1219e+08,3.77514e+06,0.0
10/26/2006 03:00,10,26,4,3,0,13.55,95.3333,0,1.04081e+06,0,1.0503e+08,6.70005e+06,1040810.0
10/26/2006 04:00,10,26,4,4,0,13.3,97,0,3.5739e+06,0,1.27591e+08,1.32689e+07,3573900.0
10/26/2006 05:00,10,26,4,5,0,12.5417,98.75,0,0,0,2.15764e+08,1.31386e+07,0.0
10/26/2006 06:00,10,26,4,6,0,12.4667,100,0,933044,9.09976e+06,4.14749e+08,1.88139e+07,933044.0
10/26/2006 07:00,10,26,4,7,0,12.8,100,0,0,1.32474e+07,4.74101e+08,2.05434e+07,0.0
10/26/2006 08:00,10,26,4,8,0,12.8,100,0,0,1.40273e+07,4.37564e+08,2.11569e+07,0.0
10/26/2006 09:00,10,26,4,9,0,12.8,100,0,0,1.44552e+07,4.3302e+08,2.18252e+07,0.0
10/26/2006 10:00,10,26,4,10,0,12.8,100,0,0,1.4717e+07,4.36191e+08,2.25518e+07,0.0
10/26/2006 11:00,10,26,4,11,0,13.4417,97.6667,0,0,1.50068e+07,4.40504e+08,2.32308e+07,0.0
10/26/2006 12:00,10,26,4,12,0,14.5417,94.25,0,0,1.82757e+07,4.74095e+08,2.41684e+07,0.0
10/26/2006 13:00,10,26,4,13,0,15.9917,87.75,0,0,4.16701e+07,4.81512e+08,2.83578e+07,0.0
10/26/2006 14:00,10,26,4,14,0,16.9917,80.5,0,0,8.51929e+07,5.5643e+08,2.50543e+07,0.0
10/26/2006 15:00,10,26,4,15,0,16.9083,79.1667,0,0,8.2703e+07,5.54376e+08,1.98886e+07,0.0
10/26/2006 16:00,10,26,4,16,0,16.35,80.5833,0,0,6.40319e+07,5.39786e+08,1.8987e+07,0.0
10/26/2006 17:00,10,26,4,17,0,15.4583,84.5,0,0,3.8798e+07,5.24058e+08,2.01109e+07,0.0
10/26/2006 18:00,10,26,4,18,0,14.65,87,0,0,1.94141e+07,5.53863e+08,2.12612e+07,0.0
10/26/2006 19:00,10,26,4,19,0,14.1083,87,0,0,1.67217e+07,5.42738e+08,2.22993e+07,0.0
10/26/2006 20:00,10,26,4,20,0,13.55,90.5,0,0,1.26754e+07,4.46869e+08,2.05832e+07,0.0
10/26/2006 21:00,10,26,4,21,0,13.3,93,0,0,4.7669e+06,2.75287e+08,1.65815e+07,0.0
10/26/2006 22:00,10,26,4,22,0,13.0083,93,0,84722.8,4.04119e+06,2.12413e+08,1.36351e+07,84722.8
10/26/2006 23:00,10,26,4,23,0,13.0917,91.25,0,433838,3.65981e+06,1.9772e+08,1.34315e+07,433838.0
10/27/2006 00:00,10,27,5,0,0,12.6583,91.75,0,2.36939e+06,1.89501e+06,1.65581e+08,1.48254e+07,2369390.0
10/27/2006 01:00,10,27,5,1,0,12.2,93,0,3.71471e+06,2.14434e+06,1.49506e+08,1.23423e+07,3714710.0
10/27/2006 02:00,10,27,5,2,0,11.9083,93,0,0,0,1.11832e+08,3.26173e+06,0.0
10/27/2006 03:00,10,27,5,3,0,11.35,95.3333,0,2.03042e+07,0,1.07963e+08,2.61701e+07,20304200.0
10/27/2006 04:00,10,27,5,4,0,11.0417,98.75,0,2.2999e+07,0,1.26544e+08,3.27044e+07,22999000.0
10/27/2006 05:00,10,27,5,5,0,11.4083,97.6667,0,0,46923.9,2.15811e+08,1.31327e+07,0.0
10/27/2006 06:00,10,27,5,6,0,11.2917,98.3333,0,6.05197e+06,8.18643e+06,4.12882e+08,2.48476e+07,6051970.0
10/27/2006 07:00,10,27,5,7,0,11.0583,98.25,0,0,1.22344e+07,4.67124e+08,2.06268e+07,0.0
10/27/2006 08:00,10,27,5,8,0,12.2083,95.25,0,0,1.33908e+07,4.31437e+08,2.11585e+07,0.0
10/27/2006 09:00,10,27,5,9,0,13.525,91.0833,0,0,1.4345e+07,4.43584e+08,2.1869e+07,0.0
10/27/2006 10:00,10,27,5,10,0,14.8917,87.25,0,0,2.7252e+07,4.98394e+08,2.27366e+07,0.0
10/27/2006 11:00,10,27,5,11,0,16.8833,81.3333,0,0,8.84323e+07,5.74943e+08,2.32806e+07,0.0
10/27/2006 12:00,10,27,5,12,0,19.0833,70.4167,0,0,1.52848e+08,6.48321e+08,2.41694e+07,0.0
10/27/2006 13:00,10,27,5,13,0,20.9917,60.3333,0,0,1.54766e+08,6.27644e+08,2.72261e+07,0.0
10/27/2006 14:00,10,27,5,14,0,22.3417,54.6667,0,0,1.7303e+08,6.84348e+08,2.63198e+07,0.0
10/27/2006 15:00,10,27,5,15,0,22.8,53,0,0,1.81249e+08,7.28853e+08,2.00494e+07,0.0
10/27/2006 16:00,10,27,5,16,0,22.1583,55.3333,0,0,1.73746e+08,7.20119e+08,1.90273e+07,0.0
10/27/2006 17:00,10,27,5,17,0,21.7,59.3333,0,0,1.61659e+08,6.8953e+08,2.01309e+07,0.0
10/27/2006 18:00,10,27,5,18,0,21.0583,63.3333,0,0,1.58095e+08,7.25058e+08,2.12834e+07,0.0
10/27/2006 19:00,10,27,5,19,0,19.6083,69.6667,0,0,1.56906e+08,7.26345e+08,2.23229e+07,0.0
10/27/2006 20:00,10,27,5,20,0,18.2583,79.4167,0,0,1.12375e+08,5.96867e+08,2.08197e+07,0.0
10/27/2006 21:00,10,27,5,21,0,17.45,85.75,0,0,5.47424e+07,3.62624e+08,1.55231e+07,0.0
10/27/2006 22:00,10,27,5,22,0,16.5583,90.5,0,158839,3.40029e+07,2.83712e+08,1.37397e+07,158839.0
10/27/2006 23:00,10,27,5,23,0,15.4583,91.25,0,0,9.37424e+06,2.24393e+08,1.30092e+07,0.0
10/28/2006 00:00,10,28,6,0,0,14.65,91.75,0,12475.4,4.22769e+06,1.72068e+08,1.27362e+07,12475.4
10/28/2006 01:00,10,28,6,1,0,14.75,94.75,0,0,935950,9.91978e+07,0,0.0
10/28/2006 02:00,10,28,6,2,0,15.6417,92.5,0,0,6.4111e+06,1.2569e+08,0,0.0
10/28/2006 03:00,10,28,6,3,0,18.025,77.1667,0,0,2.00644e+07,1.3633e+08,1.54079e+06,0.0
10/28/2006 04:00,10,28,6,4,0,18.7583,72.6667,0,0,3.33664e+07,1.59157e+08,0,0.0
10/28/2006 05:00,10,28,6,5,0,18.3,76,0,0,0,9.11811e+07,8.27291e+06,0.0
10/28/2006 06:00,10,28,6,6,0,18.0083,77.1667,0,1.24403e+06,2.67625e+07,1.84154e+08,1.10431e+07,1244030.0
10/28/2006 07:00,10,28,6,7,0,17.8,79.1667,0,2.7072e+06,3.74509e+07,2.30933e+08,1.49346e+07,2707200.0
10/28/2006 08:00,10,28,6,8,0,18.0917,78.8333,0,211395,4.92001e+07,2.5568e+08,1.21216e+07,211395.0
10/28/2006 09:00,10,28,6,9,0,18.9417,75.0833,0,0,7.33242e+07,2.96618e+08,1.50466e+07,0.0
10/28/2006 10:00,10,28,6,10,0,20.1,68.3333,0,0,9.76652e+07,3.15022e+08,1.36873e+07,0.0
10/28/2006 11:00,10,28,6,11,0,18.325,69.0833,0,0,5.77696e+07,2.55268e+08,1.45108e+07,0.0
10/28/2006 12:00,10,28,6,12,0,17.9833,59.1667,0,0,5.60057e+07,2.35602e+08,1.54643e+07,0.0
10/28/2006 13:00,10,28,6,13,0,18.9,39.5,0,0,5.46704e+07,2.06235e+08,1.36301e+07,0.0
10/28/2006 14:00,10,28,6,14,0,18.55,33.1667,0,0,4.65052e+07,1.82461e+08,1.20587e+07,0.0
10/28/2006 15:00,10,28,6,15,0,18.0083,31.6667,0,0,5.10576e+07,2.00698e+08,1.13348e+07,0.0
10/28/2006 16:00,10,28,6,16,0,17.45,32.9167,0,0,3.42296e+07,1.64555e+08,1.25457e+07,0.0
10/28/2006 17:00,10,28,6,17,0,16.2667,35.5833,0,0,1.99487e+07,1.37907e+08,9.84456e+06,0.0
10/28/2006 18:00,10,28,6,18,0,14.6083,35.4167,0,0,1.80032e+06,1.31473e+08,7.66183e+06,0.0
10/28/2006 19:00,10,28,6,19,0,13.2583,36.75,0,0,0,1.06165e+08,7.40655e+06,0.0
10/28/2006 20:00,10,28,6,20,0,12.1583,38.5833,0,0,0,9.45089e+07,0,0.0
10/28/2006 21:00,10,28,6,21,0,11.4083,40.1667,0,0,0,9.64919e+07,0,0.0
10/28/2006 22:00,10,28,6,22,0,10.85,42.75,0,0,0,9.89189e+07,1.54059e+06,0.0
10/28/2006 23:00,10,28,6,23,0,10.25,43.4167,0,0,0,9.89801e+07,0,0.0
10/29/2006 00:00,10,29,0,0,0,9.35833,42.4167,0,0,0,7.85527e+07,0,0.0
10/29/2006 01:00,10,29,0,1,0,8.25833,40.8333,0,0,0,8.56521e+07,1.54047e+06,0.0
10/29/2006 02:00,10,29,0,2,0,6.51667,43.5,0,0,0,7.85527e+07,0,0.0
10/29/2006 03:00,10,29,0,3,0,5.25,47.1667,0,0,0,7.85527e+07,0,0.0
10/29/2006 04:00,10,29,0,4,0,4.00833,55,0,0,0,7.85621e+07,1.19155e+07,0.0
10/29/2006 05:00,10,29,0,5,0,3.94167,55.9167,0,0,0,8.03666e+07,7.3773e+06,0.0
10/29/2006 06:00,10,29,0,6,0,3.75833,57.0833,0,0,0,1.05181e+08,9.33343e+06,0.0
10/29/2006 07:00,10,29,0,7,0,3.3,60,0,0,0,7.87873e+07,7.54873e+06,0.0
10/29/2006 08:00,10,29,0,8,0,4.64167,53.5833,0,0,0,5.92633e+07,7.58392e+06,0.0
10/29/2006 09:00,10,29,0,9,0,6.88333,44.9167,0,0,0,7.01158e+07,9.47721e+06,0.0
10/29/2006 10:00,10,29,0,10,0,9.08333,38.5,0,0,0,7.47188e+07,7.62563e+06,0.0
10/29/2006 11:00,10,29,0,11,0,10.9917,31.3333,0,0,0,7.82557e+07,9.63422e+06,0.0
10/29/2006 12:00,10,29,0,12,0,12.3417,26.25,0,0,872945,8.00891e+07,9.73714e+06,0.0
10/29/2006 13:00,10,29,0,13,0,13.0917,25,0,0,981412,8.25874e+07,9.91145e+06,0.0
10/29/2006 14:00,10,29,0,14,0,13.9417,22.6667,0,0,3.48492e+06,8.81199e+07,8.83202e+06,0.0
10/29/2006 15:00,10,29,0,15,0,15.1,21,0,0,7.20764e+06,1.16565e+08,8.39718e+06,0.0
10/29/2006 16:00,10,29,0,16,0,15.6,20.4167,0,0,1.22481e+07,1.22703e+08,7.55182e+06,0.0
10/29/2006 17:00,10,29,0,17,0,14.6083,22.3333,0,0,3.27218e+06,1.11822e+08,9.33171e+06,0.0
10/29/2006 18:00,10,29,0,18,0,13.55,25.1667,0,0,120166,1.0287e+08,7.35737e+06,0.0
10/29/2006 19:00,10,29,0,19,0,13.3,27.1667,0,0,0,9.88134e+07,1.82383e+06,0.0
10/29/2006 20:00,10,29,0,20,0,12.3667,30.3333,0,0,0,9.88102e+07,0,0.0
10/29/2006 21:00,10,29,0,21,0,11.0583,34.3333,0,0,0,9.18554e+07,1.54079e+06,0.0
10/29/2006 22:00,10,29,0,22,0,10.8917,33.6667,0,0,0,9.18554e+07,0,0.0
10/29/2006 23:00,10,29,0,23,0,10.4583,30.8333,0,0,0,9.18554e+07,1.54073e+06,0.0
10/30/2006 00:00,10,30,1,0,0,10,28.8333,0,0,0,7.85527e+07,0,0.0
10/30/2006 01:00,10,30,1,1,0,9.35833,29.1667,0,1.81784e+08,0,1.45608e+08,1.95727e+08,181784000.0
10/30/2006 02:00,10,30,1,2,0,8.55,31.1667,0,0,0,1.00241e+08,3.46236e+06,0.0
10/30/2006 03:00,10,30,1,3,0,8.00833,33.75,0,1.9941e+08,60082,1.10477e+08,2.05592e+08,199410000.0
10/30/2006 04:00,10,30,1,4,0,7.15833,37.3333,0,2.19091e+08,90122.2,1.35296e+08,2.27376e+08,219091000.0
10/30/2006 05:00,10,30,1,5,0,6.99167,41.3333,0,0,0,2.15764e+08,1.26148e+07,0.0
10/30/2006 06:00,10,30,1,6,0,6.26667,47.6667,0,8.21288e+07,2.57479e+06,4.02771e+08,1.00681e+08,82128800.0
10/30/2006 07:00,10,30,1,7,0,5.6,51,0,1.38322e+07,7.84505e+06,4.5487e+08,3.4525e+07,13832200.0
10/30/2006 08:00,10,30,1,8,0,6.53333,49.25,0,2.42105e+06,9.89979e+06,4.30926e+08,2.37021e+07,2421050.0
10/30/2006 09:00,10,30,1,9,0,8.83333,42.1667,0,758288,1.1089e+07,4.37443e+08,2.27356e+07,758288.0
10/30/2006 10:00,10,30,1,10,0,10.9917,34.5,0,182787,1.07874e+07,4.273e+08,2.30489e+07,182787.0
10/30/2006 11:00,10,30,1,11,0,12.6333,29.6667,0,0,1.14215e+07,4.33275e+08,2.38268e+07,0.0
10/30/2006 12:00,10,30,1,12,0,13.9417,27.4167,0,0,1.35133e+07,4.5578e+08,2.54888e+07,0.0
10/30/2006 13:00,10,30,1,13,0,14.75,26.4167,0,0,1.45035e+07,4.52703e+08,2.69265e+07,0.0
10/30/2006 14:00,10,30,1,14,0,15.6417,25.4167,0,0,5.48302e+07,5.17573e+08,2.63841e+07,0.0
10/30/2006 15:00,10,30,1,15,0,16.45,26.1667,0,0,7.86788e+07,5.63378e+08,2.02345e+07,0.0
10/30/2006 16:00,10,30,1,16,0,16.7,28.1667,0,0,8.50811e+07,5.8021e+08,1.94988e+07,0.0
10/30/2006 17:00,10,30,1,17,0,16.0583,30.1667,0,0,5.74352e+07,5.57089e+08,2.03472e+07,0.0
10/30/2006 18:00,10,30,1,18,0,14.2583,37.4167,0,0,1.70132e+07,5.3661e+08,2.13961e+07,0.0
10/30/2006 19:00,10,30,1,19,0,12.6583,42.5833,0,0,1.31633e+07,5.1629e+08,2.25611e+07,0.0
10/30/2006 20:00,10,30,1,20,0,11.5583,54.6667,0,0,1.05753e+07,4.39985e+08,2.10133e+07,0.0
10/30/2006 21:00,10,30,1,21,0,10.8083,57.75,0,834712,3.39049e+06,2.72837e+08,1.64672e+07,834712.0
10/30/2006 22:00,10,30,1,22,0,10.6,54,0,7.31936e+06,3.90951e+06,2.12354e+08,2.21082e+07,7319360.0
10/30/2006 23:00,10,30,1,23,0,9.9,54,0,1.30859e+07,2.4748e+06,1.95367e+08,2.52514e+07,13085900.0
10/31/2006 00:00,10,31,2,0,0,9.10833,51.0833,0,3.88928e+07,2.15577e+06,1.69697e+08,5.0523e+07,38892800.0
10/31/2006 01:00,10,31,2,1,0,7.90833,52.5,0,4.44374e+07,0,1.49312e+08,5.42693e+07,44437400.0
10/31/2006 02:00,10,31,2,2,0,6.90833,56.1667,0,0,0,1.10338e+08,3.70657e+06,0.0
10/31/2006 03:00,10,31,2,3,0,6.35,56.4167,0,1.11955e+08,0,1.08807e+08,1.17657e+08,111955000.0
10/31/2006 04:00,10,31,2,4,0,6.1,56,0,1.59914e+08,0,1.34235e+08,1.69611e+08,159914000.0
10/31/2006 05:00,10,31,2,5,0,5.45833,60.6667,0,0,9851.63,2.15774e+08,1.31823e+07,0.0
10/31/2006 06:00,10,31,2,6,0,4.35833,66.9167,0,4.73556e+07,4.79405e+06,4.08244e+08,6.56153e+07,47355600.0
10/31/2006 07:00,10,31,2,7,0,4.89167,64.3333,0,6.43908e+06,9.91397e+06,4.78564e+08,2.72227e+07,6439080.0
10/31/2006 08:00,10,31,2,8,0,6.24167,58.6667,0,929359,1.02409e+07,4.26399e+08,2.23358e+07,929359.0
10/31/2006 09:00,10,31,2,9,0,7.98333,53.5,0,236023,1.22543e+07,4.49792e+08,2.23017e+07,236023.0
10/31/2006 10:00,10,31,2,10,0,9.89167,49.25,0,0,1.20767e+07,4.40301e+08,2.27844e+07,0.0
10/31/2006 11:00,10,31,2,11,0,11.5333,47.4167,0,0,1.27478e+07,4.47209e+08,2.34614e+07,0.0
10/31/2006 12:00,10,31,2,12,0,13.4833,45.25,0,0,1.70613e+07,4.62911e+08,2.43937e+07,0.0
10/31/2006 13:00,10,31,2,13,0,14.4,44,0,0,2.36695e+07,4.67381e+08,2.85636e+07,0.0
10/31/2006 14:00,10,31,2,14,0,14.75,42.8333,0,0,4.98044e+07,5.18935e+08,2.51681e+07,0.0
10/31/2006 15:00,10,31,2,15,0,15.6417,41.4167,0,0,6.75206e+07,5.64198e+08,2.00815e+07,0.0
10/31/2006 16:00,10,31,2,16,0,15.8083,40.4167,0,0,6.14815e+07,5.67418e+08,1.92627e+07,0.0
10/31/2006 17:00,10,31,2,17,0,14.9,41.1667,0,0,2.74269e+07,5.35063e+08,2.03813e+07,0.0
10/31/2006 18:00,10,31,2,18,0,13.7583,42.5833,0,0,1.43238e+07,5.30159e+08,2.15224e+07,0.0
10/31/2006 19:00,10,31,2,19,0,12.6583,46.5,0,0,1.37371e+07,5.23834e+08,2.25533e+07,0.0
10/31/2006 20:00,10,31,2,20,0,11.5583,49.5833,0,0,1.09908e+07,4.4458e+08,2.09491e+07,0.0
10/31/2006 21:00,10,31,2,21,0,10.4583,52.3333,0,255384,3.60211e+06,2.74331e+08,1.74016e+07,255384.0
10/31/2006 22:00,10,31,2,22,0,9.41667,51.6667,0,4.02092e+06,3.5833e+06,2.1209e+08,1.76189e+07,4020920.0
10/31/2006 23:00,10,31,2,23,0,8.35833,57.5833,0,6.76121e+06,3.29132e+06,1.97197e+08,1.98005e+07,6761210.0
11/01/2006 00:00,11,1,3,0,0,7.31667,64.1667,0,1.8353e+07,1.66983e+06,1.65555e+08,3.06873e+07,18353000.0
11/01/2006 01:00,11,1,3,1,0,6.31667,73.1667,0,2.79202e+07,0,1.4773e+08,3.67166e+07,27920200.0
11/01/2006 02:00,11,1,3,2,0,5.31667,81.3333,0,0,0,1.10604e+08,3.26373e+06,0.0
11/01/2006 03:00,11,1,3,3,0,4.25833,84.1667,0,8.23256e+07,0,1.08405e+08,8.83548e+07,82325600.0
11/01/2006 04:00,11,1,3,4,0,3.21667,89.0833,0,1.27997e+08,0,1.34038e+08,1.37685e+08,127997000.0
11/01/2006 05:00,11,1,3,5,0,2.15833,94.3333,0,85731.9,41837.4,2.15806e+08,1.3276e+07,85731.9
11/01/2006 06:00,11,1,3,6,0,1.35,98.3333,0,7.30221e+07,4.01979e+06,4.0833e+08,9.19742e+07,73022100.0
11/01/2006 07:00,11,1,3,7,0,1.45,97.6667,0,8.03895e+06,8.53281e+06,4.67379e+08,2.8888e+07,8038950.0
11/01/2006 08:00,11,1,3,8,0,2.98333,91.9167,0,1.17485e+06,9.51097e+06,4.21644e+08,2.25786e+07,1174850.0
11/01/2006 09:00,11,1,3,9,0,4.54167,87.25,0,101122,1.05811e+07,4.20217e+08,2.22454e+07,101122.0
11/01/2006 10:00,11,1,3,10,0,6.63333,80.1667,0,0,1.21553e+07,4.32362e+08,2.29377e+07,0.0
11/01/2006 11:00,11,1,3,11,0,9.08333,68.4167,0,0,1.21569e+07,4.24425e+08,2.34902e+07,0.0
11/01/2006 12:00,11,1,3,12,0,10.6417,60.6667,0,0,1.22276e+07,4.3306e+08,2.44061e+07,0.0
11/01/2006 13:00,11,1,3,13,0,12.0917,54.9167,0,0,9.68516e+06,4.10264e+08,2.84e+07,0.0
11/01/2006 14:00,11,1,3,14,0,11.8083,54.9167,0,0,1.21714e+07,4.2701e+08,2.5491e+07,0.0
11/01/2006 15:00,11,1,3,15,0,11.45,55.25,0,0,1.2873e+07,4.27373e+08,2.01797e+07,0.0
11/01/2006 16:00,11,1,3,16,0,11.35,55.75,0,0,1.31235e+07,4.38166e+08,1.92958e+07,0.0
11/01/2006 17:00,11,1,3,17,0,10.8083,56.4167,0,0,1.31411e+07,4.65351e+08,2.04106e+07,0.0
11/01/2006 18:00,11,1,3,18,0,10.6,54.8333,0,0,1.30592e+07,5.1024e+08,2.15532e+07,0.0
11/01/2006 19:00,11,1,3,19,0,8.96667,63.9167,0,0,1.27895e+07,5.11127e+08,2.25843e+07,0.0
11/01/2006 20:00,11,1,3,20,0,7.45,72.75,0,163073,9.87545e+06,4.3733e+08,2.10202e+07,163073.0
11/01/2006 21:00,11,1,3,21,0,6.90833,71.6667,0,8.20254e+06,2.54237e+06,2.71958e+08,2.49163e+07,8202540.0
11/01/2006 22:00,11,1,3,22,0,6.35,67.0833,0,3.09308e+07,3.42008e+06,2.14599e+08,4.45527e+07,30930800.0
11/01/2006 23:00,11,1,3,23,0,5.80833,59.75,0,4.98208e+07,2.31722e+06,1.98667e+08,6.2872e+07,49820800.0
11/02/2006 00:00,11,2,4,0,0,5.6,53.0833,0,8.79841e+07,555919,1.6751e+08,1.0074e+08,87984100.0
11/02/2006 01:00,11,2,4,1,0,5.25,49.25,0,8.38628e+07,0,1.47513e+08,9.36337e+07,83862800.0
11/02/2006 02:00,11,2,4,2,0,4.35833,50.3333,0,0,0,1.10469e+08,1.90424e+06,0.0
11/02/2006 03:00,11,2,4,3,0,3.25833,54.9167,0,1.58131e+08,0,1.09015e+08,1.65093e+08,158131000.0
11/02/2006 04:00,11,2,4,4,0,2.8,57,0,1.9906e+08,0,1.34251e+08,2.0877e+08,199060000.0
11/02/2006 05:00,11,2,4,5,0,2.8,53.5,0,0,29532.3,2.15794e+08,1.28271e+07,0.0
11/02/2006 06:00,11,2,4,6,0,2.45,52.1667,0,1.00975e+08,3.73716e+06,4.07593e+08,1.18902e+08,100975000.0
11/02/2006 07:00,11,2,4,7,0,2.2,54.75,0,2.99775e+07,8.39048e+06,4.71507e+08,5.08826e+07,29977500.0
11/02/2006 08:00,11,2,4,8,0,2.84167,55.4167,0,7.038e+06,8.6891e+06,4.21634e+08,2.85513e+07,7038000.0
11/02/2006 09:00,11,2,4,9,0,4.29167,50.9167,0,3.2066e+06,9.77393e+06,4.28719e+08,2.53812e+07,3206600.0
11/02/2006 10:00,11,2,4,10,0,5.99167,47.4167,0,1.18644e+06,1.13888e+07,4.4618e+08,2.40802e+07,1186440.0
11/02/2006 11:00,11,2,4,11,0,6.99167,44.6667,0,219843,1.11847e+07,4.38234e+08,2.37887e+07,219843.0
11/02/2006 12:00,11,2,4,12,0,7.84167,43.5833,0,0,1.10431e+07,4.36067e+08,2.46677e+07,0.0
11/02/2006 13:00,11,2,4,13,0,8.65,42.25,0,5946.02,8.38381e+06,4.14565e+08,2.85297e+07,5946.02
11/02/2006 14:00,11,2,4,14,0,9.19167,39.8333,0,0,1.11506e+07,4.43315e+08,2.56199e+07,0.0
11/02/2006 15:00,11,2,4,15,0,9.4,39,0,0,1.21427e+07,4.59972e+08,2.04514e+07,0.0
11/02/2006 16:00,11,2,4,16,0,9.75,39,0,0,1.24976e+07,4.64867e+08,1.95951e+07,0.0
11/02/2006 17:00,11,2,4,17,0,9.35833,40.75,0,0,1.24818e+07,4.73557e+08,2.04515e+07,0.0
11/02/2006 18:00,11,2,4,18,0,7.61667,51.9167,0,0,1.21235e+07,5.119e+08,2.15126e+07,0.0
11/02/2006 19:00,11,2,4,19,0,6.7,57.8333,0,0,1.20351e+07,5.1182e+08,2.27098e+07,0.0
11/02/2006 20:00,11,2,4,20,0,6.05833,62.8333,0,131633,9.32693e+06,4.3801e+08,2.1446e+07,131633.0
11/02/2006 21:00,11,2,4,21,0,6.88333,53.5833,0,3.39615e+06,2.44369e+06,2.72377e+08,2.02406e+07,3396150.0
11/02/2006 22:00,11,2,4,22,0,7.45,41.6667,0,1.05869e+07,4.18298e+06,2.13181e+08,2.44686e+07,10586900.0
11/02/2006 23:00,11,2,4,23,0,6.26667,49.3333,0,2.22798e+07,2.38269e+06,1.99613e+08,3.53397e+07,22279800.0
11/03/2006 00:00,11,3,5,0,0,4.60833,71.1667,0,5.07426e+07,1.4517e+06,1.68613e+08,6.1621e+07,50742600.0
11/03/2006 01:00,11,3,5,1,0,2.90833,77.3333,0,5.87874e+07,463151,1.49212e+08,6.84706e+07,58787400.0
11/03/2006 02:00,11,3,5,2,0,2.55,76.3333,0,0,0,1.10526e+08,3.79245e+06,0.0
11/03/2006 03:00,11,3,5,3,0,3.09167,74.5,0,1.19091e+08,0,1.10063e+08,1.25325e+08,119091000.0
11/03/2006 04:00,11,3,5,4,0,3.3,70.25,0,1.3942e+08,0,1.33646e+08,1.49118e+08,139420000.0
11/03/2006 05:00,11,3,5,5,0,3.3,69,0,0,13335.9,2.15778e+08,1.32672e+07,0.0
11/03/2006 06:00,11,3,5,6,0,3.3,69,0,5.74813e+07,4.01581e+06,4.07869e+08,7.54818e+07,57481300.0
11/03/2006 07:00,11,3,5,7,0,3.3,69,0,8.76931e+06,8.46666e+06,4.75059e+08,2.97118e+07,8769310.0
11/03/2006 08:00,11,3,5,8,0,3.65,74.8333,0,782829,9.12638e+06,4.24996e+08,2.23344e+07,782829.0
11/03/2006 09:00,11,3,5,9,0,5.825,69.6667,0,0,1.08151e+07,4.38509e+08,2.22182e+07,0.0
11/03/2006 10:00,11,3,5,10,0,8.19167,61.8333,0,0,1.19638e+07,4.52843e+08,2.29299e+07,0.0
11/03/2006 11:00,11,3,5,11,0,9.54167,56.9167,0,0,1.22247e+07,4.47252e+08,2.36057e+07,0.0
11/03/2006 12:00,11,3,5,12,0,10.6417,51.6667,0,0,1.2095e+07,4.40812e+08,2.45632e+07,0.0
11/03/2006 13:00,11,3,5,13,0,11.1,52.3333,0,0,9.32084e+06,4.19326e+08,2.86699e+07,0.0
11/03/2006 14:00,11,3,5,14,0,10.8083,52.8333,0,0,1.20112e+07,4.48052e+08,2.53575e+07,0.0
11/03/2006 15:00,11,3,5,15,0,10.8917,50.8333,0,0,1.29506e+07,4.74279e+08,2.05366e+07,0.0
11/03/2006 16:00,11,3,5,16,0,11.1,50,0,0,1.32316e+07,4.83846e+08,1.96302e+07,0.0
11/03/2006 17:00,11,3,5,17,0,9.81667,57.5833,0,0,1.30573e+07,4.84774e+08,2.04821e+07,0.0
11/03/2006 18:00,11,3,5,18,0,8.9,67.6667,0,0,1.28807e+07,5.18648e+08,2.15571e+07,0.0
11/03/2006 19:00,11,3,5,19,0,8.25833,73.9167,0,0,1.28675e+07,5.19136e+08,2.27601e+07,0.0
11/03/2006 20:00,11,3,5,20,0,7.15833,76,0,0,9.96962e+06,4.41237e+08,2.13967e+07,0.0
11/03/2006 21:00,11,3,5,21,0,6.7,77.75,0,3.56865e+06,2.5899e+06,2.72519e+08,2.07308e+07,3568650.0
11/03/2006 22:00,11,3,5,22,0,6.35,80.75,0,1.5985e+07,2.46038e+06,2.1177e+08,2.96073e+07,15985000.0
11/03/2006 23:00,11,3,5,23,0,5.80833,82,0,2.00029e+07,3.33444e+06,1.99309e+08,3.30708e+07,20002900.0
11/04/2006 00:00,11,4,6,0,0,5.89167,80.25,0,2.05847e+07,624727,1.65406e+08,3.20961e+07,20584700.0
11/04/2006 01:00,11,4,6,1,0,6.45,80.75,0,0,0,8.80414e+07,934854,0.0
11/04/2006 02:00,11,4,6,2,0,6.7,83.75,0,0,0,8.7182e+07,0,0.0
11/04/2006 03:00,11,4,6,3,0,6.7,87.3333,0,0,0,8.81746e+07,1.54078e+06,0.0
11/04/2006 04:00,11,4,6,4,0,6.99167,84.9167,0,0,0,8.14665e+07,0,0.0
11/04/2006 05:00,11,4,6,5,0,7.2,84.3333,0,0,0,9.58177e+07,8.8333e+06,0.0
11/04/2006 06:00,11,4,6,6,0,7.2,86,0,1.66875e+08,0,1.37984e+08,1.76713e+08,166875000.0
11/04/2006 07:00,11,4,6,7,0,6.90833,90.0833,0,1.72239e+08,105879,1.68175e+08,1.82558e+08,172239000.0
11/04/2006 08:00,11,4,6,8,0,6.7,94.75,0,1.14704e+08,0,1.73304e+08,1.27757e+08,114704000.0
11/04/2006 09:00,11,4,6,9,0,7.34167,91.9167,0,6.52653e+07,0,1.82081e+08,7.94488e+07,65265300.0
11/04/2006 10:00,11,4,6,10,0,7.8,91.3333,0,6.77192e+07,0,1.73026e+08,8.33445e+07,67719200.0
11/04/2006 11:00,11,4,6,11,0,8.44167,93,0,7.17112e+07,0,1.59798e+08,8.6052e+07,71711200.0
11/04/2006 12:00,11,4,6,12,0,9.19167,88.9167,0,3.58355e+07,0,1.36693e+08,5.01313e+07,35835500.0
11/04/2006 13:00,11,4,6,13,0,10.1,81.9167,0,1.18188e+07,0,1.154e+08,2.63716e+07,11818800.0
11/04/2006 14:00,11,4,6,14,0,11.2417,77.8333,0,9.328e+06,0,1.08583e+08,2.10128e+07,9328000.0
11/04/2006 15:00,11,4,6,15,0,12.3417,72.3333,0,8.54444e+06,702081,1.13264e+08,2.10975e+07,8544440.0
11/04/2006 16:00,11,4,6,16,0,12.45,67.25,0,1.88834e+07,0,1.01335e+08,3.13956e+07,18883400.0
11/04/2006 17:00,11,4,6,17,0,11.9083,67.1667,0,0,0,8.33984e+07,9.58362e+06,0.0
11/04/2006 18:00,11,4,6,18,0,11.0583,69.75,0,0,0,1.0513e+08,8.017e+06,0.0
11/04/2006 19:00,11,4,6,19,0,9.9,76.25,0,0,0,9.55515e+07,7.39201e+06,0.0
11/04/2006 20:00,11,4,6,20,0,8.75833,83.5,0,0,0,9.89481e+07,0,0.0
11/04/2006 21:00,11,4,6,21,0,8.3,86,0,0,0,9.18554e+07,0,0.0
11/04/2006 22:00,11,4,6,22,0,8.00833,87.75,0,0,0,9.18554e+07,1.54075e+06,0.0
11/04/2006 23:00,11,4,6,23,0,8.09167,85.5,0,0,0,9.18554e+07,0,0.0
11/05/2006 00:00,11,5,0,0,0,8.3,83,0,0,0,7.85527e+07,0,0.0
11/05/2006 01:00,11,5,0,1,0,8.3,83,0,0,0,7.85527e+07,1.54077e+06,0.0
11/05/2006 02:00,11,5,0,2,0,8.3,76,0,0,0,7.85527e+07,0,0.0
11/05/2006 03:00,11,5,0,3,0,7.01667,81.5,0,0,0,7.85527e+07,0,0.0
11/05/2006 04:00,11,5,0,4,0,6.74167,80.25,0,0,0,7.85621e+07,1.18685e+07,0.0
11/05/2006 05:00,11,5,0,5,0,5.275,86.8333,0,0,0,8.03666e+07,7.38006e+06,0.0
11/05/2006 06:00,11,5,0,6,0,4.89167,96,0,0,0,9.81813e+07,9.33461e+06,0.0
11/05/2006 07:00,11,5,0,7,0,4.9,98.3333,0,0,0,8.53585e+07,7.55218e+06,0.0
11/05/2006 08:00,11,5,0,8,0,5.74167,93.5833,0,0,0,5.84658e+07,7.85567e+06,0.0
11/05/2006 09:00,11,5,0,9,0,7.34167,83.1667,0,0,0,5.78717e+07,9.21737e+06,0.0
11/05/2006 10:00,11,5,0,10,0,8.44167,75.5,0,0,0,6.24884e+07,7.69339e+06,0.0
11/05/2006 11:00,11,5,0,11,0,9.89167,66,0,0,0,6.00068e+07,9.59403e+06,0.0
11/05/2006 12:00,11,5,0,12,0,10.25,63.9167,0,0,0,6.01559e+07,9.76063e+06,0.0
11/05/2006 13:00,11,5,0,13,0,10,68.9167,0,0,0,6.2325e+07,9.94252e+06,0.0
11/05/2006 14:00,11,5,0,14,0,9.65,72.75,0,0,0,5.80822e+07,9.6833e+06,0.0
11/05/2006 15:00,11,5,0,15,0,9.4,74,0,0,0,5.79338e+07,7.59198e+06,0.0
11/05/2006 16:00,11,5,0,16,0,9.10833,75.75,0,0,0,5.93924e+07,8.89804e+06,0.0
11/05/2006 17:00,11,5,0,17,0,7.90833,88.6667,0,0,0,6.17012e+07,8.01167e+06,0.0
11/05/2006 18:00,11,5,0,18,0,6.90833,98.75,0,0,0,9.18648e+07,7.35376e+06,0.0
11/05/2006 19:00,11,5,0,19,0,6.7,100,0,0,0,9.18585e+07,1.821e+06,0.0
11/05/2006 20:00,11,5,0,20,0,6.7,100,0,0,0,9.18554e+07,1.54075e+06,0.0
11/05/2006 21:00,11,5,0,21,0,6.99167,100,0,0,0,9.18554e+07,0,0.0
11/05/2006 22:00,11,5,0,22,0,7.55,100,0,0,0,9.18554e+07,0,0.0
11/05/2006 23:00,11,5,0,23,0,7.8,100,0,0,0,9.18554e+07,1.54077e+06,0.0
11/06/2006 00:00,11,6,1,0,0,7.8,100,0,720726,0,8.05606e+07,720726,720726.0
11/06/2006 01:00,11,6,1,1,0,7.8,100,0,4.30722e+08,0,1.66427e+08,4.46613e+08,430722000.0
11/06/2006 02:00,11,6,1,2,0,7.8,100,0,1.98169e+08,0,1.48854e+08,2.07393e+08,198169000.0
11/06/2006 03:00,11,6,1,3,0,7.8,100,0,0,0,9.9572e+07,3.79735e+06,0.0
11/06/2006 04:00,11,6,1,4,0,7.8,100,0,2.46495e+08,0,1.1004e+08,2.53016e+08,246495000.0
11/06/2006 05:00,11,6,1,5,0,8.09167,100,0,2.77e+08,0,1.34001e+08,2.86704e+08,277000000.0
11/06/2006 06:00,11,6,1,6,0,8.3,100,0,0,71861.8,2.15836e+08,1.2961e+07,0.0
11/06/2006 07:00,11,6,1,7,0,8.3,100,0,8.69003e+07,2.02393e+06,3.87669e+08,1.05006e+08,86900300.0
11/06/2006 08:00,11,6,1,8,0,8.65,100,0,8.61538e+06,8.39154e+06,4.14797e+08,2.97175e+07,8615380.0
11/06/2006 09:00,11,6,1,9,0,9.19167,98.25,0,2.09887e+06,1.01149e+07,4.09237e+08,2.37977e+07,2098870.0
11/06/2006 10:00,11,6,1,10,0,10.1,94.0833,0,203683,1.1041e+07,4.11567e+08,2.25688e+07,203683.0
11/06/2006 11:00,11,6,1,11,0,10.8917,92.5833,0,0,1.16923e+07,4.16852e+08,2.30766e+07,0.0
11/06/2006 12:00,11,6,1,12,0,11.7417,88.9167,0,0,1.21434e+07,4.18139e+08,2.37505e+07,0.0
11/06/2006 13:00,11,6,1,13,0,12.2,82.5,0,0,1.17991e+07,4.15387e+08,2.50519e+07,0.0
11/06/2006 14:00,11,6,1,14,0,12.2,78.25,0,83197.6,8.67211e+06,3.97526e+08,2.85567e+07,83197.6
11/06/2006 15:00,11,6,1,15,0,11.9083,75.25,0,0,1.16996e+07,4.13113e+08,2.65505e+07,0.0
11/06/2006 16:00,11,6,1,16,0,11.7,70.5,0,0,1.25101e+07,4.22596e+08,2.05365e+07,0.0
11/06/2006 17:00,11,6,1,17,0,11.0583,68,0,0,1.25527e+07,4.59258e+08,1.97473e+07,0.0
11/06/2006 18:00,11,6,1,18,0,9.9,65.0833,0,29067.2,1.22604e+07,4.95664e+08,2.06649e+07,29067.2
11/06/2006 19:00,11,6,1,19,0,9.4,61.8333,0,94515,1.21166e+07,4.98163e+08,2.18368e+07,94515.0
11/06/2006 20:00,11,6,1,20,0,9.4,63.9167,0,264579,1.22462e+07,5.01128e+08,2.3243e+07,264579.0
11/06/2006 21:00,11,6,1,21,0,9.10833,67.1667,0,3.73606e+06,9.60199e+06,4.32352e+08,2.51181e+07,3736060.0
11/06/2006 22:00,11,6,1,22,0,8.9,68,0,2.94201e+07,2.41744e+06,2.71118e+08,4.56498e+07,29420100.0
11/06/2006 23:00,11,6,1,23,0,8.9,65.0833,0,5.63579e+07,2.30669e+06,2.11757e+08,7.09451e+07,56357900.0
11/07/2006 00:00,11,7,2,0,0,8.55,64.1667,0,7.17217e+07,2.3227e+06,1.98677e+08,8.48078e+07,71721700.0
11/07/2006 01:00,11,7,2,1,0,8.65,63.8333,0,9.01615e+07,0,1.64303e+08,1.009e+08,90161500.0
11/07/2006 02:00,11,7,2,2,0,8.9,60.0833,0,8.62864e+07,0,1.48348e+08,9.61527e+07,86286400.0
11/07/2006 03:00,11,7,2,3,0,8.9,58,0,0,0,1.09088e+08,3.79354e+06,0.0
11/07/2006 04:00,11,7,2,4,0,8.9,56.8333,0,1.57244e+08,0,1.10949e+08,1.63068e+08,157244000.0
11/07/2006 05:00,11,7,2,5,0,8.55,57.1667,0,1.60921e+08,0,1.33704e+08,1.70624e+08,160921000.0
11/07/2006 06:00,11,7,2,6,0,8.3,60.9167,0,0,0,2.15764e+08,1.32476e+07,0.0
11/07/2006 07:00,11,7,2,7,0,8.00833,65.9167,0,6.76166e+07,5.43537e+06,3.95615e+08,8.67702e+07,67616600.0
11/07/2006 08:00,11,7,2,8,0,7.8,68,0,7.4333e+06,9.48917e+06,4.35249e+08,2.85584e+07,7433300.0
11/07/2006 09:00,11,7,2,9,0,8.09167,68,0,654241,1.03696e+07,4.14648e+08,2.23611e+07,654241.0
11/07/2006 10:00,11,7,2,10,0,9.29167,65.0833,0,74451.1,1.12278e+07,4.14013e+08,2.25609e+07,74451.1
11/07/2006 11:00,11,7,2,11,0,9.65,65.9167,0,0,1.1685e+07,4.16777e+08,2.3114e+07,0.0
11/07/2006 12:00,11,7,2,12,0,9.75,66.8333,0,0,1.20007e+07,4.19922e+08,2.37707e+07,0.0
11/07/2006 13:00,11,7,2,13,0,10,66,0,0,1.18643e+07,4.22451e+08,2.46854e+07,0.0
11/07/2006 14:00,11,7,2,14,0,9.65,67.1667,0,0,8.81506e+06,4.1076e+08,2.88155e+07,0.0
11/07/2006 15:00,11,7,2,15,0,9.4,69.75,0,0,1.13989e+07,4.24183e+08,2.53396e+07,0.0
11/07/2006 16:00,11,7,2,16,0,9.4,69.25,0,0,1.23301e+07,4.29071e+08,2.07299e+07,0.0
11/07/2006 17:00,11,7,2,17,0,9.10833,68,0,0,1.25453e+07,4.59849e+08,1.97759e+07,0.0
11/07/2006 18:00,11,7,2,18,0,8.55,69.75,0,0,1.24871e+07,5.00861e+08,2.06425e+07,0.0
11/07/2006 19:00,11,7,2,19,0,8.00833,75.6667,0,0,1.24403e+07,5.03069e+08,2.17579e+07,0.0
11/07/2006 20:00,11,7,2,20,0,7.8,77.25,0,0,1.25407e+07,5.05651e+08,2.29985e+07,0.0
11/07/2006 21:00,11,7,2,21,0,7.15833,79.5,0,913563,9.71705e+06,4.34843e+08,2.25503e+07,913563.0
11/07/2006 22:00,11,7,2,22,0,6.7,82,0,1.58556e+07,2.34603e+06,2.71431e+08,3.31117e+07,15855600.0
11/07/2006 23:00,11,7,2,23,0,5.70833,86.0833,0,4.34363e+07,2.39826e+06,2.1264e+08,5.71091e+07,43436300.0
11/08/2006 00:00,11,8,3,0,0,4.65,95.4167,0,7.06938e+07,1.72516e+06,1.96877e+08,8.37947e+07,70693800.0
11/08/2006 01:00,11,8,3,1,0,4.4,98.25,0,1.10296e+08,0,1.63861e+08,1.22827e+08,110296000.0
11/08/2006 02:00,11,8,3,2,0,3.75833,98.75,0,1.0067e+08,0,1.47483e+08,1.09716e+08,100670000.0
11/08/2006 03:00,11,8,3,3,0,3.3,100,0,0,0,1.10358e+08,2.89927e+06,0.0
11/08/2006 04:00,11,8,3,4,0,3.3,100,0,1.72603e+08,0,1.09086e+08,1.78693e+08,172603000.0
11/08/2006 05:00,11,8,3,5,0,3.3,100,0,2.3807e+08,0,1.34825e+08,2.47762e+08,238070000.0
11/08/2006 06:00,11,8,3,6,0,3.3,100,0,0,36711.3,2.15801e+08,1.32543e+07,0.0
11/08/2006 07:00,11,8,3,7,0,3.3,100,0,7.89869e+07,4.14206e+06,3.90389e+08,9.81293e+07,78986900.0
11/08/2006 08:00,11,8,3,8,0,3.94167,100,0,4.33914e+06,9.56697e+06,4.31363e+08,2.54923e+07,4339140.0
11/08/2006 09:00,11,8,3,9,0,5.39167,93.5833,0,1.43186e+06,1.03409e+07,4.27028e+08,2.31782e+07,1431860.0
11/08/2006 10:00,11,8,3,10,0,7.09167,87.25,0,208269,1.25298e+07,4.50705e+08,2.27426e+07,208269.0
11/08/2006 11:00,11,8,3,11,0,9.08333,80.75,0,0,1.23257e+07,4.38185e+08,2.34971e+07,0.0
11/08/2006 12:00,11,8,3,12,0,10.6417,75.25,0,0,1.29203e+07,4.41941e+08,2.40061e+07,0.0
11/08/2006 13:00,11,8,3,13,0,11.7417,72.25,0,0,1.2861e+07,4.41314e+08,2.471e+07,0.0
11/08/2006 14:00,11,8,3,14,0,14.1833,60.5,0,0,1.68043e+07,4.47729e+08,2.8847e+07,0.0
11/08/2006 15:00,11,8,3,15,0,15.6,58.25,0,0,5.46858e+07,5.48978e+08,2.54385e+07,0.0
11/08/2006 16:00,11,8,3,16,0,15.25,62,0,0,3.99395e+07,5.37734e+08,2.04665e+07,0.0
11/08/2006 17:00,11,8,3,17,0,15,60.8333,0,0,2.7169e+07,5.34657e+08,1.98018e+07,0.0
11/08/2006 18:00,11,8,3,18,0,13.3667,68.1667,0,0,1.47297e+07,5.22506e+08,2.06805e+07,0.0
11/08/2006 19:00,11,8,3,19,0,11.9083,75.75,0,0,1.3971e+07,5.15673e+08,2.18994e+07,0.0
11/08/2006 20:00,11,8,3,20,0,11.0583,82.25,0,0,1.39349e+07,5.16092e+08,2.29525e+07,0.0
11/08/2006 21:00,11,8,3,21,0,10.25,91.8333,0,0,1.11292e+07,4.40257e+08,2.173e+07,0.0
11/08/2006 22:00,11,8,3,22,0,10,91.9167,0,1.65028e+06,3.47849e+06,2.73223e+08,1.89367e+07,1650280.0
11/08/2006 23:00,11,8,3,23,0,10,87.25,0,7.12197e+06,4.57724e+06,2.13535e+08,2.08089e+07,7121970.0
11/09/2006 00:00,11,9,4,0,0,10,87.75,0,1.05891e+07,1.782e+06,1.91334e+08,2.36995e+07,10589100.0
11/09/2006 01:00,11,9,4,1,0,9.65,89.5833,0,2.52552e+07,705410,1.64885e+08,3.8067e+07,25255200.0
11/09/2006 02:00,11,9,4,2,0,9.4,90,0,3.08306e+07,0,1.51409e+08,4.03322e+07,30830600.0
11/09/2006 03:00,11,9,4,3,0,9.75,87.6667,0,0,0,1.10534e+08,2.19652e+06,0.0
11/09/2006 04:00,11,9,4,4,0,9.00833,90.0833,0,7.46585e+07,0,1.0837e+08,8.15573e+07,74658500.0
11/09/2006 05:00,11,9,4,5,0,8.00833,94.75,0,1.03442e+08,0,1.3424e+08,1.13176e+08,103442000.0
11/09/2006 06:00,11,9,4,6,0,8.09167,94.25,0,0,0,2.15764e+08,1.32987e+07,0.0
11/09/2006 07:00,11,9,4,7,0,7.36667,97.0833,0,2.72282e+07,6.11339e+06,3.94844e+08,4.54138e+07,27228200.0
11/09/2006 08:00,11,9,4,8,0,7.63333,98.25,0,214248,1.05257e+07,4.24973e+08,2.14543e+07,214248.0
11/09/2006 09:00,11,9,4,9,0,9.29167,94.6667,0,0,1.20053e+07,4.38638e+08,2.18436e+07,0.0
11/09/2006 10:00,11,9,4,10,0,10.9917,88.9167,0,0,1.31167e+07,4.49583e+08,2.24928e+07,0.0
11/09/2006 11:00,11,9,4,11,0,11.9917,84.25,0,0,1.36968e+07,4.4908e+08,2.32094e+07,0.0
11/09/2006 12:00,11,9,4,12,0,13.8333,78.3333,0,0,2.49675e+07,4.81939e+08,2.38814e+07,0.0
11/09/2006 13:00,11,9,4,13,0,15.9917,69.1667,0,0,8.2021e+07,5.51182e+08,2.51508e+07,0.0
11/09/2006 14:00,11,9,4,14,0,16.9917,63.8333,0,0,9.03395e+07,5.51069e+08,2.86018e+07,0.0
11/09/2006 15:00,11,9,4,15,0,17.2,64.1667,0,0,1.25032e+08,6.28999e+08,2.70992e+07,0.0
11/09/2006 16:00,11,9,4,16,0,16.9083,66.1667,0,0,1.06724e+08,6.24617e+08,2.06289e+07,0.0
11/09/2006 17:00,11,9,4,17,0,15.7083,71.6667,0,0,5.39009e+07,5.71802e+08,1.98635e+07,0.0
11/09/2006 18:00,11,9,4,18,0,15.6417,72.0833,0,0,4.34051e+07,5.88868e+08,2.07757e+07,0.0
11/09/2006 19:00,11,9,4,19,0,14.8167,79.9167,0,0,2.60782e+07,5.64727e+08,2.19109e+07,0.0
11/09/2006 20:00,11,9,4,20,0,13.55,90.5,0,0,1.51726e+07,5.24579e+08,2.31836e+07,0.0
11/09/2006 21:00,11,9,4,21,0,13.3,95.3333,0,0,1.24546e+07,4.46094e+08,2.14647e+07,0.0
11/09/2006 22:00,11,9,4,22,0,14.9333,82.4167,0,0,1.1818e+07,3.08401e+08,1.58524e+07,0.0
11/09/2006 23:00,11,9,4,23,0,15.8083,72,0,105373,1.69292e+07,2.54124e+08,1.51363e+07,105373.0
11/10/2006 00:00,11,10,5,0,0,14.6083,81.9167,0,848789,3.77085e+06,2.02267e+08,1.37437e+07,848789.0
11/10/2006 01:00,11,10,5,1,0,13.2583,91.3333,0,5.41268e+06,2.40918e+06,1.67219e+08,1.63779e+07,5412680.0
11/10/2006 02:00,11,10,5,2,0,13.7333,89.5,0,4.53552e+06,0,1.44609e+08,1.44101e+07,4535520.0
11/10/2006 03:00,11,10,5,3,0,13.4667,90.5,0,0,0,1.13262e+08,3.79624e+06,0.0
11/10/2006 04:00,11,10,5,4,0,13.0917,93,0,2.29026e+07,0,1.08711e+08,2.86054e+07,22902600.0
11/10/2006 05:00,11,10,5,5,0,13.3,93,0,3.14038e+07,0,1.31018e+08,4.11475e+07,31403800.0
11/10/2006 06:00,11,10,5,6,0,13.0083,94.75,0,0,0,2.15764e+08,1.32646e+07,0.0
11/10/2006 07:00,11,10,5,7,0,13.0917,96.5833,0,5.33608e+06,8.57804e+06,3.98222e+08,2.455e+07,5336080.0
11/10/2006 08:00,11,10,5,8,0,13.65,96.4167,0,0,1.30243e+07,4.32019e+08,2.12468e+07,0.0
11/10/2006 09:00,11,10,5,9,0,14.5417,94.25,0,0,1.79068e+07,4.80633e+08,2.18544e+07,0.0
11/10/2006 10:00,11,10,5,10,0,15.9917,93,0,0,7.82024e+07,5.65353e+08,2.26518e+07,0.0
11/10/2006 11:00,11,10,5,11,0,16.9917,91.25,0,0,1.56928e+08,6.43569e+08,2.36339e+07,0.0
11/10/2006 12:00,11,10,5,12,0,19.825,81.8333,0,0,1.90213e+08,6.80763e+08,2.3927e+07,0.0
11/10/2006 13:00,11,10,5,13,0,21.9917,74.25,0,0,2.18759e+08,7.27834e+08,2.48041e+07,0.0
11/10/2006 14:00,11,10,5,14,0,22.2,74.75,0,0,2.02906e+08,7.01643e+08,2.89148e+07,0.0
11/10/2006 15:00,11,10,5,15,0,21.9083,77.75,0,0,2.33461e+08,7.7751e+08,2.58196e+07,0.0
11/10/2006 16:00,11,10,5,16,0,20.3583,83.6667,0,0,2.17541e+08,7.77258e+08,2.08137e+07,0.0
11/10/2006 17:00,11,10,5,17,0,19.4,87,0,0,1.8742e+08,7.39308e+08,1.98865e+07,0.0
11/10/2006 18:00,11,10,5,18,0,19.1083,87,0,0,1.70004e+08,7.42213e+08,2.07836e+07,0.0
11/10/2006 19:00,11,10,5,19,0,18.2583,90.5,0,0,1.59152e+08,7.2564e+08,2.19225e+07,0.0
11/10/2006 20:00,11,10,5,20,0,18.7333,89.5,0,0,1.65222e+08,7.33768e+08,2.31966e+07,0.0
11/10/2006 21:00,11,10,5,21,0,20.3917,85.25,0,0,1.78051e+08,6.73406e+08,2.17412e+07,0.0
11/10/2006 22:00,11,10,5,22,0,20.4583,85.75,0,0,1.46264e+08,4.7033e+08,1.72902e+07,0.0
11/10/2006 23:00,11,10,5,23,0,19.65,87,0,0,1.22265e+08,3.80562e+08,1.37055e+07,0.0
11/11/2006 00:00,11,11,6,0,0,19.4,88.75,0,0,9.0911e+07,3.2016e+08,1.31271e+07,0.0
11/11/2006 01:00,11,11,6,1,0,18.7583,94.0833,0,0,9.20582e+07,2.20435e+08,0,0.0
11/11/2006 02:00,11,11,6,2,0,18.65,94.6667,0,0,7.51144e+07,1.99413e+08,1.54078e+06,0.0
11/11/2006 03:00,11,11,6,3,0,18.55,93,0,0,7.24225e+07,1.97596e+08,0,0.0
11/11/2006 04:00,11,11,6,4,0,18.3,95.3333,0,0,5.4354e+07,1.72863e+08,0,0.0
11/11/2006 05:00,11,11,6,5,0,18.4167,96.4167,0,0,6.24379e+07,1.78233e+08,1.54078e+06,0.0
11/11/2006 06:00,11,11,6,6,0,18.3833,96.5833,0,0,2.14192e+07,1.28998e+08,8.91012e+06,0.0
11/11/2006 07:00,11,11,6,7,0,19.2917,98.75,0,259233,8.01387e+07,2.34488e+08,9.41458e+06,259233.0
11/11/2006 08:00,11,11,6,8,0,19.3583,100,0,0,1.4481e+08,3.345e+08,1.11055e+07,0.0
11/11/2006 09:00,11,11,6,9,0,17.9083,100,0,55472.7,1.26047e+08,3.43916e+08,1.31726e+07,55472.7
11/11/2006 10:00,11,11,6,10,0,17.2,100,0,61359.9,9.69615e+07,3.21682e+08,1.39935e+07,61359.9
11/11/2006 11:00,11,11,6,11,0,17.55,100,0,151755,1.10005e+08,3.26841e+08,1.55616e+07,151755.0
11/11/2006 12:00,11,11,6,12,0,17.45,100,0,382492,1.03471e+08,3.06087e+08,1.5505e+07,382492.0
11/11/2006 13:00,11,11,6,13,0,18.1917,97.6667,0,117196,1.01381e+08,2.75467e+08,1.43124e+07,117196.0
11/11/2006 14:00,11,11,6,14,0,19.1917,96.5833,0,0,9.43931e+07,2.38915e+08,1.48815e+07,0.0
11/11/2006 15:00,11,11,6,15,0,19.75,92.9167,0,0,8.36082e+07,2.13789e+08,1.20044e+07,0.0
11/11/2006 16:00,11,11,6,16,0,19.0083,94.0833,0,0,8.70305e+07,2.2483e+08,1.22908e+07,0.0
11/11/2006 17:00,11,11,6,17,0,18.9417,92.9167,0,0,5.09047e+07,1.80953e+08,1.26441e+07,0.0
11/11/2006 18:00,11,11,6,18,0,19.1083,88.25,0,0,4.80895e+07,1.88182e+08,9.88914e+06,0.0
11/11/2006 19:00,11,11,6,19,0,18.9,88.75,0,0,4.70294e+07,1.79709e+08,7.68791e+06,0.0
11/11/2006 20:00,11,11,6,20,0,18.9,90,0,0,3.13887e+07,1.46747e+08,7.41847e+06,0.0
11/11/2006 21:00,11,11,6,21,0,18.55,91.75,0,0,3.57338e+07,1.5409e+08,0,0.0
11/11/2006 22:00,11,11,6,22,0,18.0083,93,0,0,2.86096e+07,1.46582e+08,0,0.0
11/11/2006 23:00,11,11,6,23,0,17.45,93,0,0,0,9.18554e+07,1.54076e+06,0.0
11/12/2006 00:00,11,12,0,0,0,16.2667,94.75,0,0,1.22198e+07,1.28798e+08,0,0.0
11/12/2006 01:00,11,12,0,1,0,14.9,94.25,0,0,0,7.85527e+07,1.54078e+06,0.0
11/12/2006 02:00,11,12,0,2,0,14.75,91.25,0,0,0,8.56417e+07,0,0.0
11/12/2006 03:00,11,12,0,3,0,15,85.9167,0,0,0,7.85527e+07,0,0.0
11/12/2006 04:00,11,12,0,4,0,13.7167,92.9167,0,0,0,7.85527e+07,1.54047e+06,0.0
11/12/2006 05:00,11,12,0,5,0,13.0917,96.5,0,0,0,7.85621e+07,1.14406e+07,0.0
11/12/2006 06:00,11,12,0,6,0,13.65,95.1667,0,0,0,8.03666e+07,7.3927e+06,0.0
11/12/2006 07:00,11,12,0,7,0,13.9,91.9167,0,0,0,9.89425e+07,7.47617e+06,0.0
11/12/2006 08:00,11,12,0,8,0,13.55,93.6667,0,0,0,5.97063e+07,9.03401e+06,0.0
11/12/2006 09:00,11,12,0,9,0,13.0083,94.6667,0,0,0,6.63548e+07,8.01176e+06,0.0
11/12/2006 10:00,11,12,0,10,0,12.45,95.3333,0,0,0,6.11986e+07,8.22817e+06,0.0
11/12/2006 11:00,11,12,0,11,0,11.9083,98.75,0,0,0,6.29112e+07,8.92037e+06,0.0
11/12/2006 12:00,11,12,0,12,0,11.7,100,0,0,0,5.83259e+07,9.66675e+06,0.0
11/12/2006 13:00,11,12,0,13,0,11.7,100,0,0,0,6.53086e+07,9.15646e+06,0.0
11/12/2006 14:00,11,12,0,14,0,11.35,100,0,0,0,5.87341e+07,1.05363e+07,0.0
11/12/2006 15:00,11,12,0,15,0,10.8083,100,0,0,0,5.90436e+07,7.8319e+06,0.0
11/12/2006 16:00,11,12,0,16,0,10.6,100,0,0,0,5.96285e+07,9.50941e+06,0.0
11/12/2006 17:00,11,12,0,17,0,10.6,100,0,0,0,6.62775e+07,7.58112e+06,0.0
11/12/2006 18:00,11,12,0,18,0,10.6,100,0,0,0,9.99859e+07,8.4049e+06,0.0
11/12/2006 19:00,11,12,0,19,0,10.6,100,0,0,0,9.18648e+07,7.53072e+06,0.0
11/12/2006 20:00,11,12,0,20,0,10.6,97.6667,0,0,0,9.18585e+07,2.57056e+06,0.0
11/12/2006 21:00,11,12,0,21,0,10.6,96,0,0,0,9.18554e+07,0,0.0
11/12/2006 22:00,11,12,0,22,0,10.6,96,0,0,0,9.18554e+07,1.54054e+06,0.0
11/12/2006 23:00,11,12,0,23,0,10.25,96,0,0,0,9.18554e+07,0,0.0
11/13/2006 00:00,11,13,1,0,0,10,94.25,0,0,0,9.18554e+07,0,0.0
11/13/2006 01:00,11,13,1,1,0,10,93,0,2.95872e+08,0,1.6549e+08,3.13334e+08,295872000.0
11/13/2006 02:00,11,13,1,2,0,10,93,0,1.57082e+08,0,1.48337e+08,1.66297e+08,157082000.0
11/13/2006 03:00,11,13,1,3,0,10,93,0,0,0,9.9572e+07,2.59137e+06,0.0
11/13/2006 04:00,11,13,1,4,0,10,94.75,0,2.03721e+08,0,1.09005e+08,2.10584e+08,203721000.0
11/13/2006 05:00,11,13,1,5,0,10,94.25,0,2.36592e+08,0,1.33824e+08,2.46324e+08,236592000.0
11/13/2006 06:00,11,13,1,6,0,10,90.6667,0,0,84239.5,2.15849e+08,1.32639e+07,0.0
11/13/2006 07:00,11,13,1,7,0,10,87.25,0,8.42441e+07,2.86382e+06,3.96852e+08,1.0264e+08,84244100.0
11/13/2006 08:00,11,13,1,8,0,9.65,84.25,0,1.5782e+07,9.38858e+06,4.42016e+08,3.72092e+07,15782000.0
11/13/2006 09:00,11,13,1,9,0,9.4,81.25,0,9.3016e+06,1.0158e+07,4.32181e+08,3.13239e+07,9301600.0
11/13/2006 10:00,11,13,1,10,0,9.4,78.25,0,5.72587e+06,1.04337e+07,4.19734e+08,2.84035e+07,5725870.0
11/13/2006 11:00,11,13,1,11,0,9.75,75.25,0,2.56557e+06,1.06653e+07,4.14843e+08,2.59565e+07,2565570.0
11/13/2006 12:00,11,13,1,12,0,10,72.25,0,107874,1.08989e+07,4.12748e+08,2.41683e+07,107874.0
11/13/2006 13:00,11,13,1,13,0,10,68.0833,0,102640,1.05675e+07,4.12138e+08,2.5936e+07,102640.0
11/13/2006 14:00,11,13,1,14,0,10,66,0,525430,7.60336e+06,3.95914e+08,2.87925e+07,525430.0
11/13/2006 15:00,11,13,1,15,0,10,66,0,8996.61,1.05587e+07,4.27273e+08,2.81393e+07,8996.61
11/13/2006 16:00,11,13,1,16,0,9.65,66,0,0,1.13621e+07,4.34113e+08,2.08603e+07,0.0
11/13/2006 17:00,11,13,1,17,0,9.10833,64.25,0,0,1.15333e+07,4.56267e+08,1.99653e+07,0.0
11/13/2006 18:00,11,13,1,18,0,8.55,64.1667,0,0,1.15697e+07,4.94261e+08,2.09421e+07,0.0
11/13/2006 19:00,11,13,1,19,0,8.00833,68.5,0,18050.1,1.15976e+07,4.97019e+08,2.20905e+07,18050.1
11/13/2006 20:00,11,13,1,20,0,7.45,70.4167,0,36858.3,1.27578e+07,5.18077e+08,2.31311e+07,36858.3
11/13/2006 21:00,11,13,1,21,0,6.90833,73.5,0,3.84748e+06,1.09156e+07,4.64306e+08,2.55441e+07,3847480.0
11/13/2006 22:00,11,13,1,22,0,6.35,77.75,0,3.53987e+07,1.76391e+06,2.7035e+08,5.06507e+07,35398700.0
11/13/2006 23:00,11,13,1,23,0,5.80833,77.25,0,6.37351e+07,1.75851e+06,2.09906e+08,7.90063e+07,63735100.0
11/14/2006 00:00,11,14,2,0,0,5.6,79.5,0,8.20363e+07,0,1.9223e+08,9.48482e+07,82036300.0
11/14/2006 01:00,11,14,2,1,0,5.25,84.3333,0,9.9496e+07,0,1.64271e+08,1.11328e+08,99496000.0
11/14/2006 02:00,11,14,2,2,0,5,86,0,8.87913e+07,0,1.48242e+08,9.86679e+07,88791300.0
11/14/2006 03:00,11,14,2,3,0,4.65,87.75,0,0,0,1.09054e+08,3.79628e+06,0.0
11/14/2006 04:00,11,14,2,4,0,3.75833,93.6667,0,1.91462e+08,0,1.11126e+08,1.97261e+08,191462000.0
11/14/2006 05:00,11,14,2,5,0,3.3,97,0,2.38172e+08,0,1.34023e+08,2.4789e+08,238172000.0
11/14/2006 06:00,11,14,2,6,0,3.00833,96.4167,0,0,15208.9,2.15779e+08,1.33153e+07,0.0
11/14/2006 07:00,11,14,2,7,0,3.09167,96.5833,0,8.5322e+07,3.93012e+06,3.98469e+08,1.04704e+08,85322000.0
11/14/2006 08:00,11,14,2,8,0,3.94167,94.6667,0,4.74916e+06,9.48359e+06,4.31371e+08,2.61955e+07,4749160.0
11/14/2006 09:00,11,14,2,9,0,6.03333,91.25,0,1.09071e+06,1.10438e+07,4.36579e+08,2.31595e+07,1090710.0
11/14/2006 10:00,11,14,2,10,0,8.48333,85.9167,0,119993,1.16784e+07,4.33785e+08,2.29988e+07,119993.0
11/14/2006 11:00,11,14,2,11,0,11.3833,71.9167,0,0,1.27548e+07,4.37764e+08,2.34137e+07,0.0
11/14/2006 12:00,11,14,2,12,0,13.7333,59.9167,0,0,1.67927e+07,4.62424e+08,2.40826e+07,0.0
11/14/2006 13:00,11,14,2,13,0,14.75,58.75,0,0,3.503e+07,4.96648e+08,2.50136e+07,0.0
11/14/2006 14:00,11,14,2,14,0,15,62.3333,0,0,1.89603e+07,4.71465e+08,2.90493e+07,0.0
11/14/2006 15:00,11,14,2,15,0,15.35,58.75,0,0,3.80753e+07,5.3009e+08,2.74103e+07,0.0
11/14/2006 16:00,11,14,2,16,0,14.9,60.8333,0,0,2.97587e+07,5.20617e+08,2.08394e+07,0.0
11/14/2006 17:00,11,14,2,17,0,13.7583,69.0833,0,0,1.43245e+07,4.81071e+08,2.00559e+07,0.0
11/14/2006 18:00,11,14,2,18,0,12.6583,71.4167,0,0,1.40647e+07,5.12489e+08,2.09945e+07,0.0
11/14/2006 19:00,11,14,2,19,0,11.5583,81.5,0,0,1.39074e+07,5.12992e+08,2.21779e+07,0.0
11/14/2006 20:00,11,14,2,20,0,11.45,83.75,0,0,1.40838e+07,5.15575e+08,2.35086e+07,0.0
11/14/2006 21:00,11,14,2,21,0,11.0583,79.4167,0,0,1.12285e+07,4.40862e+08,2.16749e+07,0.0
11/14/2006 22:00,11,14,2,22,0,10.6,76.0833,0,1.13312e+06,3.52452e+06,2.73192e+08,1.70549e+07,1133120.0
11/14/2006 23:00,11,14,2,23,0,10.6,70.5,0,6.89432e+06,4.48845e+06,2.13394e+08,2.2014e+07,6894320.0
11/15/2006 00:00,11,15,3,0,0,10.6,66.25,0,9.40148e+06,1.75637e+06,1.91261e+08,2.25685e+07,9401480.0
11/15/2006 01:00,11,15,3,1,0,9.9,68.5,0,1.94319e+07,1.73363e+06,1.64989e+08,3.05743e+07,19431900.0
11/15/2006 02:00,11,15,3,2,0,9.10833,74.5,0,2.72396e+07,449297,1.4973e+08,3.67879e+07,27239600.0
11/15/2006 03:00,11,15,3,3,0,8.55,78.75,0,0,0,1.10565e+08,3.80134e+06,0.0
11/15/2006 04:00,11,15,3,4,0,8.00833,81.1667,0,6.30972e+07,0,1.08295e+08,6.90039e+07,63097200.0
11/15/2006 05:00,11,15,3,5,0,7.15833,88.4167,0,1.04376e+08,0,1.34209e+08,1.14107e+08,104376000.0
11/15/2006 06:00,11,15,3,6,0,6.7,93,0,0,11521.6,2.15776e+08,1.3318e+07,0.0
11/15/2006 07:00,11,15,3,7,0,6.99167,91.25,0,3.36893e+07,5.76393e+06,4.0226e+08,5.30567e+07,33689300.0
11/15/2006 08:00,11,15,3,8,0,7.55,89.4167,0,345127,1.02033e+07,4.25562e+08,2.1827e+07,345127.0
11/15/2006 09:00,11,15,3,9,0,8.73333,83.75,0,8746.2,1.14938e+07,4.27051e+08,2.21222e+07,8746.2
11/15/2006 10:00,11,15,3,10,0,9.75,81.75,0,0,1.23755e+07,4.35003e+08,2.29443e+07,0.0
11/15/2006 11:00,11,15,3,11,0,10.6417,81.25,0,0,1.30187e+07,4.40516e+08,2.39713e+07,0.0
11/15/2006 12:00,11,15,3,12,0,11.7417,74.75,0,0,1.34417e+07,4.3905e+08,2.41183e+07,0.0
11/15/2006 13:00,11,15,3,13,0,12.55,71.5833,0,0,1.32306e+07,4.43826e+08,2.50295e+07,0.0
11/15/2006 14:00,11,15,3,14,0,13.4417,67.3333,0,0,1.05301e+07,4.26241e+08,2.90828e+07,0.0
11/15/2006 15:00,11,15,3,15,0,13.9,62.8333,0,0,1.34149e+07,4.77487e+08,2.72247e+07,0.0
11/15/2006 16:00,11,15,3,16,0,14.5417,57.9167,0,0,1.89906e+07,5.16611e+08,2.08974e+07,0.0
11/15/2006 17:00,11,15,3,17,0,13.7167,63.1667,0,0,1.52199e+07,5.03135e+08,2.00841e+07,0.0
11/15/2006 18:00,11,15,3,18,0,13.0917,64.9167,0,0,1.41324e+07,5.20268e+08,2.10343e+07,0.0
11/15/2006 19:00,11,15,3,19,0,12.6583,66.0833,0,0,1.40206e+07,5.226e+08,2.22221e+07,0.0
11/15/2006 20:00,11,15,3,20,0,12.2,70.1667,0,0,1.40551e+07,5.2515e+08,2.35631e+07,0.0
11/15/2006 21:00,11,15,3,21,0,11.2667,79.75,0,0,1.12735e+07,4.45419e+08,2.17627e+07,0.0
11/15/2006 22:00,11,15,3,22,0,11.2417,80.75,0,0,3.76374e+06,2.74509e+08,1.62383e+07,0.0
11/15/2006 23:00,11,15,3,23,0,11.35,78.75,0,318266,3.62046e+06,2.12191e+08,1.51688e+07,318266.0
11/16/2006 00:00,11,16,4,0,0,11.1,80,0,650200,2.56866e+06,1.95101e+08,1.38262e+07,650200.0
11/16/2006 01:00,11,16,4,1,0,10.8083,87,0,3.6232e+06,2.93603e+06,1.68184e+08,1.52362e+07,3623200.0
11/16/2006 02:00,11,16,4,2,0,10.25,96.6667,0,3.45458e+06,613167,1.47038e+08,1.26239e+07,3454580.0
11/16/2006 03:00,11,16,4,3,0,10.35,100,0,0,0,1.13015e+08,3.75166e+06,0.0
11/16/2006 04:00,11,16,4,4,0,10.25,100,0,2.6019e+07,0,1.09249e+08,3.18396e+07,26019000.0
11/16/2006 05:00,11,16,4,5,0,10,100,0,4.69225e+07,0,1.32933e+08,5.66673e+07,46922500.0
11/16/2006 06:00,11,16,4,6,0,9.65,100,0,0,0,2.15764e+08,1.33262e+07,0.0
11/16/2006 07:00,11,16,4,7,0,9.75,100,0,2.19891e+07,6.9859e+06,4.04929e+08,4.13324e+07,21989100.0
11/16/2006 08:00,11,16,4,8,0,10.35,100,0,162233,1.14376e+07,4.46052e+08,2.16851e+07,162233.0
11/16/2006 09:00,11,16,4,9,0,10.6,100,0,0,1.23649e+07,4.44646e+08,2.21609e+07,0.0
11/16/2006 10:00,11,16,4,10,0,10.6,100,0,0,1.28422e+07,4.40254e+08,2.29907e+07,0.0
11/16/2006 11:00,11,16,4,11,0,10.8917,100,0,0,1.32277e+07,4.38411e+08,2.40292e+07,0.0
11/16/2006 12:00,11,16,4,12,0,10.8083,100,0,0,1.34304e+07,4.35093e+08,2.46115e+07,0.0
11/16/2006 13:00,11,16,4,13,0,10.6,100,0,0,1.29343e+07,4.2747e+08,2.50514e+07,0.0
11/16/2006 14:00,11,16,4,14,0,10.6,100,0,0,9.74116e+06,4.1789e+08,2.91159e+07,0.0
11/16/2006 15:00,11,16,4,15,0,10.6,100,0,0,1.27112e+07,4.39645e+08,2.70774e+07,0.0
11/16/2006 16:00,11,16,4,16,0,10.25,100,0,0,1.34732e+07,4.54834e+08,2.09573e+07,0.0
11/16/2006 17:00,11,16,4,17,0,10,100,0,0,1.35941e+07,4.67076e+08,2.01186e+07,0.0
11/16/2006 18:00,11,16,4,18,0,10,100,0,0,1.36793e+07,5.00942e+08,2.10725e+07,0.0
11/16/2006 19:00,11,16,4,19,0,10,100,0,0,1.3714e+07,5.02945e+08,2.22693e+07,0.0
11/16/2006 20:00,11,16,4,20,0,10,100,0,0,1.38071e+07,5.05684e+08,2.36194e+07,0.0
11/16/2006 21:00,11,16,4,21,0,10,100,0,3.2248e+06,1.09933e+07,4.3598e+08,2.50681e+07,3224800.0
11/16/2006 22:00,11,16,4,22,0,9.65,100,0,3.47219e+07,3.17073e+06,2.7274e+08,5.12081e+07,34721900.0
11/16/2006 23:00,11,16,4,23,0,9.10833,100,0,6.78468e+07,2.52559e+06,2.13877e+08,8.24964e+07,67846800.0
11/17/2006 00:00,11,17,5,0,0,8.9,100,0,8.51785e+07,1.77698e+06,1.98385e+08,9.83621e+07,85178500.0
11/17/2006 01:00,11,17,5,1,0,8.9,100,0,1.01468e+08,1.59271e+06,1.676e+08,1.13496e+08,101468000.0
11/17/2006 02:00,11,17,5,2,0,8.55,100,0,9.2545e+07,0,1.49279e+08,1.01806e+08,92545000.0
11/17/2006 03:00,11,17,5,3,0,8.3,100,0,0,0,1.10358e+08,3.26878e+06,0.0
11/17/2006 04:00,11,17,5,4,0,8.00833,100,0,1.68123e+08,0,1.09059e+08,1.74185e+08,168123000.0
11/17/2006 05:00,11,17,5,5,0,7.45,100,0,2.00037e+08,0,1.33747e+08,2.09746e+08,200037000.0
11/17/2006 06:00,11,17,5,6,0,6.26667,100,0,0,0,2.15764e+08,1.33401e+07,0.0
11/17/2006 07:00,11,17,5,7,0,5.25,100,0,9.36824e+07,5.09676e+06,4.02376e+08,1.13083e+08,93682400.0
11/17/2006 08:00,11,17,5,8,0,5,100,0,2.69535e+07,1.08163e+07,4.69354e+08,4.85308e+07,26953500.0
11/17/2006 09:00,11,17,5,9,0,5.64167,95.9167,0,1.88199e+07,1.02327e+07,4.34592e+08,4.10361e+07,18819900.0
11/17/2006 10:00,11,17,5,10,0,6.1,95.3333,0,7.14296e+06,1.29102e+07,4.59301e+08,3.02002e+07,7142960.0
11/17/2006 11:00,11,17,5,11,0,6.45,94.6667,0,1.53534e+06,1.33064e+07,4.64375e+08,2.56406e+07,1535340.0
11/17/2006 12:00,11,17,5,12,0,6.99167,91.25,0,261935,1.36712e+07,4.59418e+08,2.46448e+07,261935.0
11/17/2006 13:00,11,17,5,13,0,7.2,91.75,0,325444,1.30048e+07,4.53513e+08,2.54336e+07,325444.0
11/17/2006 14:00,11,17,5,14,0,7.2,93,0,2.73874e+06,8.13722e+06,4.11749e+08,3.1887e+07,2738740.0
11/17/2006 15:00,11,17,5,15,0,7.2,95.3333,0,211166,1.10703e+07,4.3857e+08,2.78071e+07,211166.0
11/17/2006 16:00,11,17,5,16,0,7.2,97,0,34434.4,1.19771e+07,4.46324e+08,2.10027e+07,34434.4
11/17/2006 17:00,11,17,5,17,0,7.2,97,0,205881,1.40552e+07,4.99245e+08,2.03706e+07,205881.0
11/17/2006 18:00,11,17,5,18,0,7.2,97,0,1.21698e+06,1.38293e+07,5.21003e+08,2.23479e+07,1216980.0
11/17/2006 19:00,11,17,5,19,0,7.2,94.6667,0,2.30949e+06,1.46083e+07,5.35238e+08,2.465e+07,2309490.0
11/17/2006 20:00,11,17,5,20,0,6.55833,93,0,8.70042e+06,1.45041e+07,5.37571e+08,3.24073e+07,8700420.0
11/17/2006 21:00,11,17,5,21,0,5.45833,94.75,0,3.25048e+07,1.06244e+07,4.56619e+08,5.43074e+07,32504800.0
11/17/2006 22:00,11,17,5,22,0,4.65,96.5833,0,9.22454e+07,2.00264e+06,2.77103e+08,1.0816e+08,92245400.0
11/17/2006 23:00,11,17,5,23,0,4.75,94.6667,0,1.37573e+08,2.26948e+06,2.13536e+08,1.52791e+08,137573000.0
11/18/2006 00:00,11,18,6,0,0,5,90.6667,0,1.37719e+08,2.18228e+06,1.98253e+08,1.5091e+08,137719000.0
11/18/2006 01:00,11,18,6,1,0,5,84.9167,0,0,0,9.27076e+07,0,0.0
11/18/2006 02:00,11,18,6,2,0,5,78.5,0,0,0,8.58138e+07,0,0.0
11/18/2006 03:00,11,18,6,3,0,5,72.5,0,0,0,8.45863e+07,1.54078e+06,0.0
11/18/2006 04:00,11,18,6,4,0,5,68.25,0,0,0,8.56326e+07,0,0.0
11/18/2006 05:00,11,18,6,5,0,5,65.25,0,0,0,8.57623e+07,0,0.0
11/18/2006 06:00,11,18,6,6,0,4.65,65.75,0,0,0,9.11811e+07,9.55447e+06,0.0
11/18/2006 07:00,11,18,6,7,0,4.4,63.5,0,3.24353e+08,0,1.33158e+08,3.3425e+08,324353000.0
11/18/2006 08:00,11,18,6,8,0,4.4,59.25,0,2.33734e+08,114919,1.39557e+08,2.44113e+08,233734000.0
11/18/2006 09:00,11,18,6,9,0,5.1,56.8333,0,1.40275e+08,0,1.70416e+08,1.53441e+08,140275000.0
11/18/2006 10:00,11,18,6,10,0,6.53333,55.4167,0,7.81328e+07,0,1.82577e+08,9.40286e+07,78132800.0
11/18/2006 11:00,11,18,6,11,0,7.84167,49.75,0,8.45333e+07,0,1.73548e+08,9.89378e+07,84533300.0
11/18/2006 12:00,11,18,6,12,0,8.94167,46.5833,0,8.11401e+07,0,1.61731e+08,9.6586e+07,81140100.0
11/18/2006 13:00,11,18,6,13,0,9.75,45.8333,0,6.07373e+07,0,1.42619e+08,7.60944e+07,60737300.0
11/18/2006 14:00,11,18,6,14,0,10,43.8333,0,4.91835e+07,0,1.18274e+08,6.28609e+07,49183500.0
11/18/2006 15:00,11,18,6,15,0,10,44.1667,0,3.68782e+07,0,1.07226e+08,4.99393e+07,36878200.0
11/18/2006 16:00,11,18,6,16,0,9.35833,46.1667,0,7.45009e+07,0,1.12209e+08,8.72823e+07,74500900.0
11/18/2006 17:00,11,18,6,17,0,8.55,44.0833,0,1.06529e+08,0,1.16175e+08,1.17132e+08,106529000.0
11/18/2006 18:00,11,18,6,18,0,8.00833,45.5,0,0,0,1.1635e+08,9.93947e+06,0.0
11/18/2006 19:00,11,18,6,19,0,7.15833,51.5,0,0,0,1.02618e+08,9.62963e+06,0.0
11/18/2006 20:00,11,18,6,20,0,6.35,52.25,0,0,0,9.32332e+07,7.11256e+06,0.0
11/18/2006 21:00,11,18,6,21,0,5.80833,52.1667,0,0,0,9.18554e+07,0,0.0
11/18/2006 22:00,11,18,6,22,0,5.25,54.1667,0,0,0,9.18554e+07,0,0.0
11/18/2006 23:00,11,18,6,23,0,4.65,58.5,0,0,0,9.18554e+07,1.54078e+06,0.0
11/19/2006 00:00,11,19,0,0,0,4.4,69.75,0,0,0,9.18554e+07,0,0.0
11/19/2006 01:00,11,19,0,1,0,3.75833,77.75,0,0,0,7.85527e+07,0,0.0
11/19/2006 02:00,11,19,0,2,0,3.00833,80.75,0,831143,0,8.05608e+07,2.37172e+06,831143.0
11/19/2006 03:00,11,19,0,3,0,2.45,86.0833,0,932728,0,8.05609e+07,932728,932728.0
11/19/2006 04:00,11,19,0,4,0,2.2,90.75,0,3.48781e+06,0,8.12327e+07,3.48781e+06,3487810.0
11/19/2006 05:00,11,19,0,5,0,1.90833,92,0,1.56905e+06,0,8.12401e+07,1.40021e+07,1569050.0
11/19/2006 06:00,11,19,0,6,0,1.99167,90.25,0,2.40724e+06,0,8.37146e+07,9.80246e+06,2407240.0
11/19/2006 07:00,11,19,0,7,0,2.2,86.6667,0,1.70947e+06,0,9.44787e+07,9.18716e+06,1709470.0
11/19/2006 08:00,11,19,0,8,0,2.84167,83.25,0,2.31458e+06,0,6.27603e+07,1.17723e+07,2314580.0
11/19/2006 09:00,11,19,0,9,0,5.28333,80.25,0,653382,0,6.07291e+07,8.261e+06,653382.0
11/19/2006 10:00,11,19,0,10,0,7.34167,77.25,0,970007,0,6.06521e+07,1.04787e+07,970007.0
11/19/2006 11:00,11,19,0,11,0,8.44167,70.1667,0,0,0,6.2325e+07,7.66042e+06,0.0
11/19/2006 12:00,11,19,0,12,0,9.19167,67.1667,0,0,0,6.46433e+07,9.67909e+06,0.0
11/19/2006 13:00,11,19,0,13,0,10.3917,61.5833,0,0,0,6.23479e+07,9.80349e+06,0.0
11/19/2006 14:00,11,19,0,14,0,10.4583,65.1667,0,0,0,6.06987e+07,9.98511e+06,0.0
11/19/2006 15:00,11,19,0,15,0,10.35,72.75,0,0,0,5.86864e+07,9.71233e+06,0.0
11/19/2006 16:00,11,19,0,16,0,10.8917,71.0833,0,0,0,5.86398e+07,7.60719e+06,0.0
11/19/2006 17:00,11,19,0,17,0,10.4583,70.1667,0,0,0,7.24807e+07,9.2037e+06,0.0
11/19/2006 18:00,11,19,0,18,0,9.65,74.5,0,0,0,9.99859e+07,7.73401e+06,0.0
11/19/2006 19:00,11,19,0,19,0,9.4,77,0,0,0,9.18648e+07,7.36228e+06,0.0
11/19/2006 20:00,11,19,0,20,0,8.75833,80.5,0,567099,0,9.38664e+07,2.39129e+06,567099.0
11/19/2006 21:00,11,19,0,21,0,8.3,87.0833,0,3.15869e+06,0,9.45351e+07,4.69919e+06,3158690.0
11/19/2006 22:00,11,19,0,22,0,7.65833,91.75,0,1.12517e+06,0,9.45329e+07,1.12517e+06,1125170.0
11/19/2006 23:00,11,19,0,23,0,6.90833,94.75,0,2.15799e+06,0,9.52031e+07,2.15799e+06,2157990.0
11/20/2006 00:00,11,20,1,0,0,6.05833,98.3333,0,2.1643e+06,0,9.4534e+07,3.70508e+06,2164300.0
11/20/2006 01:00,11,20,1,1,0,5.89167,98.25,0,4.82141e+08,0,1.67379e+08,4.9776e+08,482141000.0
11/20/2006 02:00,11,20,1,2,0,5.10833,98.75,0,1.97178e+08,0,1.4866e+08,2.06504e+08,197178000.0
11/20/2006 03:00,11,20,1,3,0,4.10833,100,0,0,0,9.9572e+07,3.80327e+06,0.0
11/20/2006 04:00,11,20,1,4,0,4.19167,100,0,3.37107e+08,0,1.13546e+08,3.43743e+08,337107000.0
11/20/2006 05:00,11,20,1,5,0,3.75833,100,0,3.70625e+08,0,1.34475e+08,3.80355e+08,370625000.0
11/20/2006 06:00,11,20,1,6,0,3.00833,100,0,1.69164e+06,9471.45,2.15776e+08,1.51147e+07,1691640.0
11/20/2006 07:00,11,20,1,7,0,3.09167,100,0,1.30109e+08,776234,4.00942e+08,1.49162e+08,130109000.0
11/20/2006 08:00,11,20,1,8,0,3.3,100,0,2.74194e+07,5.87646e+06,4.39831e+08,4.91452e+07,27419400.0
11/20/2006 09:00,11,20,1,9,0,3.65,100,0,5.63133e+06,7.49384e+06,4.10165e+08,2.79664e+07,5631330.0
11/20/2006 10:00,11,20,1,10,0,5.825,95.9167,0,1.40148e+06,9.35052e+06,4.1834e+08,2.43887e+07,1401480.0
11/20/2006 11:00,11,20,1,11,0,8.19167,87.1667,0,0,1.16826e+07,4.39962e+08,2.36888e+07,0.0
11/20/2006 12:00,11,20,1,12,0,10.825,77.75,0,0,1.14937e+07,4.22886e+08,2.43531e+07,0.0
11/20/2006 13:00,11,20,1,13,0,13.1917,65.25,0,0,1.17201e+07,4.2814e+08,2.64309e+07,0.0
11/20/2006 14:00,11,20,1,14,0,14.5417,53.1667,0,0,1.17955e+07,4.4193e+08,2.85736e+07,0.0
11/20/2006 15:00,11,20,1,15,0,15,51.3333,0,0,2.0369e+07,4.91409e+08,2.80081e+07,0.0
11/20/2006 16:00,11,20,1,16,0,14.0083,55.3333,0,0,1.39577e+07,4.66614e+08,2.11083e+07,0.0
11/20/2006 17:00,11,20,1,17,0,12.3667,62.25,0,0,1.28635e+07,4.74371e+08,2.02242e+07,0.0
11/20/2006 18:00,11,20,1,18,0,10.3583,72.4167,0,0,1.25357e+07,5.00658e+08,2.13042e+07,0.0
11/20/2006 19:00,11,20,1,19,0,9.10833,77,0,0,1.23805e+07,5.01767e+08,2.24178e+07,0.0
11/20/2006 20:00,11,20,1,20,0,8.9,77,0,0,1.24977e+07,5.0474e+08,2.34306e+07,0.0
11/20/2006 21:00,11,20,1,21,0,8.9,77,0,27544.1,9.85548e+06,4.34768e+08,2.18021e+07,27544.1
11/20/2006 22:00,11,20,1,22,0,8.55,76.4167,0,3.06803e+06,2.53447e+06,2.71436e+08,1.99603e+07,3068030.0
11/20/2006 23:00,11,20,1,23,0,7.36667,79.5,0,1.23712e+07,2.81797e+06,2.06654e+08,2.63987e+07,12371200.0
11/21/2006 00:00,11,21,2,0,0,6.35,90.75,0,4.53958e+07,1.85247e+06,1.9729e+08,5.85219e+07,45395800.0
11/21/2006 01:00,11,21,2,1,0,6.45,98.75,0,6.1644e+07,0,1.62849e+08,7.45278e+07,61644000.0
11/21/2006 02:00,11,21,2,2,0,6.7,100,0,5.22381e+07,0,1.46143e+08,6.21246e+07,52238100.0
11/21/2006 03:00,11,21,2,3,0,6.35,100,0,0,0,1.09241e+08,3.78819e+06,0.0
11/21/2006 04:00,11,21,2,4,0,5.45833,100,0,9.56851e+07,0,1.12795e+08,1.0138e+08,95685100.0
11/21/2006 05:00,11,21,2,5,0,5.35,100,0,1.07449e+08,0,1.31245e+08,1.1719e+08,107449000.0
11/21/2006 06:00,11,21,2,6,0,5.89167,100,0,0,13570.9,2.15778e+08,1.33768e+07,0.0
11/21/2006 07:00,11,21,2,7,0,6.45,100,0,3.12038e+07,5.47957e+06,4.08464e+08,5.0794e+07,31203800.0
11/21/2006 08:00,11,21,2,8,0,6.99167,100,0,637388,1.0027e+07,4.47122e+08,2.2421e+07,637388.0
11/21/2006 09:00,11,21,2,9,0,7.55,100,0,317545,1.31149e+07,4.77891e+08,2.27551e+07,317545.0
11/21/2006 10:00,11,21,2,10,0,7.8,100,0,65153.4,1.3655e+07,4.70084e+08,2.3379e+07,65153.4
11/21/2006 11:00,11,21,2,11,0,8.09167,98.25,0,0,1.40338e+07,4.66842e+08,2.37158e+07,0.0
11/21/2006 12:00,11,21,2,12,0,8.94167,97,0,0,1.23454e+07,4.30799e+08,2.43795e+07,0.0
11/21/2006 13:00,11,21,2,13,0,10.1,94.0833,0,0,1.23287e+07,4.30227e+08,2.55877e+07,0.0
11/21/2006 14:00,11,21,2,14,0,10.8917,92.5833,0,0,9.46724e+06,4.15995e+08,2.90324e+07,0.0
11/21/2006 15:00,11,21,2,15,0,11.1,90.6667,0,0,1.24866e+07,4.42693e+08,2.84028e+07,0.0
11/21/2006 16:00,11,21,2,16,0,11.1,89,0,0,1.33509e+07,4.55787e+08,2.11929e+07,0.0
11/21/2006 17:00,11,21,2,17,0,10.4583,93.0833,0,0,1.34397e+07,4.74417e+08,2.02589e+07,0.0
11/21/2006 18:00,11,21,2,18,0,10,96,0,0,1.34725e+07,5.02019e+08,2.13321e+07,0.0
11/21/2006 19:00,11,21,2,19,0,10,96,0,0,1.35652e+07,5.04356e+08,2.24513e+07,0.0
11/21/2006 20:00,11,21,2,20,0,10,96,0,0,1.36965e+07,5.07459e+08,2.34623e+07,0.0
11/21/2006 21:00,11,21,2,21,0,10,94.25,0,198705,1.09118e+07,4.3651e+08,2.20766e+07,198705.0
11/21/2006 22:00,11,21,2,22,0,9.65,95.3333,0,9.29641e+06,3.16646e+06,2.72259e+08,2.58215e+07,9296410.0
11/21/2006 23:00,11,21,2,23,0,9.10833,98.75,0,2.31557e+07,3.5304e+06,2.1172e+08,3.77245e+07,23155700.0
11/22/2006 00:00,11,22,3,0,0,9.19167,100,0,3.06952e+07,3.13635e+06,1.97948e+08,4.38652e+07,30695200.0
11/22/2006 01:00,11,22,3,1,0,9.75,97.6667,0,4.90559e+07,0,1.63674e+08,6.14148e+07,49055900.0
11/22/2006 02:00,11,22,3,2,0,10,96,0,3.94253e+07,0,1.49164e+08,4.93251e+07,39425300.0
11/22/2006 03:00,11,22,3,3,0,9.65,98.3333,0,0,0,1.1041e+08,3.80142e+06,0.0
11/22/2006 04:00,11,22,3,4,0,9.75,100,0,7.47548e+07,0,1.08661e+08,8.04303e+07,74754800.0
11/22/2006 05:00,11,22,3,5,0,9.65,100,0,7.68206e+07,0,1.32395e+08,8.65908e+07,76820600.0
11/22/2006 06:00,11,22,3,6,0,9.75,100,0,0,0,2.15764e+08,1.33857e+07,0.0
11/22/2006 07:00,11,22,3,7,0,10,100,0,3.14595e+07,6.95111e+06,4.10735e+08,5.10451e+07,31459500.0
11/22/2006 08:00,11,22,3,8,0,10,100,0,790007,1.13124e+07,4.49168e+08,2.2612e+07,790007.0
11/22/2006 09:00,11,22,3,9,0,10,100,0,2374.33,1.20324e+07,4.44725e+08,2.24875e+07,2374.33
11/22/2006 10:00,11,22,3,10,0,10.35,95.3333,0,0,1.24987e+07,4.40111e+08,2.33651e+07,0.0
11/22/2006 11:00,11,22,3,11,0,10.6,88.5,0,0,1.27217e+07,4.35578e+08,2.41489e+07,0.0
11/22/2006 12:00,11,22,3,12,0,10.6,84.25,0,0,1.28187e+07,4.32849e+08,2.44148e+07,0.0
11/22/2006 13:00,11,22,3,13,0,9.60833,76,0,135061,1.20143e+07,4.2964e+08,2.54941e+07,135061.0
11/22/2006 14:00,11,22,3,14,0,9.19167,68.0833,0,1.04445e+06,8.6272e+06,4.11382e+08,3.03485e+07,1044450.0
11/22/2006 15:00,11,22,3,15,0,9.4,64.25,0,0,1.13053e+07,4.39005e+08,2.84352e+07,0.0
11/22/2006 16:00,11,22,3,16,0,9.4,60.6667,0,0,1.20897e+07,4.41452e+08,2.12443e+07,0.0
11/22/2006 17:00,11,22,3,17,0,8.75833,57.25,0,128641,1.20789e+07,4.7005e+08,2.04331e+07,128641.0
11/22/2006 18:00,11,22,3,18,0,8.00833,52.5,0,515448,1.18861e+07,4.97674e+08,2.189e+07,515448.0
11/22/2006 19:00,11,22,3,19,0,7.15833,49.4167,0,2.69737e+06,1.27238e+07,5.17179e+08,2.519e+07,2697370.0
11/22/2006 20:00,11,22,3,20,0,6.35,51.9167,0,3.39252e+06,1.18991e+07,5.07739e+08,2.6896e+07,3392520.0
11/22/2006 21:00,11,22,3,21,0,5.80833,55.1667,0,7.65226e+06,1.0472e+07,4.59941e+08,2.95886e+07,7652260.0
11/22/2006 22:00,11,22,3,22,0,5.89167,54.8333,0,4.96635e+07,1.93397e+06,2.71287e+08,6.61602e+07,49663500.0
11/22/2006 23:00,11,22,3,23,0,5.80833,59.8333,0,1.30574e+08,2.17566e+06,2.13674e+08,1.45284e+08,130574000.0
11/23/2006 00:00,11,23,4,0,0,5.25,67.5,0,1.66186e+08,2.06556e+06,1.98019e+08,1.79402e+08,166186000.0
11/23/2006 01:00,11,23,4,1,0,5,64.75,0,1.62312e+08,0,1.64964e+08,1.74521e+08,162312000.0
11/23/2006 02:00,11,23,4,2,0,5.35,55.1667,0,1.40604e+08,0,1.48653e+08,1.50501e+08,140604000.0
11/23/2006 03:00,11,23,4,3,0,5.25,52.1667,0,0,0,1.10344e+08,3.80534e+06,0.0
11/23/2006 04:00,11,23,4,4,0,4.65,51.8333,0,2.47389e+08,0,1.10032e+08,2.53913e+08,247389000.0
11/23/2006 05:00,11,23,4,5,0,4.10833,50.4167,0,2.72904e+08,0,1.34154e+08,2.82302e+08,272904000.0
11/23/2006 06:00,11,23,4,6,0,3.55,51.1667,0,0,10983,2.15775e+08,1.35148e+07,0.0
11/23/2006 07:00,11,23,4,7,0,3.3,50.25,0,1.11275e+08,3.70489e+06,4.07836e+08,1.30179e+08,111275000.0
11/23/2006 08:00,11,23,4,8,0,3.3,49,0,3.25427e+07,8.09495e+06,4.41702e+08,5.44157e+07,32542700.0
11/23/2006 09:00,11,23,4,9,0,3.94167,48.4167,0,9.20604e+06,8.78418e+06,4.17232e+08,3.16795e+07,9206040.0
11/23/2006 10:00,11,23,4,10,0,4.75,48,0,5.90703e+06,9.71785e+06,4.21439e+08,2.90286e+07,5907030.0
11/23/2006 11:00,11,23,4,11,0,5.64167,46.25,0,3.61539e+06,1.14627e+07,4.42544e+08,2.74403e+07,3615390.0
11/23/2006 12:00,11,23,4,12,0,6.45,43.8333,0,2.25502e+06,1.11755e+07,4.35031e+08,2.67984e+07,2255020.0
11/23/2006 13:00,11,23,4,13,0,6.99167,42.4167,0,753032,1.06215e+07,4.30571e+08,2.85543e+07,753032.0
11/23/2006 14:00,11,23,4,14,0,7.84167,42,0,391053,8.04197e+06,4.13509e+08,2.93736e+07,391053.0
11/23/2006 15:00,11,23,4,15,0,8.00833,40.8333,0,0,1.07777e+07,4.42602e+08,2.64374e+07,0.0
11/23/2006 16:00,11,23,4,16,0,7.8,41.1667,0,0,1.15982e+07,4.45558e+08,2.1166e+07,0.0
11/23/2006 17:00,11,23,4,17,0,7.15833,43.75,0,51619.8,1.16204e+07,4.72761e+08,2.04478e+07,51619.8
11/23/2006 18:00,11,23,4,18,0,6.35,47.3333,0,153826,1.14556e+07,5.00958e+08,2.16244e+07,153826.0
11/23/2006 19:00,11,23,4,19,0,6.1,50.1667,0,52049.2,1.32583e+07,5.33316e+08,2.26378e+07,52049.2
11/23/2006 20:00,11,23,4,20,0,6.1,49.8333,0,0,1.33741e+07,5.37398e+08,2.3708e+07,0.0
11/23/2006 21:00,11,23,4,21,0,5.80833,54.25,0,1.16021e+06,1.11282e+07,4.71623e+08,2.36301e+07,1160210.0
11/23/2006 22:00,11,23,4,22,0,5.25,59.75,0,1.70412e+07,2.15173e+06,2.74468e+08,3.46409e+07,17041200.0
11/23/2006 23:00,11,23,4,23,0,5.64167,61.5833,0,3.77512e+07,3.18171e+06,2.14038e+08,5.16241e+07,37751200.0
11/24/2006 00:00,11,24,5,0,0,5.80833,63.1667,0,5.21528e+07,1.30326e+06,1.97868e+08,6.53948e+07,52152800.0
11/24/2006 01:00,11,24,5,1,0,4.9,67.5,0,7.5002e+07,1.45616e+06,1.68524e+08,8.7944e+07,75002000.0
11/24/2006 02:00,11,24,5,2,0,4.10833,69.4167,0,8.00129e+07,0,1.48709e+08,8.98877e+07,80012900.0
11/24/2006 03:00,11,24,5,3,0,4.19167,71.3333,0,0,0,1.10426e+08,3.47209e+06,0.0
11/24/2006 04:00,11,24,5,4,0,3.75833,76.5,0,1.52438e+08,0,1.08953e+08,1.58135e+08,152438000.0
11/24/2006 05:00,11,24,5,5,0,2.36667,84.25,0,2.11256e+08,0,1.3445e+08,2.20995e+08,211256000.0
11/24/2006 06:00,11,24,5,6,0,1.7,90.3333,0,6.6139e+07,32050.2,2.16363e+08,7.95591e+07,66139000.0
11/24/2006 07:00,11,24,5,7,0,1.99167,92,0,4.19713e+07,3.90653e+06,4.06902e+08,6.16502e+07,41971300.0
11/24/2006 08:00,11,24,5,8,0,2.55,87.9167,0,6.95909e+06,8.51045e+06,4.43049e+08,2.88861e+07,6959090.0
11/24/2006 09:00,11,24,5,9,0,3.73333,89.6667,0,1.60425e+06,9.45324e+06,4.25221e+08,2.42029e+07,1604250.0
11/24/2006 10:00,11,24,5,10,0,5.39167,86.5833,0,218446,1.0723e+07,4.36082e+08,2.36154e+07,218446.0
11/24/2006 11:00,11,24,5,11,0,7.73333,73.8333,0,0,1.24356e+07,4.55044e+08,2.38384e+07,0.0
11/24/2006 12:00,11,24,5,12,0,9.89167,61,0,0,1.23702e+07,4.35924e+08,2.45036e+07,0.0
11/24/2006 13:00,11,24,5,13,0,11.8833,50.75,0,0,1.23698e+07,4.35176e+08,2.61636e+07,0.0
11/24/2006 14:00,11,24,5,14,0,13.4417,45.25,0,0,1.04246e+07,4.31244e+08,2.91611e+07,0.0
11/24/2006 15:00,11,24,5,15,0,13.9,44,0,0,1.82003e+07,4.93537e+08,2.80466e+07,0.0
11/24/2006 16:00,11,24,5,16,0,13.9,44,0,0,1.34552e+07,4.72971e+08,2.1257e+07,0.0
11/24/2006 17:00,11,24,5,17,0,12.2667,52.75,0,0,1.33065e+07,4.89036e+08,2.04122e+07,0.0
11/24/2006 18:00,11,24,5,18,0,11.45,56.0833,0,0,1.31744e+07,5.13493e+08,2.14837e+07,0.0
11/24/2006 19:00,11,24,5,19,0,10.3583,65.6667,0,0,1.3062e+07,5.14705e+08,2.25981e+07,0.0
11/24/2006 20:00,11,24,5,20,0,8.11667,81,0,0,1.28415e+07,5.14746e+08,2.36068e+07,0.0
11/24/2006 21:00,11,24,5,21,0,6.90833,91.8333,0,13413.6,9.97167e+06,4.39383e+08,2.18716e+07,13413.6
11/24/2006 22:00,11,24,5,22,0,6.35,96.5833,0,2.35055e+06,2.51473e+06,2.72452e+08,1.98251e+07,2350550.0
11/24/2006 23:00,11,24,5,23,0,6.1,90.5833,0,7.17377e+06,3.71096e+06,2.12087e+08,2.10807e+07,7173770.0
11/25/2006 00:00,11,25,6,0,0,5.80833,91.8333,0,1.49903e+07,2.47872e+06,1.97714e+08,2.82445e+07,14990300.0
11/25/2006 01:00,11,25,6,1,0,4.60833,94.25,0,0,0,9.25883e+07,1.54072e+06,0.0
11/25/2006 02:00,11,25,6,2,0,4.54167,90.6667,0,0,0,8.55261e+07,0,0.0
11/25/2006 03:00,11,25,6,3,0,4.35833,93.0833,0,0,0,8.73601e+07,1.54077e+06,0.0
11/25/2006 04:00,11,25,6,4,0,3.25833,96,0,0,0,8.80108e+07,0,0.0
11/25/2006 05:00,11,25,6,5,0,3.44167,94.25,0,0,0,8.70477e+07,0,0.0
11/25/2006 06:00,11,25,6,6,0,3.55,95.3333,0,0,0,9.11811e+07,8.44729e+06,0.0
11/25/2006 07:00,11,25,6,7,0,3.00833,96.4167,0,1.96388e+08,0,1.38081e+08,2.06245e+08,196388000.0
11/25/2006 08:00,11,25,6,8,0,3.44167,96,0,1.55013e+08,108063,1.40965e+08,1.67503e+08,155013000.0
11/25/2006 09:00,11,25,6,9,0,4.89167,93.6667,0,3.98118e+07,0,1.70273e+08,5.30709e+07,39811800.0
11/25/2006 10:00,11,25,6,10,0,6.53333,86.1667,0,1.72705e+07,0,1.84556e+08,3.13826e+07,17270500.0
11/25/2006 11:00,11,25,6,11,0,8.19167,82.5833,0,1.36757e+07,0,1.75763e+08,2.98045e+07,13675700.0
11/25/2006 12:00,11,25,6,12,0,9.54167,79.5,0,2.12431e+07,0,1.64174e+08,3.60359e+07,21243100.0
11/25/2006 13:00,11,25,6,13,0,11.6333,69.4167,0,1.59326e+07,360325,1.46575e+08,3.18704e+07,15932600.0
11/25/2006 14:00,11,25,6,14,0,13.7333,61.6667,0,6.41656e+06,2.32881e+06,1.33648e+08,2.06626e+07,6416560.0
11/25/2006 15:00,11,25,6,15,0,14.4,61.1667,0,4.21499e+06,6.8789e+06,1.3944e+08,1.73229e+07,4214990.0
11/25/2006 16:00,11,25,6,16,0,14.4,60.8333,0,8.29996e+06,4.29592e+06,1.46073e+08,2.03583e+07,8299960.0
11/25/2006 17:00,11,25,6,17,0,14.1083,59.4167,0,1.30301e+07,1.18847e+06,1.32921e+08,2.44162e+07,13030100.0
11/25/2006 18:00,11,25,6,18,0,12.9083,64.8333,0,0,0,1.21108e+08,9.95586e+06,0.0
11/25/2006 19:00,11,25,6,19,0,11.2667,77.1667,0,0,0,1.08602e+08,9.64252e+06,0.0
11/25/2006 20:00,11,25,6,20,0,9.60833,88.8333,0,0,0,1.03175e+08,5.57838e+06,0.0
11/25/2006 21:00,11,25,6,21,0,9.54167,88.9167,0,0,0,9.41737e+07,1.54074e+06,0.0
11/25/2006 22:00,11,25,6,22,0,10,82.5,0,0,0,9.18554e+07,0,0.0
11/25/2006 23:00,11,25,6,23,0,9.65,78.25,0,0,0,9.18554e+07,1.54076e+06,0.0
11/26/2006 00:00,11,26,0,0,0,9.10833,77,0,0,0,9.18554e+07,0,0.0
11/26/2006 01:00,11,26,0,1,0,8.25833,78.1667,0,0,0,7.85527e+07,0,0.0
11/26/2006 02:00,11,26,0,2,0,8.09167,76.0833,0,0,0,7.85527e+07,1.54078e+06,0.0
11/26/2006 03:00,11,26,0,3,0,8.00833,75.1667,0,0,0,7.85527e+07,0,0.0
11/26/2006 04:00,11,26,0,4,0,7.8,76,0,0,0,7.85527e+07,0,0.0
11/26/2006 05:00,11,26,0,5,0,7.45,74.8333,0,0,0,7.85621e+07,1.17456e+07,0.0
11/26/2006 06:00,11,26,0,6,0,6.55833,71.6667,0,960646,0,8.23748e+07,8.35346e+06,960646.0
11/26/2006 07:00,11,26,0,7,0,5.45833,73.5,0,1.49652e+06,0,1.00859e+08,1.08548e+07,1496520.0
11/26/2006 08:00,11,26,0,8,0,5.35,74.25,0,1.81094e+06,0,6.30049e+07,9.38861e+06,1810940.0
11/26/2006 09:00,11,26,0,9,0,5.89167,71.25,0,0,0,5.81271e+07,8.8787e+06,0.0
11/26/2006 10:00,11,26,0,10,0,6.1,67.0833,0,0,0,5.77462e+07,8.24254e+06,0.0
11/26/2006 11:00,11,26,0,11,0,6.1,67.9167,0,0,0,5.77013e+07,9.516e+06,0.0
11/26/2006 12:00,11,26,0,12,0,6.45,67.0833,0,0,0,5.7931e+07,7.82039e+06,0.0
11/26/2006 13:00,11,26,0,13,0,6.99167,63.8333,0,0,0,5.76885e+07,9.79191e+06,0.0
11/26/2006 14:00,11,26,0,14,0,7.2,64.1667,0,0,0,5.76885e+07,1.00266e+07,0.0
11/26/2006 15:00,11,26,0,15,0,7.2,67.9167,0,0,0,5.79338e+07,9.74111e+06,0.0
11/26/2006 16:00,11,26,0,16,0,7.2,72.3333,0,0,0,5.92733e+07,9.5322e+06,0.0
11/26/2006 17:00,11,26,0,17,0,6.90833,75.1667,0,0,0,7.25969e+07,7.58797e+06,0.0
11/26/2006 18:00,11,26,0,18,0,6.7,76,0,0,0,9.99859e+07,7.49023e+06,0.0
11/26/2006 19:00,11,26,0,19,0,6.35,76,0,846131,0,9.38729e+07,8.22804e+06,846131.0
11/26/2006 20:00,11,26,0,20,0,6.1,74.25,0,2.32484e+06,0,9.48716e+07,5.97643e+06,2324840.0
11/26/2006 21:00,11,26,0,21,0,6.1,74.75,0,1.30481e+06,0,9.4533e+07,1.30481e+06,1304810.0
11/26/2006 22:00,11,26,0,22,0,5.80833,81.25,0,1.66718e+06,0,9.52024e+07,3.20793e+06,1667180.0
11/26/2006 23:00,11,26,0,23,0,5.6,85,0,1.55969e+06,0,9.45332e+07,1.55969e+06,1559690.0
11/27/2006 00:00,11,27,1,0,0,5.6,87.3333,0,2.52482e+06,0,9.52032e+07,2.52482e+06,2524820.0
11/27/2006 01:00,11,27,1,1,0,5.25,95.4167,0,4.5879e+08,0,1.66287e+08,4.75632e+08,458790000.0
11/27/2006 02:00,11,27,1,2,0,4.65,100,0,2.43439e+08,90119.4,1.50958e+08,2.53066e+08,243439000.0
11/27/2006 03:00,11,27,1,3,0,4.10833,100,0,1.30699e+06,0,1.01916e+08,4.19061e+06,1306990.0
11/27/2006 04:00,11,27,1,4,0,4.19167,91.8333,0,4.04093e+08,0,1.15502e+08,4.10972e+08,404093000.0
11/27/2006 05:00,11,27,1,5,0,3.75833,87.75,0,3.90368e+08,0,1.34711e+08,3.99024e+08,390368000.0
11/27/2006 06:00,11,27,1,6,0,3.00833,89,0,6.30168e+07,11016.4,2.15876e+08,7.64302e+07,63016800.0
11/27/2006 07:00,11,27,1,7,0,2.8,86.6667,0,2.6064e+08,618551,4.01468e+08,2.80157e+08,260640000.0
11/27/2006 08:00,11,27,1,8,0,2.8,87.3333,0,8.07847e+07,5.77573e+06,4.40374e+08,1.02783e+08,80784700.0
11/27/2006 09:00,11,27,1,9,0,3.73333,83.1667,0,3.28464e+07,7.38266e+06,4.10194e+08,5.55816e+07,32846400.0
11/27/2006 10:00,11,27,1,10,0,4.10833,79,0,1.61757e+07,8.49389e+06,4.09976e+08,3.97793e+07,16175700.0
11/27/2006 11:00,11,27,1,11,0,4.19167,75.5,0,9.45265e+06,9.02333e+06,4.10188e+08,3.421e+07,9452650.0
11/27/2006 12:00,11,27,1,12,0,5.39167,70.0833,0,1.20448e+07,9.45126e+06,4.16398e+08,3.7908e+07,12044800.0
11/27/2006 13:00,11,27,1,13,0,5.45833,60.4167,0,1.01373e+07,8.9622e+06,4.10268e+08,3.56142e+07,10137300.0
11/27/2006 14:00,11,27,1,14,0,4.65,55,0,1.46117e+07,5.85163e+06,3.94659e+08,4.40695e+07,14611700.0
11/27/2006 15:00,11,27,1,15,0,4.4,53.8333,0,6.95952e+06,8.71631e+06,4.09498e+08,3.55526e+07,6959520.0
11/27/2006 16:00,11,27,1,16,0,4.4,51.8333,0,6.44391e+06,9.53277e+06,4.20877e+08,2.79198e+07,6443910.0
11/27/2006 17:00,11,27,1,17,0,4.10833,50.4167,0,1.09928e+07,9.7315e+06,4.61188e+08,3.15185e+07,10992800.0
11/27/2006 18:00,11,27,1,18,0,3.55,49.4167,0,1.89925e+07,9.73902e+06,4.90158e+08,4.05778e+07,18992500.0
11/27/2006 19:00,11,27,1,19,0,3.00833,47.25,0,2.40129e+07,9.70834e+06,4.92738e+08,4.67109e+07,24012900.0
11/27/2006 20:00,11,27,1,20,0,2.15833,48.3333,0,2.50585e+07,9.66535e+06,4.9562e+08,4.8764e+07,25058500.0
11/27/2006 21:00,11,27,1,21,0,1.35,51.1667,0,4.37371e+07,6.92321e+06,4.28017e+08,6.58621e+07,43737100.0
11/27/2006 22:00,11,27,1,22,0,0.808333,52,0,1.47255e+08,450092,2.69654e+08,1.63925e+08,147255000.0
11/27/2006 23:00,11,27,1,23,0,0.25,53.1667,0,2.11442e+08,2.65914e+06,2.22668e+08,2.26455e+08,211442000.0
11/28/2006 00:00,11,28,2,0,0,-0.35,57.5,0,1.92731e+08,144189,1.94213e+08,2.06139e+08,192731000.0
11/28/2006 01:00,11,28,2,1,0,-0.891667,61.1667,0,2.36163e+08,0,1.64825e+08,2.48048e+08,236163000.0
11/28/2006 02:00,11,28,2,2,0,-1.1,62,0,1.94348e+08,0,1.45958e+08,2.04263e+08,194348000.0
11/28/2006 03:00,11,28,2,3,0,-1.45,63.75,0,0,0,1.07827e+08,3.80656e+06,0.0
11/28/2006 04:00,11,28,2,4,0,-1.99167,65,0,3.09809e+08,0,1.13625e+08,3.16481e+08,309809000.0
11/28/2006 05:00,11,28,2,5,0,-2.2,66.75,0,3.548e+08,0,1.34515e+08,3.64477e+08,354800000.0
11/28/2006 06:00,11,28,2,6,0,-1.90833,66.25,0,5.28027e+08,24088.9,2.16755e+08,5.41684e+08,528027000.0
11/28/2006 07:00,11,28,2,7,0,-1.7,65,0,1.4664e+08,2.47861e+06,4.04302e+08,1.65699e+08,146640000.0
11/28/2006 08:00,11,28,2,8,0,-1.35,63.25,0,6.24349e+07,6.72449e+06,4.39045e+08,8.45124e+07,62434900.0
11/28/2006 09:00,11,28,2,9,0,-0.458333,60.8333,0,1.45006e+07,7.46171e+06,4.1472e+08,3.71743e+07,14500600.0
11/28/2006 10:00,11,28,2,10,0,0.35,58.25,0,5.94534e+06,8.42103e+06,4.19926e+08,2.92644e+07,5945340.0
11/28/2006 11:00,11,28,2,11,0,1.88333,55.25,0,3.93558e+06,9.33145e+06,4.23338e+08,2.79561e+07,3935580.0
11/28/2006 12:00,11,28,2,12,0,3.09167,54.5833,0,1.81203e+06,9.91196e+06,4.26067e+08,2.66067e+07,1812030.0
11/28/2006 13:00,11,28,2,13,0,3.65,50.3333,0,645156,9.69205e+06,4.21732e+08,2.85548e+07,645156.0
11/28/2006 14:00,11,28,2,14,0,4.19167,43.5,0,532483,6.9317e+06,4.04411e+08,3.00297e+07,532483.0
11/28/2006 15:00,11,28,2,15,0,4.4,40.4167,0,0,9.72439e+06,4.34289e+08,2.71127e+07,0.0
11/28/2006 16:00,11,28,2,16,0,4.10833,40.5833,0,497990,1.05412e+07,4.38783e+08,2.20193e+07,497990.0
11/28/2006 17:00,11,28,2,17,0,3.25833,41.5833,0,1.21801e+06,1.04783e+07,4.66231e+08,2.1787e+07,1218010.0
11/28/2006 18:00,11,28,2,18,0,2.45,43.1667,0,3.67431e+06,1.02696e+07,4.9606e+08,2.52582e+07,3674310.0
11/28/2006 19:00,11,28,2,19,0,1.90833,45.1667,0,2.74353e+06,1.01699e+07,4.98231e+08,2.56442e+07,2743530.0
11/28/2006 20:00,11,28,2,20,0,1.35,48.3333,0,5.0093e+06,1.01647e+07,5.006e+08,2.94043e+07,5009300.0
11/28/2006 21:00,11,28,2,21,0,1.1,50,0,1.25756e+07,7.52072e+06,4.31407e+08,3.50555e+07,12575600.0
11/28/2006 22:00,11,28,2,22,0,0.808333,51.1667,0,3.52341e+07,876042,2.6997e+08,5.22481e+07,35234100.0
11/28/2006 23:00,11,28,2,23,0,0.6,50.25,0,9.73242e+07,2.23029e+06,2.12839e+08,1.11837e+08,97324200.0
11/29/2006 00:00,11,29,3,0,0,-0.391667,56.5833,0,1.2475e+08,2.43301e+06,2.11228e+08,1.38032e+08,124750000.0
11/29/2006 01:00,11,29,3,1,0,-1.1,62,0,1.93534e+08,493474,1.67335e+08,2.06494e+08,193534000.0
11/29/2006 02:00,11,29,3,2,0,-1.1,64.3333,0,1.40643e+08,0,1.48646e+08,1.50512e+08,140643000.0
11/29/2006 03:00,11,29,3,3,0,-1.45,65.4167,0,0,0,1.10283e+08,3.44627e+06,0.0
11/29/2006 04:00,11,29,3,4,0,-1.7,65,0,2.37499e+08,0,1.09908e+08,2.43678e+08,237499000.0
11/29/2006 05:00,11,29,3,5,0,-1.99167,69.0833,0,2.72086e+08,0,1.3409e+08,2.80663e+08,272086000.0
11/29/2006 06:00,11,29,3,6,0,-2.2,69.6667,0,4.71563e+08,23924.4,2.16554e+08,4.85309e+08,471563000.0
11/29/2006 07:00,11,29,3,7,0,-2.2,70.3333,0,1.21568e+08,2.56434e+06,4.05048e+08,1.40865e+08,121568000.0
11/29/2006 08:00,11,29,3,8,0,-1.55833,72,0,6.59931e+07,6.8009e+06,4.475e+08,8.81384e+07,65993100.0
11/29/2006 09:00,11,29,3,9,0,-0.108333,68.5,0,5.08111e+07,7.64465e+06,4.27832e+08,7.35334e+07,50811100.0
11/29/2006 10:00,11,29,3,10,0,1.88333,61.9167,0,3.95679e+07,8.6188e+06,4.17078e+08,6.29444e+07,39567900.0
11/29/2006 11:00,11,29,3,11,0,2.8,59,0,2.36228e+07,9.18539e+06,4.128e+08,4.77276e+07,23622800.0
11/29/2006 12:00,11,29,3,12,0,3.09167,56.6667,0,2.17188e+07,9.51832e+06,4.1617e+08,4.78608e+07,21718800.0
11/29/2006 13:00,11,29,3,13,0,3.94167,56.75,0,2.44246e+07,9.38103e+06,4.14593e+08,5.10603e+07,24424600.0
11/29/2006 14:00,11,29,3,14,0,5.1,56.8333,0,3.17226e+07,7.8324e+06,4.14437e+08,6.12419e+07,31722600.0
11/29/2006 15:00,11,29,3,15,0,6.24167,56.5833,0,1.3274e+07,9.75841e+06,4.16377e+08,4.19282e+07,13274000.0
11/29/2006 16:00,11,29,3,16,0,6.99167,57,0,4.22777e+06,1.08353e+07,4.24783e+08,2.57388e+07,4227770.0
11/29/2006 17:00,11,29,3,17,0,7.84167,53.5,0,4.68394e+06,1.13198e+07,4.63429e+08,2.53161e+07,4683940.0
11/29/2006 18:00,11,29,3,18,0,8.3,52.1667,0,8.38578e+06,1.15452e+07,4.9481e+08,3.00709e+07,8385780.0
11/29/2006 19:00,11,29,3,19,0,8.3,51.8333,0,7.98112e+06,1.16151e+07,4.97388e+08,3.08295e+07,7981120.0
11/29/2006 20:00,11,29,3,20,0,8.3,51,0,6.75745e+06,1.17347e+07,5.00334e+08,3.05232e+07,6757450.0
11/29/2006 21:00,11,29,3,21,0,8.3,51,0,2.24816e+07,9.17747e+06,4.32303e+08,4.48188e+07,22481600.0
11/29/2006 22:00,11,29,3,22,0,8.3,49.25,0,8.31232e+07,2.26169e+06,2.71629e+08,9.90927e+07,83123200.0
11/29/2006 23:00,11,29,3,23,0,8.3,46.8333,0,1.25806e+08,2.10882e+06,2.12544e+08,1.4182e+08,125806000.0
11/30/2006 00:00,11,30,4,0,0,8.00833,48.3333,0,1.11077e+08,1.64366e+06,1.95784e+08,1.24581e+08,111077000.0
11/30/2006 01:00,11,30,4,1,0,7.15833,58.75,0,1.42118e+08,0,1.64709e+08,1.53839e+08,142118000.0
11/30/2006 02:00,11,30,4,2,0,6.7,69.6667,0,1.19881e+08,0,1.47527e+08,1.29443e+08,119881000.0
11/30/2006 03:00,11,30,4,3,0,6.35,74.75,0,0,0,1.09133e+08,3.43835e+06,0.0
11/30/2006 04:00,11,30,4,4,0,5.80833,79.5,0,2.02905e+08,0,1.11199e+08,2.08979e+08,202905000.0
11/30/2006 05:00,11,30,4,5,0,6.24167,72.0833,0,2.56642e+08,0,1.34314e+08,2.6637e+08,256642000.0
11/30/2006 06:00,11,30,4,6,0,6.99167,66.75,0,0,8722.65,2.15773e+08,1.34594e+07,0.0
11/30/2006 07:00,11,30,4,7,0,7.55,66.25,0,7.98261e+07,4.95534e+06,4.08192e+08,9.95731e+07,79826100.0
11/30/2006 08:00,11,30,4,8,0,7.45,67.9167,0,1.77381e+07,9.08608e+06,4.51957e+08,3.99159e+07,17738100.0
11/30/2006 09:00,11,30,4,9,0,7.55,70.5833,0,1.02627e+07,9.99317e+06,4.37716e+08,3.31606e+07,10262700.0
11/30/2006 10:00,11,30,4,10,0,8.09167,69.25,0,4.14796e+06,1.06305e+07,4.32523e+08,2.79748e+07,4147960.0
11/30/2006 11:00,11,30,4,11,0,8.3,69.75,0,1.39845e+06,1.10272e+07,4.33615e+08,2.6387e+07,1398450.0
11/30/2006 12:00,11,30,4,12,0,8.65,71,0,858538,1.14005e+07,4.27103e+08,2.55811e+07,858538.0
11/30/2006 13:00,11,30,4,13,0,10.1833,65.1667,0,8845.05,1.15224e+07,4.18203e+08,2.60929e+07,8845.05
11/30/2006 14:00,11,30,4,14,0,12.0917,58.6667,0,0,9.21475e+06,4.03195e+08,3.00356e+07,0.0
11/30/2006 15:00,11,30,4,15,0,9.24167,82.0833,0,35274.6,1.15152e+07,4.35192e+08,2.7743e+07,35274.6
11/30/2006 16:00,11,30,4,16,0,6.99167,98.25,0,36777.3,1.19424e+07,4.37242e+08,2.15037e+07,36777.3
11/30/2006 17:00,11,30,4,17,0,7.55,81.8333,0,739183,1.29648e+07,4.78474e+08,2.14204e+07,739183.0
11/30/2006 18:00,11,30,4,18,0,7.45,70.4167,0,1.90521e+06,1.39011e+07,5.26285e+08,2.36648e+07,1905210.0
11/30/2006 19:00,11,30,4,19,0,6.90833,77,0,1.21898e+06,1.19792e+07,4.99287e+08,2.40839e+07,1218980.0
11/30/2006 20:00,11,30,4,20,0,6.35,75,0,2.78403e+06,1.26793e+07,5.13626e+08,2.66705e+07,2784030.0
11/30/2006 21:00,11,30,4,21,0,4.875,72.9167,0,2.11302e+07,8.8501e+06,4.32456e+08,4.39846e+07,21130200.0
11/30/2006 22:00,11,30,4,22,0,3.70833,66.25,0,8.39787e+07,2.17943e+06,2.83152e+08,1.01722e+08,83978700.0
11/30/2006 23:00,11,30,4,23,0,3.20833,61.1667,0,1.3583e+08,2.74117e+06,2.21862e+08,1.49777e+08,135830000.0
12/01/2006 00:00,12,1,5,0,0,2.70833,67.25,0,1.39002e+08,1.4764e+06,1.95101e+08,1.52303e+08,139002000.0
12/01/2006 01:00,12,1,5,1,0,2.26667,75.0833,0,1.87619e+08,0,1.64943e+08,2.00618e+08,187619000.0
12/01/2006 02:00,12,1,5,2,0,1.80833,75.6667,0,1.52028e+08,0,1.48135e+08,1.61933e+08,152028000.0
12/01/2006 03:00,12,1,5,3,0,1.30833,71.6667,0,0,0,1.09148e+08,3.6944e+06,0.0
12/01/2006 04:00,12,1,5,4,0,0.808333,69.4167,0,2.22591e+08,0,1.12139e+08,2.28942e+08,222591000.0
12/01/2006 05:00,12,1,5,5,0,0.891667,69.5833,0,2.38046e+08,0,1.33884e+08,2.47386e+08,238046000.0
12/01/2006 06:00,12,1,5,6,0,0.808333,73.5,0,2.36938e+08,105294,2.1618e+08,2.50749e+08,236938000.0
12/01/2006 07:00,12,1,5,7,0,0.25,73.6667,0,8.18415e+07,3.64822e+06,4.11772e+08,1.01059e+08,81841500.0
12/01/2006 08:00,12,1,5,8,0,1.28333,66.1667,0,2.32984e+07,7.77428e+06,4.44978e+08,4.55059e+07,23298400.0
12/01/2006 09:00,12,1,5,9,0,3.83333,56.75,0,2.34862e+06,8.95865e+06,4.28128e+08,2.51478e+07,2348620.0
12/01/2006 10:00,12,1,5,10,0,5.99167,52.4167,0,201845,1.05271e+07,4.43493e+08,2.36436e+07,201845.0
12/01/2006 11:00,12,1,5,11,0,7.63333,44.4167,0,146074,1.20039e+07,4.5779e+08,2.42882e+07,146074.0
12/01/2006 12:00,12,1,5,12,0,8.3,39,0,0,1.1218e+07,4.40831e+08,2.54762e+07,0.0
12/01/2006 13:00,12,1,5,13,0,8.65,39,0,0,1.09562e+07,4.35649e+08,2.74449e+07,0.0
12/01/2006 14:00,12,1,5,14,0,9.19167,37.8333,0,0,8.30852e+06,4.25922e+08,2.95767e+07,0.0
12/01/2006 15:00,12,1,5,15,0,9.4,36.4167,0,0,1.1011e+07,4.57361e+08,2.84835e+07,0.0
12/01/2006 16:00,12,1,5,16,0,9.10833,36.5833,0,0,1.18135e+07,4.61794e+08,2.15645e+07,0.0
12/01/2006 17:00,12,1,5,17,0,8.25833,38.75,0,0,1.17792e+07,4.79853e+08,2.06928e+07,0.0
12/01/2006 18:00,12,1,5,18,0,6.80833,42.9167,0,0,1.14631e+07,5.04237e+08,2.17664e+07,0.0
12/01/2006 19:00,12,1,5,19,0,6.45,52,0,0,1.14753e+07,5.05663e+08,2.3111e+07,0.0
12/01/2006 20:00,12,1,5,20,0,5.70833,61.0833,0,0,1.26193e+07,5.27409e+08,2.39782e+07,0.0
12/01/2006 21:00,12,1,5,21,0,4.35833,71,0,276806,8.69919e+06,4.36881e+08,2.27292e+07,276806.0
12/01/2006 22:00,12,1,5,22,0,3.55,75.4167,0,1.41311e+07,2.28687e+06,2.83126e+08,3.01035e+07,14131100.0
12/01/2006 23:00,12,1,5,23,0,3.00833,75,0,4.87324e+07,3.39518e+06,2.32821e+08,6.48516e+07,48732400.0
12/02/2006 00:00,12,2,6,0,0,2.45,76.75,0,6.2792e+07,2.20061e+06,1.97472e+08,7.61054e+07,62792000.0
12/02/2006 01:00,12,2,6,1,0,2.2,78,0,0,0,9.05476e+07,0,0.0
12/02/2006 02:00,12,2,6,2,0,2.2,79.75,0,0,0,8.62798e+07,0,0.0
12/02/2006 03:00,12,2,6,3,0,1.90833,82.75,0,0,0,8.80711e+07,1.54078e+06,0.0
12/02/2006 04:00,12,2,6,4,0,1.05833,88.0833,0,0,0,8.68653e+07,0,0.0
12/02/2006 05:00,12,2,6,5,0,0.891667,89.25,0,0,0,8.58183e+07,0,0.0
12/02/2006 06:00,12,2,6,6,0,1.45,85.6667,0,3.6303e+08,0,1.10196e+08,3.71903e+08,363030000.0
12/02/2006 07:00,12,2,6,7,0,1.7,84,0,2.49423e+08,0,1.39615e+08,2.59279e+08,249423000.0
12/02/2006 08:00,12,2,6,8,0,1.99167,84.5833,0,1.90838e+08,89933.1,1.44681e+08,2.03355e+08,190838000.0
12/02/2006 09:00,12,2,6,9,0,3.48333,81.5,0,9.48595e+07,0,1.71463e+08,1.0818e+08,94859500.0
12/02/2006 10:00,12,2,6,10,0,6.03333,72.5833,0,5.72926e+07,0,1.84889e+08,7.14881e+07,57292600.0
12/02/2006 11:00,12,2,6,11,0,8.48333,63.9167,0,4.6817e+07,0,1.77464e+08,6.33066e+07,46817000.0
12/02/2006 12:00,12,2,6,12,0,10.7417,52.25,0,4.45016e+07,0,1.65509e+08,5.91251e+07,44501600.0
12/02/2006 13:00,12,2,6,13,0,11.7,49.5,0,3.59756e+07,48762.6,1.4695e+08,5.252e+07,35975600.0
12/02/2006 14:00,12,2,6,14,0,12.9833,45,0,2.29872e+07,620643,1.2325e+08,3.68153e+07,22987200.0
12/02/2006 15:00,12,2,6,15,0,14.1917,40,0,1.66429e+07,3.30648e+06,1.34628e+08,2.98075e+07,16642900.0
12/02/2006 16:00,12,2,6,16,0,14.1083,38.25,0,3.07428e+07,2.37208e+06,1.35792e+08,4.36121e+07,30742800.0
12/02/2006 17:00,12,2,6,17,0,11.625,52.1667,0,5.2104e+07,0,1.15701e+08,6.36132e+07,52104000.0
12/02/2006 18:00,12,2,6,18,0,9.35833,64.75,0,0,0,1.20876e+08,1.04186e+07,0.0
12/02/2006 19:00,12,2,6,19,0,8.9,63.0833,0,0,0,1.00426e+08,8.4557e+06,0.0
12/02/2006 20:00,12,2,6,20,0,8.25833,63.3333,0,0,0,9.78697e+07,7.42302e+06,0.0
12/02/2006 21:00,12,2,6,21,0,7.45,67.9167,0,0,0,9.18554e+07,0,0.0
12/02/2006 22:00,12,2,6,22,0,7.55,64.1667,0,0,0,9.18554e+07,0,0.0
12/02/2006 23:00,12,2,6,23,0,6.80833,69.3333,0,0,0,9.18554e+07,1.54054e+06,0.0
12/03/2006 00:00,12,3,0,0,0,6.1,74.25,0,0,0,9.18554e+07,0,0.0
12/03/2006 01:00,12,3,0,1,0,5.80833,73,0,0,0,7.85527e+07,0,0.0
12/03/2006 02:00,12,3,0,2,0,4.60833,78.25,0,0,0,7.85527e+07,1.54074e+06,0.0
12/03/2006 03:00,12,3,0,3,0,3.55,83.75,0,205502,0,7.9222e+07,205502,205502.0
12/03/2006 04:00,12,3,0,4,0,3.3,87.3333,0,1.34342e+06,0,8.15649e+07,1.34342e+06,1343420.0
12/03/2006 05:00,12,3,0,5,0,2.65833,89,0,1.80551e+06,0,8.12401e+07,1.42777e+07,1805510.0
12/03/2006 06:00,12,3,0,6,0,2.2,90.75,0,2.11549e+06,0,8.3714e+07,9.51786e+06,2115490.0
12/03/2006 07:00,12,3,0,7,0,2.55,90.25,0,1.9726e+06,0,1.0086e+08,9.45685e+06,1972600.0
12/03/2006 08:00,12,3,0,8,0,3.09167,86.6667,0,1.93787e+06,0,6.88929e+07,1.14142e+07,1937870.0
12/03/2006 09:00,12,3,0,9,0,4.29167,85.5833,0,0,0,5.83175e+07,7.6218e+06,0.0
12/03/2006 10:00,12,3,0,10,0,5.64167,81.9167,0,0,0,5.77947e+07,9.51688e+06,0.0
12/03/2006 11:00,12,3,0,11,0,6.74167,77.25,0,0,0,6.93096e+07,7.67593e+06,0.0
12/03/2006 12:00,12,3,0,12,0,8.48333,66.0833,0,0,0,7.08997e+07,9.70582e+06,0.0
12/03/2006 13:00,12,3,0,13,0,10.1,57.25,0,0,0,6.86262e+07,9.82275e+06,0.0
12/03/2006 14:00,12,3,0,14,0,11.2417,51.3333,0,0,0,6.90585e+07,1.00433e+07,0.0
12/03/2006 15:00,12,3,0,15,0,11.0583,55.5833,0,0,0,6.53566e+07,9.75917e+06,0.0
12/03/2006 16:00,12,3,0,16,0,11.2417,54.5833,0,0,0,5.91085e+07,8.46197e+06,0.0
12/03/2006 17:00,12,3,0,17,0,10.7083,56.4167,0,0,0,7.26583e+07,8.66692e+06,0.0
12/03/2006 18:00,12,3,0,18,0,10,59.25,0,0,0,9.99859e+07,7.49108e+06,0.0
12/03/2006 19:00,12,3,0,19,0,9.35833,65.5833,0,0,0,9.18648e+07,7.38066e+06,0.0
12/03/2006 20:00,12,3,0,20,0,9.89167,63.4167,0,0,0,9.18585e+07,3.54911e+06,0.0
12/03/2006 21:00,12,3,0,21,0,9.60833,66.75,0,0,0,9.18554e+07,0,0.0
12/03/2006 22:00,12,3,0,22,0,8.9,71.8333,0,0,0,9.18554e+07,0,0.0
12/03/2006 23:00,12,3,0,23,0,8.55,72.75,0,0,0,9.18554e+07,1.54075e+06,0.0
12/04/2006 00:00,12,4,1,0,0,8.3,75.1667,0,0,0,9.18554e+07,0,0.0
12/04/2006 01:00,12,4,1,1,0,8.3,76,0,3.72946e+08,0,1.65941e+08,3.89841e+08,372946000.0
12/04/2006 02:00,12,4,1,2,0,8.3,74.8333,0,1.7891e+08,0,1.4846e+08,1.88725e+08,178910000.0
12/04/2006 03:00,12,4,1,3,0,8.3,74,0,0,0,9.9572e+07,2.66738e+06,0.0
12/04/2006 04:00,12,4,1,4,0,8.00833,75.1667,0,2.64164e+08,0,1.10142e+08,2.71589e+08,264164000.0
12/04/2006 05:00,12,4,1,5,0,7.45,79.5,0,2.85447e+08,0,1.34053e+08,2.93715e+08,285447000.0
12/04/2006 06:00,12,4,1,6,0,7.2,82,0,0,0,2.15764e+08,1.40358e+07,0.0
12/04/2006 07:00,12,4,1,7,0,7.55,78.5,0,9.25611e+07,1.44825e+06,4.01653e+08,1.12094e+08,92561100.0
12/04/2006 08:00,12,4,1,8,0,7.8,79.5,0,1.43641e+07,6.7348e+06,4.43848e+08,3.67106e+07,14364100.0
12/04/2006 09:00,12,4,1,9,0,8.44167,79.0833,0,6.13527e+06,8.73457e+06,4.28024e+08,2.90523e+07,6135270.0
12/04/2006 10:00,12,4,1,10,0,9.89167,73.5,0,941018,9.94141e+06,4.1375e+08,2.45186e+07,941018.0
12/04/2006 11:00,12,4,1,11,0,11.2417,71,0,0,1.07955e+07,4.11249e+08,2.46204e+07,0.0
12/04/2006 12:00,12,4,1,12,0,12.6333,69.8333,0,0,1.15023e+07,4.14807e+08,2.65627e+07,0.0
12/04/2006 13:00,12,4,1,13,0,13.65,71.9167,0,0,1.1495e+07,4.13595e+08,2.62359e+07,0.0
12/04/2006 14:00,12,4,1,14,0,14.5417,75.75,0,0,1.19508e+07,4.34423e+08,2.9656e+07,0.0
12/04/2006 15:00,12,4,1,15,0,15,79.3333,0,0,1.61139e+07,4.61228e+08,2.88006e+07,0.0
12/04/2006 16:00,12,4,1,16,0,14.3583,82.1667,0,0,1.56113e+07,4.75831e+08,2.16761e+07,0.0
12/04/2006 17:00,12,4,1,17,0,13.9,85.3333,0,0,1.35288e+07,4.70444e+08,2.08243e+07,0.0
12/04/2006 18:00,12,4,1,18,0,13.55,90.5,0,0,1.37567e+07,4.98555e+08,2.18917e+07,0.0
12/04/2006 19:00,12,4,1,19,0,13.0083,94.75,0,0,1.38833e+07,5.01405e+08,2.29951e+07,0.0
12/04/2006 20:00,12,4,1,20,0,12.8,98.3333,0,0,1.40895e+07,5.04803e+08,2.39964e+07,0.0
12/04/2006 21:00,12,4,1,21,0,12.8,97.6667,0,85958.3,1.13247e+07,4.34825e+08,2.24428e+07,85958.3
12/04/2006 22:00,12,4,1,22,0,12.1583,98.3333,0,6.57618e+06,3.35682e+06,2.71691e+08,2.44392e+07,6576180.0
12/04/2006 23:00,12,4,1,23,0,12.3417,100,0,1.25824e+07,2.85457e+06,2.05816e+08,2.66321e+07,12582400.0
12/05/2006 00:00,12,5,2,0,0,13.0917,100,0,1.22254e+07,2.02159e+06,1.91452e+08,2.59204e+07,12225400.0
12/05/2006 01:00,12,5,2,1,0,13.3,100,0,2.28704e+07,0,1.58431e+08,3.55545e+07,22870400.0
12/05/2006 02:00,12,5,2,2,0,13.3,100,0,3.31779e+07,0,1.46015e+08,4.31125e+07,33177900.0
12/05/2006 03:00,12,5,2,3,0,13.65,100,0,0,0,1.09432e+08,3.80895e+06,0.0
12/05/2006 04:00,12,5,2,4,0,13.9,100,0,7.2933e+07,996244,1.29188e+08,7.86299e+07,72933000.0
12/05/2006 05:00,12,5,2,5,0,14.1917,100,0,4.12605e+07,1.2429e+06,1.43668e+08,5.10496e+07,41260500.0
12/05/2006 06:00,12,5,2,6,0,14.75,100,0,0,4.54114e+06,2.54231e+08,1.35013e+07,0.0
12/05/2006 07:00,12,5,2,7,0,14.65,100,0,1.20061e+07,1.3333e+07,4.50146e+08,3.18879e+07,12006100.0
12/05/2006 08:00,12,5,2,8,0,14.75,100,0,0,1.81463e+07,4.96182e+08,2.24067e+07,0.0
12/05/2006 09:00,12,5,2,9,0,15.35,100,0,0,3.7104e+07,5.0866e+08,2.3157e+07,0.0
12/05/2006 10:00,12,5,2,10,0,16.2417,100,0,0,9.42062e+07,5.609e+08,2.41231e+07,0.0
12/05/2006 11:00,12,5,2,11,0,16.0583,100,0,0,8.8553e+07,5.4972e+08,2.51062e+07,0.0
12/05/2006 12:00,12,5,2,12,0,16.2417,100,0,0,1.03012e+08,5.58449e+08,2.4907e+07,0.0
12/05/2006 13:00,12,5,2,13,0,17.6333,98.25,0,0,1.56859e+08,6.1984e+08,2.6976e+07,0.0
12/05/2006 14:00,12,5,2,14,0,19.2917,91.1667,0,0,1.59407e+08,6.0132e+08,3.08044e+07,0.0
12/05/2006 15:00,12,5,2,15,0,20.9917,82.3333,0,0,1.84581e+08,6.51746e+08,2.7262e+07,0.0
12/05/2006 16:00,12,5,2,16,0,20.0667,83.6667,0,0,1.72164e+08,6.55328e+08,2.18309e+07,0.0
12/05/2006 17:00,12,5,2,17,0,18.2583,88.75,0,0,1.57588e+08,6.72396e+08,2.08145e+07,0.0
12/05/2006 18:00,12,5,2,18,0,18.4417,88.25,0,0,1.57788e+08,7.00643e+08,2.18898e+07,0.0
12/05/2006 19:00,12,5,2,19,0,19.1917,85.25,0,0,1.59375e+08,7.05887e+08,2.32686e+07,0.0
12/05/2006 20:00,12,5,2,20,0,19.1083,80.5,0,0,1.54094e+08,7.02246e+08,2.48543e+07,0.0
12/05/2006 21:00,12,5,2,21,0,18.55,76.8333,0,0,1.0125e+08,5.715e+08,2.27831e+07,0.0
12/05/2006 22:00,12,5,2,22,0,17.3667,78.3333,0,0,4.43657e+07,3.46603e+08,1.70516e+07,0.0
12/05/2006 23:00,12,5,2,23,0,15.7083,81.75,0,226971,1.34934e+07,2.44053e+08,1.4908e+07,226971.0
12/06/2006 00:00,12,6,3,0,0,15.6417,80.0833,0,465621,1.2347e+07,2.28062e+08,1.3808e+07,465621.0
12/06/2006 01:00,12,6,3,1,0,16.7417,74.5,0,816968,2.20113e+07,2.15227e+08,1.38312e+07,816968.0
12/06/2006 02:00,12,6,3,2,0,15.275,78.4167,0,1.92536e+06,3.96744e+06,1.65121e+08,1.18254e+07,1925360.0
12/06/2006 03:00,12,6,3,3,0,14.1917,83.5833,0,0,0,1.116e+08,3.47631e+06,0.0
12/06/2006 04:00,12,6,3,4,0,14.4,84,0,7.55607e+06,0,1.03829e+08,1.29424e+07,7556070.0
12/06/2006 05:00,12,6,3,5,0,13.1167,89.25,0,1.23108e+07,0,1.24651e+08,2.21273e+07,12310800.0
12/06/2006 06:00,12,6,3,6,0,11.9083,93,0,0,0,2.15764e+08,1.35081e+07,0.0
12/06/2006 07:00,12,6,3,7,0,12.3417,93,0,4.09936e+06,8.13962e+06,4.12848e+08,2.40689e+07,4099360.0
12/06/2006 08:00,12,6,3,8,0,12.45,95.3333,0,0,1.23752e+07,4.54809e+08,2.24679e+07,0.0
12/06/2006 09:00,12,6,3,9,0,13.4833,91.1667,0,0,1.42795e+07,4.46009e+08,2.32138e+07,0.0
12/06/2006 10:00,12,6,3,10,0,14.75,84.6667,0,0,1.87304e+07,4.77031e+08,2.41981e+07,0.0
12/06/2006 11:00,12,6,3,11,0,16.2833,78.3333,0,0,5.8865e+07,5.23423e+08,2.46492e+07,0.0
12/06/2006 12:00,12,6,3,12,0,17.2,73.25,0,0,9.28364e+07,5.69609e+08,2.49506e+07,0.0
12/06/2006 13:00,12,6,3,13,0,17.2,72,0,0,8.90957e+07,5.60799e+08,2.76969e+07,0.0
12/06/2006 14:00,12,6,3,14,0,16.9083,73.75,0,0,5.9811e+07,5.03456e+08,3.02304e+07,0.0
12/06/2006 15:00,12,6,3,15,0,16.7,75,0,0,6.63234e+07,5.40337e+08,2.79494e+07,0.0
12/06/2006 16:00,12,6,3,16,0,16.35,75,0,0,6.05205e+07,5.51119e+08,2.18055e+07,0.0
12/06/2006 17:00,12,6,3,17,0,15.8083,75,0,0,4.57107e+07,5.56241e+08,2.08602e+07,0.0
12/06/2006 18:00,12,6,3,18,0,14.6083,79.6667,0,0,2.06217e+07,5.4992e+08,2.19547e+07,0.0
12/06/2006 19:00,12,6,3,19,0,14.5417,81.8333,0,0,1.86009e+07,5.55534e+08,2.33482e+07,0.0
12/06/2006 20:00,12,6,3,20,0,13.7167,83.9167,0,0,1.58493e+07,5.32155e+08,2.48645e+07,0.0
12/06/2006 21:00,12,6,3,21,0,12.45,90.0833,0,0,1.18426e+07,4.4293e+08,2.27351e+07,0.0
12/06/2006 22:00,12,6,3,22,0,11.9083,94.75,0,30983,3.94408e+06,2.7407e+08,1.62897e+07,30983.0
12/06/2006 23:00,12,6,3,23,0,11.35,96.5833,0,1.4632e+06,2.6202e+06,2.09993e+08,1.69495e+07,1463200.0
12/07/2006 00:00,12,7,4,0,0,10.8083,98.75,0,3.38853e+06,2.57599e+06,1.95188e+08,1.67426e+07,3388530.0
12/07/2006 01:00,12,7,4,1,0,10.6,97.6667,0,1.1789e+07,1.69432e+06,1.64582e+08,2.4804e+07,11789000.0
12/07/2006 02:00,12,7,4,2,0,10.25,98.3333,0,1.33777e+07,0,1.44186e+08,2.3269e+07,13377700.0
12/07/2006 03:00,12,7,4,3,0,10,97.6667,0,0,0,1.11277e+08,3.44265e+06,0.0
12/07/2006 04:00,12,7,4,4,0,10,98.3333,0,4.63686e+07,0,1.09262e+08,5.1846e+07,46368600.0
12/07/2006 05:00,12,7,4,5,0,9.35833,100,0,6.85137e+07,0,1.33382e+08,7.82996e+07,68513700.0
12/07/2006 06:00,12,7,4,6,0,9.19167,98.25,0,0,0,2.15764e+08,1.35262e+07,0.0
12/07/2006 07:00,12,7,4,7,0,9.4,97,0,2.47115e+07,6.87156e+06,4.11131e+08,4.47926e+07,24711500.0
12/07/2006 08:00,12,7,4,8,0,10.3917,92.3333,0,42279,1.13492e+07,4.48828e+08,2.25804e+07,42279.0
12/07/2006 09:00,12,7,4,9,0,11.45,89,0,0,1.24505e+07,4.24089e+08,2.32745e+07,0.0
12/07/2006 10:00,12,7,4,10,0,12.9833,83.75,0,0,1.33822e+07,4.30291e+08,2.38996e+07,0.0
12/07/2006 11:00,12,7,4,11,0,14.5417,77.0833,0,0,1.76219e+07,4.69361e+08,2.43353e+07,0.0
12/07/2006 12:00,12,7,4,12,0,15.6417,73.25,0,0,4.12443e+07,5.06729e+08,2.49988e+07,0.0
12/07/2006 13:00,12,7,4,13,0,16.7417,70.8333,0,0,7.30125e+07,5.42321e+08,2.82851e+07,0.0
12/07/2006 14:00,12,7,4,14,0,17.8417,67.0833,0,0,9.84116e+07,5.5443e+08,2.97455e+07,0.0
12/07/2006 15:00,12,7,4,15,0,18.9417,61.5,0,0,1.51083e+08,6.43228e+08,2.88872e+07,0.0
12/07/2006 16:00,12,7,4,16,0,19.75,55.5,0,0,1.56608e+08,6.51731e+08,2.18131e+07,0.0
12/07/2006 17:00,12,7,4,17,0,20,53,0,0,1.56625e+08,6.79993e+08,2.09215e+07,0.0
12/07/2006 18:00,12,7,4,18,0,19.3583,56.5,0,0,1.4765e+08,6.95605e+08,2.20313e+07,0.0
12/07/2006 19:00,12,7,4,19,0,18.9,57.25,0,0,1.34856e+08,6.8331e+08,2.3171e+07,0.0
12/07/2006 20:00,12,7,4,20,0,19.1917,53.6667,0,0,1.43617e+08,6.95542e+08,2.40651e+07,0.0
12/07/2006 21:00,12,7,4,21,0,17.825,52.5833,0,0,8.95388e+07,5.61404e+08,2.2565e+07,0.0
12/07/2006 22:00,12,7,4,22,0,15.3583,51.8333,0,0,1.26615e+07,3.11503e+08,1.65417e+07,0.0
12/07/2006 23:00,12,7,4,23,0,12.825,52.75,0,3.59269e+06,2.55538e+06,2.10339e+08,1.96364e+07,3592690.0
12/08/2006 00:00,12,8,5,0,0,10.0667,58.0833,0,1.70866e+07,3.63526e+06,1.96637e+08,3.07712e+07,17086600.0
12/08/2006 01:00,12,8,5,1,0,8.25833,60.4167,0,6.10635e+07,2.04869e+06,1.69718e+08,7.3246e+07,61063500.0
12/08/2006 02:00,12,8,5,2,0,7.15833,56.5,0,7.59209e+07,0,1.4798e+08,8.58056e+07,75920900.0
12/08/2006 03:00,12,8,5,3,0,6.35,54,0,0,0,1.10561e+08,2.69741e+06,0.0
12/08/2006 04:00,12,8,5,4,0,5.45833,53.4167,0,1.83399e+08,0,1.08899e+08,1.90314e+08,183399000.0
12/08/2006 05:00,12,8,5,5,0,4.65,51.8333,0,2.6029e+08,0,1.34782e+08,2.70075e+08,260290000.0
12/08/2006 06:00,12,8,5,6,0,4.10833,51.5833,0,0,12591.2,2.15777e+08,1.35502e+07,0.0
12/08/2006 07:00,12,8,5,7,0,3.25833,50.25,0,9.46924e+07,3.93701e+06,4.08102e+08,1.14851e+08,94692400.0
12/08/2006 08:00,12,8,5,8,0,2.8,46.0833,0,2.6858e+07,8.47849e+06,4.56075e+08,4.94518e+07,26858000.0
12/08/2006 09:00,12,8,5,9,0,3.44167,44.5833,0,7.45805e+06,8.73125e+06,4.22198e+08,3.05423e+07,7458050.0
12/08/2006 10:00,12,8,5,10,0,4.19167,42.0833,0,2.73364e+06,9.5696e+06,4.25096e+08,2.64215e+07,2733640.0
12/08/2006 11:00,12,8,5,11,0,4.4,40.5833,0,228440,1.00628e+07,4.2991e+08,2.46063e+07,228440.0
12/08/2006 12:00,12,8,5,12,0,5.1,39.25,0,0,1.15729e+07,4.53053e+08,2.51747e+07,0.0
12/08/2006 13:00,12,8,5,13,0,6.24167,36.25,0,0,1.07745e+07,4.40547e+08,2.81836e+07,0.0
12/08/2006 14:00,12,8,5,14,0,6.7,33.25,0,0,7.70006e+06,4.15012e+08,2.97685e+07,0.0
12/08/2006 15:00,12,8,5,15,0,6.7,32,0,0,1.02547e+07,4.43077e+08,2.89131e+07,0.0
12/08/2006 16:00,12,8,5,16,0,6.7,32,0,0,1.10258e+07,4.395e+08,2.1903e+07,0.0
12/08/2006 17:00,12,8,5,17,0,5.70833,35.5,0,0,1.20483e+07,4.92446e+08,2.09719e+07,0.0
12/08/2006 18:00,12,8,5,18,0,4.65,41.5,0,180631,1.22682e+07,5.23656e+08,2.22011e+07,180631.0
12/08/2006 19:00,12,8,5,19,0,4.10833,43.4167,0,550969,1.07745e+07,5.01598e+08,2.36732e+07,550969.0
12/08/2006 20:00,12,8,5,20,0,3.25833,44.75,0,530050,1.06903e+07,5.04159e+08,2.46512e+07,530050.0
12/08/2006 21:00,12,8,5,21,0,3.09167,43.0833,0,4.31532e+06,8.06443e+06,4.33814e+08,2.67595e+07,4315320.0
12/08/2006 22:00,12,8,5,22,0,3.3,42.1667,0,2.62489e+07,1.85239e+06,2.7888e+08,4.37595e+07,26248900.0
12/08/2006 23:00,12,8,5,23,0,2.65833,44.75,0,6.11325e+07,2.66616e+06,2.22791e+08,7.61167e+07,61132500.0
12/09/2006 00:00,12,9,6,0,0,2.2,43.6667,0,6.57866e+07,2.13382e+06,1.96496e+08,7.96334e+07,65786600.0
12/09/2006 01:00,12,9,6,1,0,1.90833,43.1667,0,0,0,9.15334e+07,582476,0.0
12/09/2006 02:00,12,9,6,2,0,1.99167,46.3333,0,0,0,8.48412e+07,0,0.0
12/09/2006 03:00,12,9,6,3,0,1.90833,46.8333,0,0,0,8.83918e+07,1.54078e+06,0.0
12/09/2006 04:00,12,9,6,4,0,1.7,46,0,0,0,8.68391e+07,0,0.0
12/09/2006 05:00,12,9,6,5,0,1.99167,44.8333,0,0,0,8.58071e+07,0,0.0
12/09/2006 06:00,12,9,6,6,0,2.2,45.1667,0,0,0,9.34994e+07,8.90492e+06,0.0
12/09/2006 07:00,12,9,6,7,0,2.2,48.9167,0,2.85564e+08,0,1.38906e+08,2.95453e+08,285564000.0
12/09/2006 08:00,12,9,6,8,0,2.55,52.75,0,2.49618e+08,100748,1.47829e+08,2.62173e+08,249618000.0
12/09/2006 09:00,12,9,6,9,0,2.8,54,0,1.38127e+08,0,1.70953e+08,1.5148e+08,138127000.0
12/09/2006 10:00,12,9,6,10,0,4.43333,52.25,0,8.25333e+07,0,1.81972e+08,9.68098e+07,82533300.0
12/09/2006 11:00,12,9,6,11,0,5.25,53.3333,0,1.03584e+08,0,1.72312e+08,1.20154e+08,103584000.0
12/09/2006 12:00,12,9,6,12,0,5.64167,54.4167,0,1.25968e+08,0,1.59731e+08,1.41117e+08,125968000.0
12/09/2006 13:00,12,9,6,13,0,6.74167,51.6667,0,1.00199e+08,0,1.37067e+08,1.16431e+08,100199000.0
12/09/2006 14:00,12,9,6,14,0,6.90833,54.0833,0,1.43185e+08,0,1.16657e+08,1.57093e+08,143185000.0
12/09/2006 15:00,12,9,6,15,0,7.34167,54.6667,0,1.43407e+08,0,1.07331e+08,1.56643e+08,143407000.0
12/09/2006 16:00,12,9,6,16,0,7.8,53,0,2.00862e+08,0,1.14257e+08,2.13782e+08,200862000.0
12/09/2006 17:00,12,9,6,17,0,7.8,53,0,1.87566e+08,0,1.16421e+08,2.00392e+08,187566000.0
12/09/2006 18:00,12,9,6,18,0,7.8,54.1667,0,0,0,1.07321e+08,9.96356e+06,0.0
12/09/2006 19:00,12,9,6,19,0,7.45,66.0833,0,0,0,1.04966e+08,8.08707e+06,0.0
12/09/2006 20:00,12,9,6,20,0,6.90833,76.9167,0,0,0,9.32332e+07,7.08831e+06,0.0
12/09/2006 21:00,12,9,6,21,0,6.99167,80.75,0,0,0,9.18554e+07,0,0.0
12/09/2006 22:00,12,9,6,22,0,7.84167,80.8333,0,0,0,9.18554e+07,1.54078e+06,0.0
12/09/2006 23:00,12,9,6,23,0,8.65,78.25,0,0,0,9.18554e+07,0,0.0
12/10/2006 00:00,12,10,0,0,0,9.19167,77,0,0,0,9.18554e+07,0,0.0
12/10/2006 01:00,12,10,0,1,0,8.75833,82.25,0,0,0,7.85527e+07,1.5405e+06,0.0
12/10/2006 02:00,12,10,0,2,0,8.3,80.1667,0,0,0,7.85527e+07,0,0.0
12/10/2006 03:00,12,10,0,3,0,8.3,74.8333,0,0,0,7.85527e+07,0,0.0
12/10/2006 04:00,12,10,0,4,0,8.3,74,0,0,0,7.85527e+07,1.54074e+06,0.0
12/10/2006 05:00,12,10,0,5,0,7.65833,78.6667,0,1.34698e+06,0,8.05709e+07,1.28792e+07,1346980.0
12/10/2006 06:00,12,10,0,6,0,6.90833,86.0833,0,3.5329e+06,0,8.37161e+07,1.09381e+07,3532900.0
12/10/2006 07:00,12,10,0,7,0,6.35,89,0,2.72603e+06,0,1.00861e+08,1.02155e+07,2726030.0
12/10/2006 08:00,12,10,0,8,0,5.80833,90.75,0,4.15389e+06,360488,7.559e+07,1.36329e+07,4153890.0
12/10/2006 09:00,12,10,0,9,0,5.6,92,0,3.27326e+06,0,6.21309e+07,1.09004e+07,3273260.0
12/10/2006 10:00,12,10,0,10,0,5.6,90.25,0,3.93384e+06,0,6.19768e+07,1.34625e+07,3933840.0
12/10/2006 11:00,12,10,0,11,0,5.25,91.3333,0,3.37076e+06,0,6.08008e+07,1.12256e+07,3370760.0
12/10/2006 12:00,12,10,0,12,0,5,93,0,3.19427e+06,0,6.13734e+07,1.27333e+07,3194270.0
12/10/2006 13:00,12,10,0,13,0,5,93,0,3.01582e+06,0,6.07362e+07,1.28513e+07,3015820.0
12/10/2006 14:00,12,10,0,14,0,5,93,0,3.64711e+06,0,6.16176e+07,1.37067e+07,3647110.0
12/10/2006 15:00,12,10,0,15,0,5,94.75,0,2.95919e+06,0,6.17039e+07,1.27342e+07,2959190.0
12/10/2006 16:00,12,10,0,16,0,5,96,0,7.95155e+06,0,6.98889e+07,1.74937e+07,7951550.0
12/10/2006 17:00,12,10,0,17,0,5,96,0,1.23956e+07,0,8.4621e+07,2.00178e+07,12395600.0
12/10/2006 18:00,12,10,0,18,0,5,96,0,1.31952e+07,0,1.12619e+08,2.06978e+07,13195200.0
12/10/2006 19:00,12,10,0,19,0,5,96,0,1.61291e+07,0,1.03832e+08,2.35125e+07,16129100.0
12/10/2006 20:00,12,10,0,20,0,5,96,0,2.30911e+07,0,1.06821e+08,2.67443e+07,23091100.0
12/10/2006 21:00,12,10,0,21,0,5,96,0,1.95565e+07,0,1.03826e+08,1.95565e+07,19556500.0
12/10/2006 22:00,12,10,0,22,0,5,96,0,2.89996e+07,0,1.06824e+08,3.05403e+07,28999600.0
12/10/2006 23:00,12,10,0,23,0,5,96,0,2.60332e+07,0,1.03834e+08,2.60332e+07,26033200.0
12/11/2006 00:00,12,11,1,0,0,5,96,0,3.715e+07,0,1.06836e+08,3.715e+07,37150000.0
12/11/2006 01:00,12,11,1,1,0,5,96,0,6.30792e+08,80671.4,1.70551e+08,6.48068e+08,630792000.0
12/11/2006 02:00,12,11,1,2,0,5,98.3333,0,3.57269e+08,0,1.52827e+08,3.67322e+08,357269000.0
12/11/2006 03:00,12,11,1,3,0,5.35,97.6667,0,1.98369e+06,0,1.04236e+08,4.28347e+06,1983690.0
12/11/2006 04:00,12,11,1,4,0,6.24167,91.9167,0,4.73355e+08,0,1.17259e+08,4.80946e+08,473355000.0
12/11/2006 05:00,12,11,1,5,0,6.99167,77.9167,0,4.75233e+08,0,1.32948e+08,4.83535e+08,475233000.0
12/11/2006 06:00,12,11,1,6,0,7.2,67.0833,0,0,0,2.15764e+08,1.43e+07,0.0
12/11/2006 07:00,12,11,1,7,0,6.90833,63.25,0,2.50258e+08,412803,4.00446e+08,2.69996e+08,250258000.0
12/11/2006 08:00,12,11,1,8,0,6.7,60.25,0,1.39626e+08,4.39342e+06,4.41928e+08,1.62224e+08,139626000.0
12/11/2006 09:00,12,11,1,9,0,6.7,56.0833,0,6.51463e+07,8.13897e+06,4.31865e+08,8.83147e+07,65146300.0
12/11/2006 10:00,12,11,1,10,0,6.35,54,0,3.5808e+07,7.86171e+06,4.03328e+08,5.96248e+07,35808000.0
12/11/2006 11:00,12,11,1,11,0,5.80833,49.3333,0,3.2746e+07,8.42716e+06,4.09904e+08,5.78584e+07,32746000.0
12/11/2006 12:00,12,11,1,12,0,5.89167,44.25,0,2.94189e+07,8.82632e+06,4.08878e+08,5.64648e+07,29418900.0
12/11/2006 13:00,12,11,1,13,0,6.1,41.8333,0,2.66217e+07,8.57275e+06,4.08197e+08,5.25847e+07,26621700.0
12/11/2006 14:00,12,11,1,14,0,5.80833,41.5833,0,3.26145e+07,6.754e+06,4.12553e+08,6.37756e+07,32614500.0
12/11/2006 15:00,12,11,1,15,0,5.6,42,0,8.5197e+06,9.96339e+06,4.3741e+08,3.64923e+07,8519700.0
12/11/2006 16:00,12,11,1,16,0,5.25,40.8333,0,1.37387e+07,9.30077e+06,4.26421e+08,3.58695e+07,13738700.0
12/11/2006 17:00,12,11,1,17,0,4.35833,42.9167,0,2.28042e+07,9.33994e+06,4.5876e+08,4.38295e+07,22804200.0
12/11/2006 18:00,12,11,1,18,0,3.55,45,0,2.90031e+07,9.3464e+06,4.87348e+08,5.1136e+07,29003100.0
12/11/2006 19:00,12,11,1,19,0,3.00833,44.4167,0,3.32914e+07,9.37248e+06,4.90133e+08,5.68594e+07,33291400.0
12/11/2006 20:00,12,11,1,20,0,2.45,45.1667,0,2.42121e+07,9.43321e+06,4.93241e+08,4.9445e+07,24212100.0
12/11/2006 21:00,12,11,1,21,0,2.2,46,0,4.42804e+07,6.83362e+06,4.26357e+08,6.73197e+07,44280400.0
12/11/2006 22:00,12,11,1,22,0,1.90833,48.3333,0,1.60645e+08,511842,2.6889e+08,1.77859e+08,160645000.0
12/11/2006 23:00,12,11,1,23,0,1.7,50,0,2.49306e+08,720972,2.18783e+08,2.64003e+08,249306000.0
12/12/2006 00:00,12,12,2,0,0,1.35,47.6667,0,2.66712e+08,0,1.91682e+08,2.80097e+08,266712000.0
12/12/2006 01:00,12,12,2,1,0,0.808333,46.5833,0,3.32059e+08,0,1.65109e+08,3.45112e+08,332059000.0
12/12/2006 02:00,12,12,2,2,0,0.25,48.1667,0,2.29425e+08,0,1.44848e+08,2.39338e+08,229425000.0
12/12/2006 03:00,12,12,2,3,0,-0.35,50.75,0,353404,0,1.03801e+08,3.86931e+06,353404.0
12/12/2006 04:00,12,12,2,4,0,-0.891667,53.1667,0,3.29405e+08,0,1.14722e+08,3.35775e+08,329405000.0
12/12/2006 05:00,12,12,2,5,0,-1.1,52.25,0,3.7996e+08,0,1.34251e+08,3.89514e+08,379960000.0
12/12/2006 06:00,12,12,2,6,0,-1.45,54.5,0,3.95178e+08,92456.2,2.16553e+08,4.09095e+08,395178000.0
12/12/2006 07:00,12,12,2,7,0,-1.7,52.3333,0,1.96308e+08,2.39866e+06,4.03919e+08,2.16148e+08,196308000.0
12/12/2006 08:00,12,12,2,8,0,-1.35,50.1667,0,9.16566e+07,6.5833e+06,4.5236e+08,1.14258e+08,91656600.0
12/12/2006 09:00,12,12,2,9,0,-0.808333,48.6667,0,4.62788e+07,7.12864e+06,4.17501e+08,6.94706e+07,46278800.0
12/12/2006 10:00,12,12,2,10,0,-0.25,48.1667,0,2.54049e+07,7.83342e+06,4.13591e+08,4.92322e+07,25404900.0
12/12/2006 11:00,12,12,2,11,0,0.641667,44.3333,0,1.10716e+07,8.52616e+06,4.13397e+08,3.55979e+07,11071600.0
12/12/2006 12:00,12,12,2,12,0,1.74167,38.0833,0,4.06388e+06,9.10461e+06,4.18909e+08,3.05782e+07,4063880.0
12/12/2006 13:00,12,12,2,13,0,2.84167,34.8333,0,765018,9.053e+06,4.20047e+08,2.78722e+07,765018.0
12/12/2006 14:00,12,12,2,14,0,3.00833,33.4167,0,1.02608e+06,6.27609e+06,4.01408e+08,3.08958e+07,1026080.0
12/12/2006 15:00,12,12,2,15,0,2.8,32.4167,0,26279.6,8.89044e+06,4.16549e+08,2.89837e+07,26279.6
12/12/2006 16:00,12,12,2,16,0,2.45,33.1667,0,943953,9.56159e+06,4.36934e+08,2.28901e+07,943953.0
12/12/2006 17:00,12,12,2,17,0,1.90833,36.3333,0,4.66064e+06,9.61276e+06,4.64864e+08,2.58085e+07,4660640.0
12/12/2006 18:00,12,12,2,18,0,0.708333,44.4167,0,9.17691e+06,9.48638e+06,4.93067e+08,3.13923e+07,9176910.0
12/12/2006 19:00,12,12,2,19,0,-0.35,50.75,0,4.64223e+06,9.36924e+06,4.95681e+08,2.79528e+07,4642230.0
12/12/2006 20:00,12,12,2,20,0,-0.6,49.0833,0,1.38678e+06,9.45904e+06,4.9906e+08,2.63017e+07,1386780.0
12/12/2006 21:00,12,12,2,21,0,-0.6,49.9167,0,1.61505e+07,6.83672e+06,4.29924e+08,3.94693e+07,16150500.0
12/12/2006 22:00,12,12,2,22,0,-0.6,52,0,6.7217e+07,440948,2.69622e+08,8.51618e+07,67217000.0
12/12/2006 23:00,12,12,2,23,0,-0.6,52,0,1.04503e+08,1.7003e+06,2.1161e+08,1.18575e+08,104503000.0
12/13/2006 00:00,12,13,3,0,0,-0.6,54.9167,0,1.45879e+08,0,1.91587e+08,1.59275e+08,145879000.0
12/13/2006 01:00,12,13,3,1,0,-0.6,60.5,0,2.21804e+08,504681,1.73437e+08,2.34889e+08,221804000.0
12/13/2006 02:00,12,13,3,2,0,-0.891667,65.9167,0,1.67339e+08,0,1.47376e+08,1.77276e+08,167339000.0
12/13/2006 03:00,12,13,3,3,0,-0.808333,66.8333,0,0,0,1.09064e+08,3.81034e+06,0.0
12/13/2006 04:00,12,13,3,4,0,-0.25,66,0,2.52594e+08,0,1.12328e+08,2.59068e+08,252594000.0
12/13/2006 05:00,12,13,3,5,0,0,66,0,2.90117e+08,0,1.34184e+08,2.99771e+08,290117000.0
12/13/2006 06:00,12,13,3,6,0,0,67.75,0,2.99158e+08,103852,2.16311e+08,3.12977e+08,299158000.0
12/13/2006 07:00,12,13,3,7,0,0,69,0,1.04599e+08,3.05505e+06,4.0534e+08,1.2457e+08,104599000.0
12/13/2006 08:00,12,13,3,8,0,0.35,67.25,0,4.57382e+07,7.34318e+06,4.61613e+08,6.83678e+07,45738200.0
12/13/2006 09:00,12,13,3,9,0,0.891667,66.5833,0,3.4282e+07,7.90128e+06,4.31394e+08,5.75065e+07,34282000.0
12/13/2006 10:00,12,13,3,10,0,1.45,68.75,0,2.20864e+07,8.51938e+06,4.18669e+08,4.59458e+07,22086400.0
12/13/2006 11:00,12,13,3,11,0,2.34167,67.0833,0,9.50754e+06,9.08896e+06,4.16056e+08,3.40668e+07,9507540.0
12/13/2006 12:00,12,13,3,12,0,3.09167,65.5833,0,3.68079e+06,9.54981e+06,4.14407e+08,3.02271e+07,3680790.0
12/13/2006 13:00,12,13,3,13,0,3.94167,63.0833,0,3.10651e+06,9.43973e+06,4.13058e+08,3.02399e+07,3106510.0
12/13/2006 14:00,12,13,3,14,0,4.4,62.1667,0,1.6685e+07,6.56801e+06,3.99352e+08,4.67717e+07,16685000.0
12/13/2006 15:00,12,13,3,15,0,4.4,60.0833,0,7.03466e+06,9.30648e+06,4.20128e+08,3.57855e+07,7034660.0
12/13/2006 16:00,12,13,3,16,0,4.4,58,0,6.79017e+06,1.01233e+07,4.39316e+08,2.87413e+07,6790170.0
12/13/2006 17:00,12,13,3,17,0,4.4,59.75,0,9.34718e+06,1.03694e+07,4.65366e+08,3.05396e+07,9347180.0
12/13/2006 18:00,12,13,3,18,0,4.4,59.25,0,1.67163e+07,1.05092e+07,4.93394e+08,3.89747e+07,16716300.0
12/13/2006 19:00,12,13,3,19,0,4.4,58,0,2.15951e+07,1.05816e+07,4.95991e+08,4.49518e+07,21595100.0
12/13/2006 20:00,12,13,3,20,0,4.4,63.25,0,1.79217e+07,1.07332e+07,4.98935e+08,4.32264e+07,17921700.0
12/13/2006 21:00,12,13,3,21,0,4.4,67,0,3.37146e+07,8.14859e+06,4.30934e+08,5.70168e+07,33714600.0
12/13/2006 22:00,12,13,3,22,0,4.10833,69.9167,0,1.11049e+08,1.75069e+06,2.79689e+08,1.28992e+08,111049000.0
12/13/2006 23:00,12,13,3,23,0,3.9,72,0,1.71779e+08,1.68452e+06,2.1239e+08,1.8586e+08,171779000.0
12/14/2006 00:00,12,14,4,0,0,3.55,76.0833,0,1.54547e+08,0,1.90941e+08,1.67948e+08,154547000.0
12/14/2006 01:00,12,14,4,1,0,3.3,80.75,0,2.13659e+08,0,1.64958e+08,2.26746e+08,213659000.0
12/14/2006 02:00,12,14,4,2,0,3.3,86.0833,0,1.65153e+08,0,1.47357e+08,1.7509e+08,165153000.0
12/14/2006 03:00,12,14,4,3,0,3.00833,89,0,0,0,1.09074e+08,3.81051e+06,0.0
12/14/2006 04:00,12,14,4,4,0,2.8,90.75,0,2.87575e+08,0,1.12688e+08,2.93991e+08,287575000.0
12/14/2006 05:00,12,14,4,5,0,3.09167,92,0,2.96677e+08,0,1.34259e+08,3.06215e+08,296677000.0
12/14/2006 06:00,12,14,4,6,0,3.3,94.9167,0,0,12203.8,2.15776e+08,1.39601e+07,0.0
12/14/2006 07:00,12,14,4,7,0,3.65,96.4167,0,1.24518e+08,3.77527e+06,4.07023e+08,1.4444e+08,124518000.0
12/14/2006 08:00,12,14,4,8,0,3.9,96,0,3.40315e+07,9.13183e+06,4.69016e+08,5.6697e+07,34031500.0
12/14/2006 09:00,12,14,4,9,0,4.19167,96.5833,0,2.33944e+07,9.31346e+06,4.41072e+08,4.66528e+07,23394400.0
12/14/2006 10:00,12,14,4,10,0,4.75,96.4167,0,1.8416e+07,9.92847e+06,4.28911e+08,4.23093e+07,18416000.0
12/14/2006 11:00,12,14,4,11,0,5.64167,94.25,0,8.97734e+06,1.04899e+07,4.20622e+08,3.35711e+07,8977340.0
12/14/2006 12:00,12,14,4,12,0,6.45,90.6667,0,6.07647e+06,1.09546e+07,4.21243e+08,3.28798e+07,6076470.0
12/14/2006 13:00,12,14,4,13,0,6.99167,89.5833,0,6.03908e+06,1.25446e+07,4.50828e+08,3.29766e+07,6039080.0
12/14/2006 14:00,12,14,4,14,0,7.2,90,0,1.54878e+07,8.0835e+06,4.1359e+08,4.6076e+07,15487800.0
12/14/2006 15:00,12,14,4,15,0,7.55,85.3333,0,3.04573e+06,1.07189e+07,4.24854e+08,3.13489e+07,3045730.0
12/14/2006 16:00,12,14,4,16,0,7.8,82,0,2.02354e+06,1.16204e+07,4.43597e+08,2.43402e+07,2023540.0
12/14/2006 17:00,12,14,4,17,0,7.8,80.25,0,2.06774e+06,1.18363e+07,4.67282e+08,2.3194e+07,2067740.0
12/14/2006 18:00,12,14,4,18,0,7.45,79.5833,0,4.33654e+06,1.32953e+07,5.18964e+08,2.65783e+07,4336540.0
12/14/2006 19:00,12,14,4,19,0,7.2,77.6667,0,7.05789e+06,1.40001e+07,5.33356e+08,3.07602e+07,7057890.0
12/14/2006 20:00,12,14,4,20,0,6.90833,74.25,0,7.802e+06,1.3991e+07,5.36195e+08,3.32e+07,7802000.0
12/14/2006 21:00,12,14,4,21,0,6.05833,74.75,0,2.86255e+07,1.10347e+07,4.67704e+08,5.18506e+07,28625500.0
12/14/2006 22:00,12,14,4,22,0,5.25,72.5,0,1.03406e+08,1.92903e+06,2.76877e+08,1.20987e+08,103406000.0
12/14/2006 23:00,12,14,4,23,0,4.65,70,0,1.62521e+08,1.76965e+06,2.11848e+08,1.7695e+08,162521000.0
12/15/2006 00:00,12,15,5,0,0,4.10833,71.1667,0,1.67718e+08,0,1.91061e+08,1.81129e+08,167718000.0
12/15/2006 01:00,12,15,5,1,0,3.9,70.25,0,2.42075e+08,0,1.65928e+08,2.55161e+08,242075000.0
12/15/2006 02:00,12,15,5,2,0,3.55,69,0,1.62359e+08,0,1.4561e+08,1.72289e+08,162359000.0
12/15/2006 03:00,12,15,5,3,0,3.00833,68.4167,0,0,0,1.10383e+08,3.68643e+06,0.0
12/15/2006 04:00,12,15,5,4,0,2.8,66.25,0,2.5827e+08,0,1.10044e+08,2.64676e+08,258270000.0
12/15/2006 05:00,12,15,5,5,0,2.8,66.75,0,2.89998e+08,0,1.34148e+08,2.99439e+08,289998000.0
12/15/2006 06:00,12,15,5,6,0,2.8,68,0,0,29867.4,2.15794e+08,1.40819e+07,0.0
12/15/2006 07:00,12,15,5,7,0,2.8,68,0,1.31191e+08,3.47692e+06,4.07016e+08,1.51085e+08,131191000.0
12/15/2006 08:00,12,15,5,8,0,2.8,68,0,4.66714e+07,8.18935e+06,4.61557e+08,6.93715e+07,46671400.0
12/15/2006 09:00,12,15,5,9,0,3.09167,70.3333,0,1.98826e+07,8.64918e+06,4.24011e+08,4.3172e+07,19882600.0
12/15/2006 10:00,12,15,5,10,0,3.94167,66.75,0,2.94235e+06,9.42867e+06,4.20045e+08,2.68748e+07,2942350.0
12/15/2006 11:00,12,15,5,11,0,5.39167,60.6667,0,1.26588e+06,1.02909e+07,4.23337e+08,2.58923e+07,1265880.0
12/15/2006 12:00,12,15,5,12,0,6.74167,56.6667,0,131775,1.19872e+07,4.45862e+08,2.71523e+07,131775.0
12/15/2006 13:00,12,15,5,13,0,7.55,56.75,0,0,1.07995e+07,4.29507e+08,2.67797e+07,0.0
12/15/2006 14:00,12,15,5,14,0,8.09167,56.8333,0,7597.31,8.08928e+06,4.1079e+08,3.10669e+07,7597.31
12/15/2006 15:00,12,15,5,15,0,8.3,54.25,0,0,1.09196e+07,4.36566e+08,2.84037e+07,0.0
12/15/2006 16:00,12,15,5,16,0,8.00833,57.0833,0,0,1.17202e+07,4.4015e+08,2.22622e+07,0.0
12/15/2006 17:00,12,15,5,17,0,6.80833,64.6667,0,74844.3,1.16505e+07,4.69797e+08,2.12354e+07,74844.3
12/15/2006 18:00,12,15,5,18,0,6.1,68,0,297394,1.33494e+07,5.28621e+08,2.25971e+07,297394.0
12/15/2006 19:00,12,15,5,19,0,6.1,68,0,351348,1.37713e+07,5.37015e+08,2.41268e+07,351348.0
12/15/2006 20:00,12,15,5,20,0,5.80833,70.9167,0,790881,1.38387e+07,5.39407e+08,2.62857e+07,790881.0
12/15/2006 21:00,12,15,5,21,0,5.25,76.5,0,7.23095e+06,1.10679e+07,4.69332e+08,3.03818e+07,7230950.0
12/15/2006 22:00,12,15,5,22,0,5,79,0,3.80895e+07,1.92627e+06,2.74019e+08,5.5021e+07,38089500.0
12/15/2006 23:00,12,15,5,23,0,4.65,81.3333,0,6.64178e+07,2.33063e+06,2.13074e+08,8.14836e+07,66417800.0
12/16/2006 00:00,12,16,6,0,0,4.4,80.6667,0,7.63742e+07,2.34916e+06,1.97181e+08,8.97962e+07,76374200.0
12/16/2006 01:00,12,16,6,1,0,4.4,77.25,0,0,0,9.03981e+07,0,0.0
12/16/2006 02:00,12,16,6,2,0,4.10833,76,0,0,0,8.47339e+07,1.54078e+06,0.0
12/16/2006 03:00,12,16,6,3,0,3.55,77.75,0,0,0,8.71812e+07,0,0.0
12/16/2006 04:00,12,16,6,4,0,3.00833,80.75,0,0,0,8.5635e+07,0,0.0
12/16/2006 05:00,12,16,6,5,0,2.8,82,0,0,0,8.34053e+07,1.54057e+06,0.0
12/16/2006 06:00,12,16,6,6,0,2.8,82,0,0,0,9.11811e+07,8.05904e+06,0.0
12/16/2006 07:00,12,16,6,7,0,2.45,81.4167,0,3.23392e+08,0,1.39276e+08,3.33304e+08,323392000.0
12/16/2006 08:00,12,16,6,8,0,2.2,81,0,2.93613e+08,109597,1.54321e+08,3.062e+08,293613000.0
12/16/2006 09:00,12,16,6,9,0,2.55,79.25,0,1.73367e+08,0,1.71082e+08,1.86778e+08,173367000.0
12/16/2006 10:00,12,16,6,10,0,3.44167,74.5,0,9.36329e+07,0,1.82975e+08,1.08867e+08,93632900.0
12/16/2006 11:00,12,16,6,11,0,4.19167,70.8333,0,7.71925e+07,0,1.72802e+08,9.29572e+07,77192500.0
12/16/2006 12:00,12,16,6,12,0,5.1,66.5,0,8.8189e+07,0,1.59891e+08,1.04656e+08,88189000.0
12/16/2006 13:00,12,16,6,13,0,6.53333,57,0,6.70721e+07,0,1.41029e+08,8.22037e+07,67072100.0
12/16/2006 14:00,12,16,6,14,0,8.19167,50.25,0,4.73925e+07,0,1.1725e+08,6.18198e+07,47392500.0
12/16/2006 15:00,12,16,6,15,0,8.25833,54.25,0,5.74607e+07,0,1.0653e+08,7.0837e+07,57460700.0
12/16/2006 16:00,12,16,6,16,0,7.45,60.9167,0,1.41124e+08,0,1.14236e+08,1.53589e+08,141124000.0
12/16/2006 17:00,12,16,6,17,0,6.55833,65.9167,0,1.71094e+08,0,1.16461e+08,1.83961e+08,171094000.0
12/16/2006 18:00,12,16,6,18,0,6.1,68,0,0,0,1.13921e+08,1.00002e+07,0.0
12/16/2006 19:00,12,16,6,19,0,5.80833,70.9167,0,0,0,1.04972e+08,9.6644e+06,0.0
12/16/2006 20:00,12,16,6,20,0,5.6,73,0,0,0,9.32332e+07,5.57883e+06,0.0
12/16/2006 21:00,12,16,6,21,0,5.25,76.5,0,0,0,9.18554e+07,1.54057e+06,0.0
12/16/2006 22:00,12,16,6,22,0,5,80.75,0,0,0,9.18554e+07,0,0.0
12/16/2006 23:00,12,16,6,23,0,5,84.3333,0,0,0,9.18554e+07,0,0.0
12/17/2006 00:00,12,17,0,0,0,4.65,87.75,0,0,0,9.18554e+07,1.54074e+06,0.0
12/17/2006 01:00,12,17,0,1,0,4.4,91.3333,0,652744,0,8.05607e+07,652744,652744.0
12/17/2006 02:00,12,17,0,2,0,4.4,93,0,2.16268e+06,0,8.1566e+07,3.70317e+06,2162680.0
12/17/2006 03:00,12,17,0,3,0,4.4,93,0,2.01047e+06,0,8.08968e+07,2.01047e+06,2010470.0
12/17/2006 04:00,12,17,0,4,0,4.4,95.3333,0,2.89215e+06,0,8.12324e+07,2.89215e+06,2892150.0
12/17/2006 05:00,12,17,0,5,0,4.4,97,0,876021,0,8.12395e+07,1.32111e+07,876021.0
12/17/2006 06:00,12,17,0,6,0,4.75,96.4167,0,2.56975e+06,0,8.27114e+07,9.98315e+06,2569750.0
12/17/2006 07:00,12,17,0,7,0,5,96,0,1.38031e+06,0,1.01528e+08,8.87618e+06,1380310.0
12/17/2006 08:00,12,17,0,8,0,5,98.3333,0,775082,0,7.44824e+07,1.02626e+07,775082.0
12/17/2006 09:00,12,17,0,9,0,5.35,97.6667,0,0,0,5.84859e+07,7.63144e+06,0.0
12/17/2006 10:00,12,17,0,10,0,6.24167,91.9167,0,201312,0,5.91259e+07,9.73714e+06,201312.0
12/17/2006 11:00,12,17,0,11,0,6.35,91.3333,0,253175,0,5.95618e+07,8.03935e+06,253175.0
12/17/2006 12:00,12,17,0,12,0,6.45,93,0,510086,0,6.00515e+07,1.01376e+07,510086.0
12/17/2006 13:00,12,17,0,13,0,6.7,93,0,656559,0,6.00004e+07,1.04987e+07,656559.0
12/17/2006 14:00,12,17,0,14,0,7.63333,87.1667,0,0,0,5.80052e+07,1.00891e+07,0.0
12/17/2006 15:00,12,17,0,15,0,8.3,84.75,0,0,0,5.81976e+07,9.78202e+06,0.0
12/17/2006 16:00,12,17,0,16,0,8.3,86,0,0,0,5.8279e+07,9.55777e+06,0.0
12/17/2006 17:00,12,17,0,17,0,8.00833,86,0,0,0,7.25969e+07,7.60873e+06,0.0
12/17/2006 18:00,12,17,0,18,0,7.45,90.0833,0,1.95489e+06,0,1.02999e+08,9.65925e+06,1954890.0
12/17/2006 19:00,12,17,0,19,0,7.55,90.6667,0,1.26254e+06,0,9.45426e+07,8.94494e+06,1262540.0
12/17/2006 20:00,12,17,0,20,0,7.8,89,0,2.30918e+06,0,9.48721e+07,5.47886e+06,2309180.0
12/17/2006 21:00,12,17,0,21,0,7.8,89,0,1.55113e+06,0,9.45335e+07,1.55113e+06,1551130.0
12/17/2006 22:00,12,17,0,22,0,7.15833,91.3333,0,3.51227e+06,0,9.48703e+07,5.05299e+06,3512270.0
12/17/2006 23:00,12,17,0,23,0,6.99167,93,0,3.34702e+06,0,9.45355e+07,3.34702e+06,3347020.0
12/18/2006 00:00,12,18,1,0,0,6.90833,94.75,0,4.64637e+06,0,9.52061e+07,4.64637e+06,4646370.0
12/18/2006 01:00,12,18,1,1,0,6.99167,94.25,0,5.07609e+08,62629.6,1.70576e+08,5.25551e+08,507609000.0
12/18/2006 02:00,12,18,1,2,0,6.90833,94.75,0,2.55555e+08,0,1.49613e+08,2.65451e+08,255555000.0
12/18/2006 03:00,12,18,1,3,0,6.99167,94.25,0,0,0,1.00241e+08,1.90347e+06,0.0
12/18/2006 04:00,12,18,1,4,0,6.26667,92.4167,0,3.92458e+08,0,1.1475e+08,4.00166e+08,392458000.0
12/18/2006 05:00,12,18,1,5,0,5.25,94.3333,0,4.24524e+08,0,1.34309e+08,4.33306e+08,424524000.0
12/18/2006 06:00,12,18,1,6,0,5.35,96,0,156066,0,2.15765e+08,1.46551e+07,156066.0
12/18/2006 07:00,12,18,1,7,0,5.25,96,0,1.6739e+08,667444,4.0083e+08,1.87247e+08,167390000.0
12/18/2006 08:00,12,18,1,8,0,4.65,96.5833,0,4.99303e+07,5.5944e+06,4.53584e+08,7.27391e+07,49930300.0
12/18/2006 09:00,12,18,1,9,0,5.39167,92.3333,0,1.46074e+07,7.43199e+06,4.14737e+08,3.8001e+07,14607400.0
12/18/2006 10:00,12,18,1,10,0,6.74167,83.75,0,5.50515e+06,9.02784e+06,4.15429e+08,2.9537e+07,5505150.0
12/18/2006 11:00,12,18,1,11,0,8.19167,73,0,2.42085e+06,1.00174e+07,4.14276e+08,2.75749e+07,2420850.0
12/18/2006 12:00,12,18,1,12,0,9.19167,63.9167,0,533164,1.19327e+07,4.43626e+08,2.79329e+07,533164.0
12/18/2006 13:00,12,18,1,13,0,10.1,55.75,0,13923.9,1.0253e+07,4.25147e+08,2.62675e+07,13923.9
12/18/2006 14:00,12,18,1,14,0,10.8917,50.8333,0,200578,7.56943e+06,4.11643e+08,3.22442e+07,200578.0
12/18/2006 15:00,12,18,1,15,0,10.8083,52.3333,0,0,1.04969e+07,4.21878e+08,2.90807e+07,0.0
12/18/2006 16:00,12,18,1,16,0,9.9,51.0833,0,25473.7,1.1229e+07,4.34123e+08,2.2279e+07,25473.7
12/18/2006 17:00,12,18,1,17,0,9.4,51.9167,0,60996.3,1.13364e+07,4.64026e+08,2.13546e+07,60996.3
12/18/2006 18:00,12,18,1,18,0,9.10833,55.1667,0,54837,1.14058e+07,4.94952e+08,2.25341e+07,54837.0
12/18/2006 19:00,12,18,1,19,0,8.55,58.3333,0,112044,1.14541e+07,4.97519e+08,2.36416e+07,112044.0
12/18/2006 20:00,12,18,1,20,0,7.36667,67.5833,0,818895,1.18182e+07,5.05859e+08,2.52461e+07,818895.0
12/18/2006 21:00,12,18,1,21,0,6.7,74.75,0,4.28454e+06,1.05741e+07,4.60899e+08,2.71183e+07,4284540.0
12/18/2006 22:00,12,18,1,22,0,6.7,76,0,3.31252e+07,1.75805e+06,2.70076e+08,5.04819e+07,33125200.0
12/18/2006 23:00,12,18,1,23,0,6.35,77.75,0,8.1816e+07,1.80922e+06,2.11476e+08,9.77654e+07,81816000.0
12/19/2006 00:00,12,19,2,0,0,6.1,79,0,1.15103e+08,0,1.92362e+08,1.29076e+08,115103000.0
12/19/2006 01:00,12,19,2,1,0,5.80833,79,0,1.70949e+08,0,1.64699e+08,1.8366e+08,170949000.0
12/19/2006 02:00,12,19,2,2,0,5.6,79,0,1.40033e+08,0,1.45471e+08,1.50233e+08,140033000.0
12/19/2006 03:00,12,19,2,3,0,5.25,79,0,0,0,1.07938e+08,1.96293e+06,0.0
12/19/2006 04:00,12,19,2,4,0,4.65,79,0,2.15752e+08,0,1.1437e+08,2.23297e+08,215752000.0
12/19/2006 05:00,12,19,2,5,0,5.1,75.5,0,2.30529e+08,0,1.31707e+08,2.39471e+08,230529000.0
12/19/2006 06:00,12,19,2,6,0,5.25,74.75,0,0,9720.37,2.15774e+08,1.45187e+07,0.0
12/19/2006 07:00,12,19,2,7,0,5,72.5,0,1.01931e+08,4.29711e+06,4.0731e+08,1.21785e+08,101931000.0
12/19/2006 08:00,12,19,2,8,0,5.35,66.5,0,2.44517e+07,9.39812e+06,4.64245e+08,4.72913e+07,24451700.0
12/19/2006 09:00,12,19,2,9,0,5.6,64,0,5.72384e+06,9.42699e+06,4.19525e+08,2.91478e+07,5723840.0
12/19/2006 10:00,12,19,2,10,0,6.24167,61.0833,0,1.79201e+06,1.01089e+07,4.19465e+08,2.58499e+07,1792010.0
12/19/2006 11:00,12,19,2,11,0,7.34167,53.75,0,952330,1.10285e+07,4.25259e+08,2.60127e+07,952330.0
12/19/2006 12:00,12,19,2,12,0,8.09167,47.6667,0,207112,1.21196e+07,4.39731e+08,2.77553e+07,207112.0
12/19/2006 13:00,12,19,2,13,0,8.00833,47.1667,0,28201.8,1.07293e+07,4.20679e+08,2.6277e+07,28201.8
12/19/2006 14:00,12,19,2,14,0,7.8,48,0,535413,7.83781e+06,4.0208e+08,3.2624e+07,535413.0
12/19/2006 15:00,12,19,2,15,0,7.8,45.6667,0,21151.6,1.04667e+07,4.1699e+08,2.92135e+07,21151.6
12/19/2006 16:00,12,19,2,16,0,7.8,46.3333,0,11282.4,1.12409e+07,4.31378e+08,2.23429e+07,11282.4
12/19/2006 17:00,12,19,2,17,0,7.45,49.1667,0,518144,1.13735e+07,4.68605e+08,2.18485e+07,518144.0
12/19/2006 18:00,12,19,2,18,0,6.90833,49.4167,0,1.21945e+06,1.2064e+07,5.0873e+08,2.36648e+07,1219450.0
12/19/2006 19:00,12,19,2,19,0,6.7,49,0,1.12894e+06,1.35047e+07,5.35144e+08,2.45958e+07,1128940.0
12/19/2006 20:00,12,19,2,20,0,6.35,49,0,793061,1.35678e+07,5.38316e+08,2.5254e+07,793061.0
12/19/2006 21:00,12,19,2,21,0,6.1,49,0,3.65487e+06,1.09323e+07,4.68987e+08,2.64788e+07,3654870.0
12/19/2006 22:00,12,19,2,22,0,6.1,50.1667,0,2.8233e+07,2.07831e+06,2.741e+08,4.58394e+07,28233000.0
12/19/2006 23:00,12,19,2,23,0,5.45833,55.0833,0,6.16203e+07,2.25308e+06,2.1289e+08,7.73505e+07,61620300.0
12/20/2006 00:00,12,20,3,0,0,5,58,0,7.69407e+07,2.06885e+06,1.99327e+08,9.11398e+07,76940700.0
12/20/2006 01:00,12,20,3,1,0,4.65,58,0,1.0606e+08,0,1.63709e+08,1.18547e+08,106060000.0
12/20/2006 02:00,12,20,3,2,0,3.75833,57.4167,0,1.10848e+08,0,1.50152e+08,1.21068e+08,110848000.0
12/20/2006 03:00,12,20,3,3,0,3.00833,58.1667,0,0,0,1.10324e+08,2.15846e+06,0.0
12/20/2006 04:00,12,20,3,4,0,2.15833,65.4167,0,1.89973e+08,0,1.09301e+08,1.96957e+08,189973000.0
12/20/2006 05:00,12,20,3,5,0,1.7,68.25,0,2.36745e+08,0,1.344e+08,2.4655e+08,236745000.0
12/20/2006 06:00,12,20,3,6,0,1.35,70.5,0,1.99029e+08,85522,2.1611e+08,2.1264e+08,199029000.0
12/20/2006 07:00,12,20,3,7,0,1.1,73,0,4.34662e+07,3.47627e+06,4.06227e+08,6.38904e+07,43466200.0
12/20/2006 08:00,12,20,3,8,0,1.1,73,0,8.49559e+06,7.7338e+06,4.55293e+08,3.15976e+07,8495590.0
12/20/2006 09:00,12,20,3,9,0,2.38333,70.6667,0,2.10529e+06,8.67985e+06,4.30496e+08,2.6013e+07,2105290.0
12/20/2006 10:00,12,20,3,10,0,3.94167,65.5,0,493524,9.82382e+06,4.4195e+08,2.46748e+07,493524.0
12/20/2006 11:00,12,20,3,11,0,5.39167,58.9167,0,111624,1.09549e+07,4.52778e+08,2.48663e+07,111624.0
12/20/2006 12:00,12,20,3,12,0,6.74167,52.5,0,0,1.18266e+07,4.52325e+08,2.62879e+07,0.0
12/20/2006 13:00,12,20,3,13,0,7.55,50,0,0,1.09046e+07,4.35036e+08,2.77559e+07,0.0
12/20/2006 14:00,12,20,3,14,0,7.8,51.75,0,0,8.09272e+06,4.1157e+08,3.10294e+07,0.0
12/20/2006 15:00,12,20,3,15,0,8.09167,53,0,0,1.09316e+07,4.46992e+08,2.89396e+07,0.0
12/20/2006 16:00,12,20,3,16,0,7.65833,57.0833,0,0,1.18167e+07,4.57623e+08,2.24194e+07,0.0
12/20/2006 17:00,12,20,3,17,0,6.26667,57.6667,0,0,1.24022e+07,4.8782e+08,2.13243e+07,0.0
12/20/2006 18:00,12,20,3,18,0,5.89167,54.8333,0,0,1.36492e+07,5.38677e+08,2.25042e+07,0.0
12/20/2006 19:00,12,20,3,19,0,5.45833,59.8333,0,0,1.28535e+07,5.29497e+08,2.4031e+07,0.0
12/20/2006 20:00,12,20,3,20,0,4.65,72.75,0,0,1.14337e+07,5.07328e+08,2.54934e+07,0.0
12/20/2006 21:00,12,20,3,21,0,3.75833,80.75,0,2.87292e+06,8.63649e+06,4.35024e+08,2.60052e+07,2872920.0
12/20/2006 22:00,12,20,3,22,0,3.3,80.25,0,2.43217e+07,2.30837e+06,2.84866e+08,4.10842e+07,24321700.0
12/20/2006 23:00,12,20,3,23,0,3.3,79,0,5.29476e+07,2.79156e+06,2.22879e+08,6.87349e+07,52947600.0
12/21/2006 00:00,12,21,4,0,0,3.00833,80.75,0,6.14994e+07,2.19443e+06,1.98555e+08,7.49557e+07,61499400.0
12/21/2006 01:00,12,21,4,1,0,2.45,83.75,0,7.99023e+07,0,1.65745e+08,9.30109e+07,79902300.0
12/21/2006 02:00,12,21,4,2,0,1.55833,89.0833,0,7.82466e+07,0,1.4832e+08,8.81809e+07,78246600.0
12/21/2006 03:00,12,21,4,3,0,1.1,89.6667,0,0,0,1.10422e+08,3.4807e+06,0.0
12/21/2006 04:00,12,21,4,4,0,0.458333,89.75,0,1.8015e+08,0,1.091e+08,1.85865e+08,180150000.0
12/21/2006 05:00,12,21,4,5,0,0,91,0,2.27224e+08,0,1.33876e+08,2.37008e+08,227224000.0
12/21/2006 06:00,12,21,4,6,0,0,93.3333,0,2.15327e+08,93188.8,2.1617e+08,2.28953e+08,215327000.0
12/21/2006 07:00,12,21,4,7,0,0,95,0,5.83368e+07,3.4004e+06,4.06417e+08,7.87048e+07,58336800.0
12/21/2006 08:00,12,21,4,8,0,0.641667,95.5833,0,1.44691e+07,7.93588e+06,4.55774e+08,3.75925e+07,14469100.0
12/21/2006 09:00,12,21,4,9,0,2.09167,93.6667,0,3.57363e+06,8.90777e+06,4.29528e+08,2.75147e+07,3573630.0
12/21/2006 10:00,12,21,4,10,0,3.73333,86.75,0,1.05591e+06,1.00938e+07,4.40881e+08,2.59414e+07,1055910.0
12/21/2006 11:00,12,21,4,11,0,5.39167,78.9167,0,351167,1.16632e+07,4.57909e+08,2.5124e+07,351167.0
12/21/2006 12:00,12,21,4,12,0,7.09167,69.5833,0,120970,1.1908e+07,4.4698e+08,2.5797e+07,120970.0
12/21/2006 13:00,12,21,4,13,0,8.73333,61.5,0,0,1.15028e+07,4.38177e+08,2.84027e+07,0.0
12/21/2006 14:00,12,21,4,14,0,10.1,54.9167,0,0,8.87771e+06,4.23185e+08,3.04158e+07,0.0
12/21/2006 15:00,12,21,4,15,0,10.8917,49.6667,0,0,1.1787e+07,4.56027e+08,2.90442e+07,0.0
12/21/2006 16:00,12,21,4,16,0,11.1,46.8333,0,0,1.26829e+07,4.75569e+08,2.2544e+07,0.0
12/21/2006 17:00,12,21,4,17,0,10.1083,49.5,0,0,1.26065e+07,4.89479e+08,2.13569e+07,0.0
12/21/2006 18:00,12,21,4,18,0,8.46667,59.5833,0,0,1.22634e+07,5.09874e+08,2.25134e+07,0.0
12/21/2006 19:00,12,21,4,19,0,7.15833,66.1667,0,0,1.20509e+07,5.09404e+08,2.40501e+07,0.0
12/21/2006 20:00,12,21,4,20,0,6.7,67,0,0,1.34897e+07,5.34869e+08,2.58465e+07,0.0
12/21/2006 21:00,12,21,4,21,0,5.70833,79.8333,0,461952,9.58421e+06,4.43557e+08,2.38576e+07,461952.0
12/21/2006 22:00,12,21,4,22,0,4.35833,87.25,0,1.14483e+07,1.82134e+06,2.71556e+08,2.84467e+07,11448300.0
12/21/2006 23:00,12,21,4,23,0,3.55,85.4167,0,3.33881e+07,2.9035e+06,2.22735e+08,4.85419e+07,33388100.0
12/22/2006 00:00,12,22,5,0,0,3.00833,89.0833,0,5.71444e+07,1.68602e+06,1.9699e+08,7.06067e+07,57144400.0
12/22/2006 01:00,12,22,5,1,0,2.8,87.9167,0,9.50192e+07,0,1.63908e+08,1.08141e+08,95019200.0
12/22/2006 02:00,12,22,5,2,0,1.51667,88.5,0,9.5498e+07,0,1.49697e+08,1.05441e+08,95498000.0
12/22/2006 03:00,12,22,5,3,0,0.6,91,0,0,0,1.10466e+08,3.66514e+06,0.0
12/22/2006 04:00,12,22,5,4,0,0.25,93.3333,0,1.8263e+08,0,1.09153e+08,1.88375e+08,182630000.0
12/22/2006 05:00,12,22,5,5,0,0.641667,93.25,0,2.11427e+08,0,1.34515e+08,2.21212e+08,211427000.0
12/22/2006 06:00,12,22,5,6,0,0.808333,91.4167,0,1.74011e+08,89746.1,2.16138e+08,1.87636e+08,174011000.0
12/22/2006 07:00,12,22,5,7,0,0.891667,91.5833,0,4.78543e+07,3.67832e+06,4.06846e+08,6.82335e+07,47854300.0
12/22/2006 08:00,12,22,5,8,0,1.1,92,0,1.61453e+07,8.09283e+06,4.59864e+08,3.92943e+07,16145300.0
12/22/2006 09:00,12,22,5,9,0,2.09167,90.25,0,4.62054e+06,8.80918e+06,4.20102e+08,2.86066e+07,4620540.0
12/22/2006 10:00,12,22,5,10,0,3.44167,84.9167,0,463646,9.69195e+06,4.13977e+08,2.54662e+07,463646.0
12/22/2006 11:00,12,22,5,11,0,5.53333,76.75,0,0,1.05878e+07,4.18304e+08,2.47984e+07,0.0
12/22/2006 12:00,12,22,5,12,0,8.625,64.25,0,0,1.23052e+07,4.35723e+08,2.57109e+07,0.0
12/22/2006 13:00,12,22,5,13,0,10.35,56.8333,0,0,1.16219e+07,4.23179e+08,2.84166e+07,0.0
12/22/2006 14:00,12,22,5,14,0,10.8917,53.6667,0,0,8.83602e+06,4.07e+08,3.06182e+07,0.0
12/22/2006 15:00,12,22,5,15,0,10.8083,54.3333,0,0,1.15554e+07,4.36241e+08,2.91548e+07,0.0
12/22/2006 16:00,12,22,5,16,0,9.9,58.9167,0,0,1.22699e+07,4.39759e+08,2.25291e+07,0.0
12/22/2006 17:00,12,22,5,17,0,8.75833,62.1667,0,0,1.22078e+07,4.74349e+08,2.13829e+07,0.0
12/22/2006 18:00,12,22,5,18,0,7.65833,65.9167,0,0,1.20071e+07,5.00694e+08,2.25674e+07,0.0
12/22/2006 19:00,12,22,5,19,0,7.55,66.25,0,11561.1,1.20244e+07,5.02221e+08,2.41222e+07,11561.1
12/22/2006 20:00,12,22,5,20,0,7.45,65,0,64037.5,1.20825e+07,5.04913e+08,2.58876e+07,64037.5
12/22/2006 21:00,12,22,5,21,0,6.55833,67.9167,0,2.72388e+06,9.58388e+06,4.40538e+08,2.5959e+07,2723880.0
12/22/2006 22:00,12,22,5,22,0,6.45,68.25,0,2.66138e+07,2.08871e+06,2.71588e+08,4.34723e+07,26613800.0
12/22/2006 23:00,12,22,5,23,0,6.7,65.8333,0,5.73564e+07,2.22086e+06,2.12937e+08,7.28879e+07,57356400.0
12/23/2006 00:00,12,23,6,0,0,6.05833,67.9167,0,7.75141e+07,2.183e+06,1.98434e+08,9.09823e+07,77514100.0
12/23/2006 01:00,12,23,6,1,0,5.25,70,0,0,0,9.05021e+07,0,0.0
12/23/2006 02:00,12,23,6,2,0,4.65,71.75,0,0,0,8.47919e+07,1.54047e+06,0.0
12/23/2006 03:00,12,23,6,3,0,4.4,71.25,0,0,0,8.83307e+07,0,0.0
12/23/2006 04:00,12,23,6,4,0,4.10833,71.1667,0,0,0,8.68074e+07,0,0.0
12/23/2006 05:00,12,23,6,5,0,4.54167,63.8333,0,0,0,8.3449e+07,1.54078e+06,0.0
12/23/2006 06:00,12,23,6,6,0,5,53.9167,0,0,0,9.58177e+07,9.17001e+06,0.0
12/23/2006 07:00,12,23,6,7,0,5,52.1667,0,3.32923e+08,0,1.39302e+08,3.42897e+08,332923000.0
12/23/2006 08:00,12,23,6,8,0,5.35,51.8333,0,2.72677e+08,105625,1.5447e+08,2.8321e+08,272677000.0
12/23/2006 09:00,12,23,6,9,0,7.175,44.5833,0,1.37166e+08,19487.8,1.71359e+08,1.51207e+08,137166000.0
12/23/2006 10:00,12,23,6,10,0,9.29167,38.8333,0,6.18045e+07,0,1.83053e+08,7.8009e+07,61804500.0
12/23/2006 11:00,12,23,6,11,0,11.2833,35.0833,0,4.52623e+07,0,1.73125e+08,6.02294e+07,45262300.0
12/23/2006 12:00,12,23,6,12,0,12.8417,33,0,4.52746e+07,0,1.61079e+08,6.20312e+07,45274600.0
12/23/2006 13:00,12,23,6,13,0,13.9417,32.4167,0,3.90428e+07,1.8793e+06,1.5782e+08,5.51201e+07,39042800.0
12/23/2006 14:00,12,23,6,14,0,14.75,31.4167,0,2.51796e+07,3.67188e+06,1.49286e+08,3.99206e+07,25179600.0
12/23/2006 15:00,12,23,6,15,0,14.65,31.5833,0,1.99343e+07,2.6435e+06,1.32849e+08,3.32525e+07,19934300.0
12/23/2006 16:00,12,23,6,16,0,13.7583,33.75,0,4.44138e+07,827442,1.24411e+08,5.74141e+07,44413800.0
12/23/2006 17:00,12,23,6,17,0,12.6583,37.3333,0,7.05953e+07,0,1.15707e+08,8.3479e+07,70595300.0
12/23/2006 18:00,12,23,6,18,0,11.2667,39.5833,0,0,0,1.13921e+08,9.99591e+06,0.0
12/23/2006 19:00,12,23,6,19,0,10.8917,37.0833,0,0,0,1.05143e+08,7.99931e+06,0.0
12/23/2006 20:00,12,23,6,20,0,11.1,33.8333,0,0,0,9.32332e+07,7.19608e+06,0.0
12/23/2006 21:00,12,23,6,21,0,11.1,33,0,0,0,9.18554e+07,0,0.0
12/23/2006 22:00,12,23,6,22,0,11.1,33,0,0,0,9.18554e+07,1.54077e+06,0.0
12/23/2006 23:00,12,23,6,23,0,10.8083,33,0,0,0,9.18554e+07,0,0.0
12/24/2006 00:00,12,24,0,0,0,10.6,31.25,0,0,0,9.18554e+07,0,0.0
12/24/2006 01:00,12,24,0,1,0,10.25,32.3333,0,0,0,7.85527e+07,1.54075e+06,0.0
12/24/2006 02:00,12,24,0,2,0,9.35833,38.0833,0,0,0,7.85527e+07,0,0.0
12/24/2006 03:00,12,24,0,3,0,8.9,41,0,0,0,7.85527e+07,0,0.0
12/24/2006 04:00,12,24,0,4,0,8.9,41.5833,0,0,0,7.85527e+07,1.54074e+06,0.0
12/24/2006 05:00,12,24,0,5,0,9.19167,42.5833,0,562800,0,7.99008e+07,1.20289e+07,562800.0
12/24/2006 06:00,12,24,0,6,0,9.10833,45.3333,0,548839,0,8.17053e+07,7.958e+06,548839.0
12/24/2006 07:00,12,24,0,7,0,8.9,49.3333,0,311491,0,9.95198e+07,7.89247e+06,311491.0
12/24/2006 08:00,12,24,0,8,0,8.55,53.9167,0,656227,0,7.46662e+07,1.00633e+07,656227.0
12/24/2006 09:00,12,24,0,9,0,8.3,56,0,763199,0,6.11686e+07,8.40241e+06,763199.0
12/24/2006 10:00,12,24,0,10,0,8.65,54.8333,0,0,0,5.80144e+07,9.54605e+06,0.0
12/24/2006 11:00,12,24,0,11,0,9.19167,54,0,0,0,5.80437e+07,9.20908e+06,0.0
12/24/2006 12:00,12,24,0,12,0,9.75,58.0833,0,0,0,5.79154e+07,8.20708e+06,0.0
12/24/2006 13:00,12,24,0,13,0,8.71667,71.5,0,0,0,5.78641e+07,9.84185e+06,0.0
12/24/2006 14:00,12,24,0,14,0,7.15833,84.8333,0,580872,0,5.87005e+07,1.1623e+07,580872.0
12/24/2006 15:00,12,24,0,15,0,6.7,89,0,2.43675e+06,0,6.20974e+07,1.13227e+07,2436750.0
12/24/2006 16:00,12,24,0,16,0,6.99167,87.25,0,2.83594e+06,180244,6.50506e+07,1.24073e+07,2835940.0
12/24/2006 17:00,12,24,0,17,0,7.55,80.1667,0,3.57202e+06,0,7.60071e+07,1.11939e+07,3572020.0
12/24/2006 18:00,12,24,0,18,0,7.15833,83.5833,0,3.55719e+06,0,1.02666e+08,1.294e+07,3557190.0
12/24/2006 19:00,12,24,0,19,0,6.7,91.3333,0,4.39223e+06,0,9.52144e+07,1.17587e+07,4392230.0
12/24/2006 20:00,12,24,0,20,0,6.7,93,0,1.9452e+07,0,1.00737e+08,2.12781e+07,19452000.0
12/24/2006 21:00,12,24,0,21,0,6.99167,91.25,0,1.35812e+07,0,1.06033e+08,1.51219e+07,13581200.0
12/24/2006 22:00,12,24,0,22,0,6.90833,93.5,0,1.62491e+07,0,1.03049e+08,1.62491e+07,16249100.0
12/24/2006 23:00,12,24,0,23,0,6.99167,94.25,0,1.62303e+07,0,1.0681e+08,1.62303e+07,16230300.0
12/25/2006 00:00,12,25,1,0,0,7.2,93,0,1.9952e+07,0,1.03827e+08,2.14927e+07,19952000.0
12/25/2006 01:00,12,25,1,1,0,7.2,93,0,6.50952e+08,107005,1.73601e+08,6.67274e+08,650952000.0
12/25/2006 02:00,12,25,1,2,0,6.90833,94.75,0,2.99831e+08,0,1.464e+08,3.10111e+08,299831000.0
12/25/2006 03:00,12,25,1,3,0,6.7,94.25,0,1.20686e+06,0,1.01247e+08,3.65401e+06,1206860.0
12/25/2006 04:00,12,25,1,4,0,6.99167,91.25,0,4.05458e+08,0,1.15776e+08,4.13004e+08,405458000.0
12/25/2006 05:00,12,25,1,5,0,7.2,85.3333,0,3.93859e+08,0,1.347e+08,4.0251e+08,393859000.0
12/25/2006 06:00,12,25,1,6,0,7.55,80.25,0,0,28538.8,2.15793e+08,1.46628e+07,0.0
12/25/2006 07:00,12,25,1,7,0,8.09167,77.25,0,1.57684e+08,886709,4.00738e+08,1.77759e+08,157684000.0
12/25/2006 08:00,12,25,1,8,0,8.3,76,0,5.40006e+07,6.11354e+06,4.49636e+08,7.70178e+07,54000600.0
12/25/2006 09:00,12,25,1,9,0,8.3,71.3333,0,3.62436e+07,9.11613e+06,4.46158e+08,5.98346e+07,36243600.0
12/25/2006 10:00,12,25,1,10,0,8.65,66.8333,0,2.3415e+07,1.12163e+07,4.5036e+08,4.76474e+07,23415000.0
12/25/2006 11:00,12,25,1,11,0,9.54167,63.0833,0,9.58768e+06,1.01551e+07,4.18139e+08,3.55394e+07,9587680.0
12/25/2006 12:00,12,25,1,12,0,10,61,0,1.56254e+06,1.02198e+07,4.1011e+08,2.85309e+07,1562540.0
12/25/2006 13:00,12,25,1,13,0,10.6417,58.6667,0,874150,1.00354e+07,4.08898e+08,2.86406e+07,874150.0
12/25/2006 14:00,12,25,1,14,0,11.45,56.4167,0,4.21744e+06,7.3082e+06,3.94435e+08,3.52395e+07,4217440.0
12/25/2006 15:00,12,25,1,15,0,11.7,54.8333,0,33619.6,1.03393e+07,4.06595e+08,2.93477e+07,33619.6
12/25/2006 16:00,12,25,1,16,0,11.7,50.5,0,0,1.1287e+07,4.18251e+08,2.23665e+07,0.0
12/25/2006 17:00,12,25,1,17,0,11.7,46.8333,0,0,1.15699e+07,4.59685e+08,2.15437e+07,0.0
12/25/2006 18:00,12,25,1,18,0,10.3583,49.5,0,136181,1.14293e+07,4.91373e+08,2.27309e+07,136181.0
12/25/2006 19:00,12,25,1,19,0,8.75833,54.3333,0,996819,1.1224e+07,4.93777e+08,2.46789e+07,996819.0
12/25/2006 20:00,12,25,1,20,0,7.65833,55.4167,0,2.00298e+06,1.29616e+07,5.26474e+08,2.69505e+07,2002980.0
12/25/2006 21:00,12,25,1,21,0,6.90833,49.1667,0,1.04308e+07,8.35901e+06,4.29101e+08,3.43836e+07,10430800.0
12/25/2006 22:00,12,25,1,22,0,5.70833,48.5,0,6.67954e+07,1.84002e+06,2.77991e+08,8.49678e+07,66795400.0
12/25/2006 23:00,12,25,1,23,0,4.65,53.3333,0,1.30169e+08,1.62538e+06,2.11205e+08,1.44369e+08,130169000.0
12/26/2006 00:00,12,26,2,0,0,4.4,53.8333,0,1.37487e+08,0,1.91361e+08,1.51318e+08,137487000.0
12/26/2006 01:00,12,26,2,1,0,4.10833,57.0833,0,1.83212e+08,0,1.653e+08,1.96096e+08,183212000.0
12/26/2006 02:00,12,26,2,2,0,3.55,63.5,0,1.39068e+08,0,1.46252e+08,1.49056e+08,139068000.0
12/26/2006 03:00,12,26,2,3,0,3.3,66,0,0,0,1.07834e+08,3.82584e+06,0.0
12/26/2006 04:00,12,26,2,4,0,3.00833,67.1667,0,2.23695e+08,0,1.11364e+08,2.29721e+08,223695000.0
12/26/2006 05:00,12,26,2,5,0,2.45,68,0,2.57174e+08,0,1.34005e+08,2.66939e+08,257174000.0
12/26/2006 06:00,12,26,2,6,0,2.2,66.25,0,0,30741.5,2.15795e+08,1.36755e+07,0.0
12/26/2006 07:00,12,26,2,7,0,2.2,65,0,1.1434e+08,3.13338e+06,4.05399e+08,1.34708e+08,114340000.0
12/26/2006 08:00,12,26,2,8,0,2.84167,60.3333,0,2.69613e+07,7.95097e+06,4.54788e+08,5.02379e+07,26961300.0
12/26/2006 09:00,12,26,2,9,0,4.29167,54.6667,0,6.58619e+06,8.80171e+06,4.24169e+08,3.0729e+07,6586190.0
12/26/2006 10:00,12,26,2,10,0,5.99167,50.6667,0,2.32315e+06,9.87493e+06,4.33135e+08,2.75797e+07,2323150.0
12/26/2006 11:00,12,26,2,11,0,8.275,45.5,0,265776,1.13759e+07,4.49531e+08,2.57128e+07,265776.0
12/26/2006 12:00,12,26,2,12,0,10.1,40.0833,0,0,1.14856e+07,4.41881e+08,2.55563e+07,0.0
12/26/2006 13:00,12,26,2,13,0,11.2417,37.4167,0,0,1.14154e+07,4.38043e+08,2.8747e+07,0.0
12/26/2006 14:00,12,26,2,14,0,11.9917,36.4167,0,0,8.82496e+06,4.22625e+08,3.09319e+07,0.0
12/26/2006 15:00,12,26,2,15,0,12.55,33.0833,0,0,1.15956e+07,4.58089e+08,2.95548e+07,0.0
12/26/2006 16:00,12,26,2,16,0,12.45,34.5,0,0,1.24989e+07,4.73076e+08,2.25971e+07,0.0
12/26/2006 17:00,12,26,2,17,0,11.2667,34.6667,0,0,1.24521e+07,4.88786e+08,2.15128e+07,0.0
12/26/2006 18:00,12,26,2,18,0,9.60833,38.25,0,0,1.20496e+07,5.07763e+08,2.27336e+07,0.0
12/26/2006 19:00,12,26,2,19,0,7.90833,47.8333,0,0,1.17735e+07,5.06626e+08,2.43206e+07,0.0
12/26/2006 20:00,12,26,2,20,0,6.90833,52,0,0,1.2073e+07,5.1487e+08,2.51299e+07,0.0
12/26/2006 21:00,12,26,2,21,0,6.05833,59,0,82443.3,1.11563e+07,4.72394e+08,2.32592e+07,82443.3
12/26/2006 22:00,12,26,2,22,0,4.25833,76.25,0,8.90684e+06,1.74081e+06,2.71371e+08,2.57721e+07,8906840.0
12/26/2006 23:00,12,26,2,23,0,3.3,83.25,0,2.45108e+07,3.171e+06,2.13963e+08,4.10833e+07,24510800.0
12/27/2006 00:00,12,27,3,0,0,2.36667,79.0833,0,4.38945e+07,1.32549e+06,1.96357e+08,5.73915e+07,43894500.0
12/27/2006 01:00,12,27,3,1,0,1.7,79.3333,0,7.68396e+07,0,1.64703e+08,8.99753e+07,76839600.0
12/27/2006 02:00,12,27,3,2,0,1.35,80.4167,0,6.84591e+07,0,1.48663e+08,7.84002e+07,68459100.0
12/27/2006 03:00,12,27,3,3,0,0.458333,81.75,0,0,0,1.1041e+08,3.48232e+06,0.0
12/27/2006 04:00,12,27,3,4,0,0,83,0,1.54281e+08,0,1.0903e+08,1.59937e+08,154281000.0
12/27/2006 05:00,12,27,3,5,0,0,83,0,1.65995e+08,0,1.34105e+08,1.75797e+08,165995000.0
12/27/2006 06:00,12,27,3,6,0,-0.35,83,0,1.48998e+08,87672.9,2.16058e+08,1.62666e+08,148998000.0
12/27/2006 07:00,12,27,3,7,0,-0.25,80.6667,0,3.19676e+07,3.67527e+06,4.12224e+08,5.24727e+07,31967600.0
12/27/2006 08:00,12,27,3,8,0,0,79,0,9.21962e+06,7.24629e+06,4.56327e+08,3.25724e+07,9219620.0
12/27/2006 09:00,12,27,3,9,0,1.63333,76.6667,0,2.63897e+06,8.60319e+06,4.31491e+08,2.68394e+07,2638970.0
12/27/2006 10:00,12,27,3,10,0,3.73333,72.0833,0,291244,9.8817e+06,4.4517e+08,2.52667e+07,291244.0
12/27/2006 11:00,12,27,3,11,0,5.74167,60.6667,0,0,1.11376e+07,4.55514e+08,2.49314e+07,0.0
12/27/2006 12:00,12,27,3,12,0,7.63333,52.25,0,0,1.17401e+07,4.46704e+08,2.64507e+07,0.0
12/27/2006 13:00,12,27,3,13,0,9.64167,41.6667,0,0,1.13877e+07,4.36575e+08,2.79192e+07,0.0
12/27/2006 14:00,12,27,3,14,0,11.2417,34.4167,0,0,8.81829e+06,4.2202e+08,3.22444e+07,0.0
12/27/2006 15:00,12,27,3,15,0,11.35,33.4167,0,0,1.14514e+07,4.56276e+08,2.93636e+07,0.0
12/27/2006 16:00,12,27,3,16,0,11.45,34.1667,0,0,1.23672e+07,4.75674e+08,2.25929e+07,0.0
12/27/2006 17:00,12,27,3,17,0,9.71667,47.25,0,0,1.23126e+07,4.89459e+08,2.15833e+07,0.0
12/27/2006 18:00,12,27,3,18,0,8.65,49.5833,0,0,1.2125e+07,5.10767e+08,2.26099e+07,0.0
12/27/2006 19:00,12,27,3,19,0,7.26667,53.1667,0,0,1.18384e+07,5.1061e+08,2.36939e+07,0.0
12/27/2006 20:00,12,27,3,20,0,6.1,59,0,0,1.35168e+07,5.41711e+08,2.46857e+07,0.0
12/27/2006 21:00,12,27,3,21,0,4.81667,68.9167,0,594556,1.04696e+07,4.6442e+08,2.36384e+07,594556.0
12/27/2006 22:00,12,27,3,22,0,3.55,75.4167,0,1.32641e+07,2.68406e+06,2.8922e+08,3.15416e+07,13264100.0
12/27/2006 23:00,12,27,3,23,0,3.00833,79.0833,0,3.67779e+07,2.48454e+06,2.16716e+08,5.21371e+07,36777900.0
12/28/2006 00:00,12,28,4,0,0,2.15833,81.4167,0,6.3266e+07,1.6478e+06,1.96962e+08,7.77178e+07,63266000.0
12/28/2006 01:00,12,28,4,1,0,1.35,82.75,0,8.54634e+07,0,1.63894e+08,9.81147e+07,85463400.0
12/28/2006 02:00,12,28,4,2,0,1.1,86.3333,0,8.13125e+07,0,1.4956e+08,9.17022e+07,81312500.0
12/28/2006 03:00,12,28,4,3,0,1.45,85.6667,0,0,0,1.10472e+08,2.11248e+06,0.0
12/28/2006 04:00,12,28,4,4,0,1.05833,88.0833,0,1.68676e+08,0,1.09081e+08,1.7567e+08,168676000.0
12/28/2006 05:00,12,28,4,5,0,0.6,88.6667,0,2.05747e+08,0,1.34505e+08,2.15564e+08,205747000.0
12/28/2006 06:00,12,28,4,6,0,0.6,87,0,1.72728e+08,87973.6,2.16142e+08,1.86394e+08,172728000.0
12/28/2006 07:00,12,28,4,7,0,-0.1,87.5833,0,4.25138e+07,3.73352e+06,4.12509e+08,6.31132e+07,42513800.0
12/28/2006 08:00,12,28,4,8,0,-0.6,88,0,1.49868e+07,7.1492e+06,4.56415e+08,3.8391e+07,14986800.0
12/28/2006 09:00,12,28,4,9,0,1.38333,80.4167,0,4.8849e+06,8.57232e+06,4.30888e+08,2.91376e+07,4884900.0
12/28/2006 10:00,12,28,4,10,0,3.73333,75.5833,0,1.31865e+06,9.91094e+06,4.42833e+08,2.57495e+07,1318650.0
12/28/2006 11:00,12,28,4,11,0,5.39167,69.5833,0,353839,1.15058e+07,4.59891e+08,2.53202e+07,353839.0
12/28/2006 12:00,12,28,4,12,0,7.73333,59.75,0,13377.3,1.18896e+07,4.46656e+08,2.71954e+07,13377.3
12/28/2006 13:00,12,28,4,13,0,10.5333,50.1667,0,0,1.17629e+07,4.36922e+08,2.72474e+07,0.0
12/28/2006 14:00,12,28,4,14,0,12.3417,44.25,0,0,9.28119e+06,4.22874e+08,3.22623e+07,0.0
12/28/2006 15:00,12,28,4,15,0,13.0917,43,0,0,1.34451e+07,4.69637e+08,2.93793e+07,0.0
12/28/2006 16:00,12,28,4,16,0,13.0083,45.9167,0,0,1.3096e+07,4.76643e+08,2.25053e+07,0.0
12/28/2006 17:00,12,28,4,17,0,11.8083,46.8333,0,0,1.30211e+07,4.92014e+08,2.16154e+07,0.0
12/28/2006 18:00,12,28,4,18,0,10.4583,48.3333,0,0,1.26481e+07,5.14046e+08,2.26613e+07,0.0
12/28/2006 19:00,12,28,4,19,0,12.275,41.25,0,0,1.29487e+07,5.15313e+08,2.37408e+07,0.0
12/28/2006 20:00,12,28,4,20,0,13.9,33.8333,0,0,1.32527e+07,5.16965e+08,2.47345e+07,0.0
12/28/2006 21:00,12,28,4,21,0,12.9083,34.75,0,9780.27,1.05211e+07,4.40883e+08,2.38877e+07,9780.27
12/28/2006 22:00,12,28,4,22,0,10.9167,38.9167,0,5.36359e+06,3.15235e+06,2.73187e+08,2.36046e+07,5363590.0
12/28/2006 23:00,12,28,4,23,0,9.35833,46.8333,0,2.29209e+07,3.20291e+06,2.14944e+08,3.72357e+07,22920900.0
12/29/2006 00:00,12,29,5,0,0,7.90833,56.25,0,3.89674e+07,2.16844e+06,1.98513e+08,5.34468e+07,38967400.0
12/29/2006 01:00,12,29,5,1,0,6.55833,62.9167,0,6.68691e+07,523945,1.67535e+08,7.9459e+07,66869100.0
12/29/2006 02:00,12,29,5,2,0,6.1,65,0,5.86732e+07,0,1.47579e+08,6.89427e+07,58673200.0
12/29/2006 03:00,12,29,5,3,0,6.1,65,0,0,0,1.10533e+08,3.21944e+06,0.0
12/29/2006 04:00,12,29,5,4,0,6.1,63.25,0,1.18169e+08,0,1.08467e+08,1.2427e+08,118169000.0
12/29/2006 05:00,12,29,5,5,0,5.80833,63.1667,0,1.55134e+08,0,1.34217e+08,1.64908e+08,155134000.0
12/29/2006 06:00,12,29,5,6,0,5.25,65.75,0,0,10311.8,2.15775e+08,1.36839e+07,0.0
12/29/2006 07:00,12,29,5,7,0,5.64167,62.3333,0,7.05305e+07,4.51263e+06,4.08406e+08,9.09368e+07,70530500.0
12/29/2006 08:00,12,29,5,8,0,5.80833,58.4167,0,1.70944e+07,9.27046e+06,4.72299e+08,4.04217e+07,17094400.0
12/29/2006 09:00,12,29,5,9,0,5.89167,55.6667,0,5.2737e+06,1.03637e+07,4.40117e+08,2.95377e+07,5273700.0
12/29/2006 10:00,12,29,5,10,0,6.45,51.0833,0,2.59223e+06,1.18853e+07,4.57641e+08,2.79655e+07,2592230.0
12/29/2006 11:00,12,29,5,11,0,7.34167,44.9167,0,625188,1.12296e+07,4.41109e+08,2.64654e+07,625188.0
12/29/2006 12:00,12,29,5,12,0,8.09167,40.25,0,142443,1.12336e+07,4.35826e+08,2.57651e+07,142443.0
12/29/2006 13:00,12,29,5,13,0,8.65,37.8333,0,0,1.10006e+07,4.34225e+08,2.88051e+07,0.0
12/29/2006 14:00,12,29,5,14,0,8.9,34.6667,0,0,8.22539e+06,4.16072e+08,3.13315e+07,0.0
12/29/2006 15:00,12,29,5,15,0,8.9,32.4167,0,0,1.07686e+07,4.47906e+08,2.97599e+07,0.0
12/29/2006 16:00,12,29,5,16,0,8.55,30.8333,0,0,1.15254e+07,4.50705e+08,2.26568e+07,0.0
12/29/2006 17:00,12,29,5,17,0,7.65833,31.75,0,0,1.14638e+07,4.75887e+08,2.16064e+07,0.0
12/29/2006 18:00,12,29,5,18,0,6.55833,34.1667,0,0,1.12232e+07,5.03438e+08,2.2859e+07,0.0
12/29/2006 19:00,12,29,5,19,0,5.80833,35,0,94762.1,1.32807e+07,5.3972e+08,2.43607e+07,94762.1
12/29/2006 20:00,12,29,5,20,0,5.25,35,0,212708,1.17963e+07,5.18135e+08,2.49269e+07,212708.0
12/29/2006 21:00,12,29,5,21,0,4.35833,36.1667,0,3.39699e+06,8.32063e+06,4.34955e+08,2.65092e+07,3396990.0
12/29/2006 22:00,12,29,5,22,0,3.9,35.25,0,2.36744e+07,2.54248e+06,2.88044e+08,4.13626e+07,23674400.0
12/29/2006 23:00,12,29,5,23,0,3.25833,35.75,0,5.78561e+07,2.11868e+06,2.12962e+08,7.41281e+07,57856100.0
12/30/2006 00:00,12,30,6,0,0,2.8,32.9167,0,9.61175e+07,2.03307e+06,1.97257e+08,1.09955e+08,96117500.0
12/30/2006 01:00,12,30,6,1,0,2.45,30,0,0,0,9.10128e+07,0,0.0
12/30/2006 02:00,12,30,6,2,0,1.55833,27.0833,0,0,0,8.58169e+07,0,0.0
12/30/2006 03:00,12,30,6,3,0,0.808333,25.5833,0,0,0,8.58188e+07,1.54079e+06,0.0
12/30/2006 04:00,12,30,6,4,0,0.25,26.5833,0,1.3643e+06,0,8.86955e+07,1.3643e+06,1364300.0
12/30/2006 05:00,12,30,6,5,0,-0.35,27,0,2.99418e+06,0,8.67542e+07,2.99418e+06,2994180.0
12/30/2006 06:00,12,30,6,6,0,-0.891667,25.8333,0,4.77112e+08,0,1.14013e+08,4.86097e+08,477112000.0
12/30/2006 07:00,12,30,6,7,0,-1.45,26.75,0,3.2116e+08,0,1.3846e+08,3.31059e+08,321160000.0
12/30/2006 08:00,12,30,6,8,0,-1.7,30.9167,0,3.62725e+08,83409.8,1.61289e+08,3.75357e+08,362725000.0
12/30/2006 09:00,12,30,6,9,0,-1.35,31.8333,0,2.70333e+08,0,1.71626e+08,2.83829e+08,270333000.0
12/30/2006 10:00,12,30,6,10,0,-0.808333,30.4167,0,1.6739e+08,0,1.8312e+08,1.83991e+08,167390000.0
12/30/2006 11:00,12,30,6,11,0,0.1,27.6667,0,1.17485e+08,0,1.73979e+08,1.32195e+08,117485000.0
12/30/2006 12:00,12,30,6,12,0,1.24167,25.4167,0,1.1329e+08,0,1.62677e+08,1.30779e+08,113290000.0
12/30/2006 13:00,12,30,6,13,0,2.34167,25.5833,0,1.10478e+08,0,1.42819e+08,1.2506e+08,110478000.0
12/30/2006 14:00,12,30,6,14,0,3.09167,25.4167,0,6.80434e+07,0,1.19746e+08,8.43745e+07,68043400.0
12/30/2006 15:00,12,30,6,15,0,3.65,25,0,6.29203e+07,0,1.08475e+08,7.62722e+07,62920300.0
12/30/2006 16:00,12,30,6,16,0,4.19167,24.4167,0,7.74466e+07,0,1.13323e+08,9.04781e+07,77446600.0
12/30/2006 17:00,12,30,6,17,0,3.75833,27.5,0,1.1063e+08,0,1.15564e+08,1.22301e+08,110630000.0
12/30/2006 18:00,12,30,6,18,0,3.00833,32.9167,0,0,0,1.1634e+08,1.10488e+07,0.0
12/30/2006 19:00,12,30,6,19,0,2.15833,35.5833,0,0,0,1.02618e+08,7.90997e+06,0.0
12/30/2006 20:00,12,30,6,20,0,0.708333,43.5833,0,0,0,9.32332e+07,7.42895e+06,0.0
12/30/2006 21:00,12,30,6,21,0,0,47.8333,0,363553,0,9.38631e+07,363553,363553.0
12/30/2006 22:00,12,30,6,22,0,0,48.1667,0,794575,0,9.38635e+07,2.33535e+06,794575.0
12/30/2006 23:00,12,30,6,23,0,-0.35,51.9167,0,1.68019e+06,0,9.52027e+07,1.68019e+06,1680190.0
12/31/2006 00:00,12,31,0,0,0,-0.891667,57.5,0,1.36618e+06,0,9.45333e+07,1.36618e+06,1366180.0
12/31/2006 01:00,12,31,0,1,0,-1.1,58.25,0,2.11552e+06,0,8.19005e+07,3.65613e+06,2115520.0
12/31/2006 02:00,12,31,0,2,0,-1.45,60.5,0,1.95552e+06,0,8.12312e+07,1.95552e+06,1955520.0
12/31/2006 03:00,12,31,0,3,0,-1.7,63,0,7.71789e+06,0,9.27888e+07,7.71789e+06,7717890.0
12/31/2006 04:00,12,31,0,4,0,-1.35,61.25,0,7.5868e+06,0,9.06924e+07,9.12758e+06,7586800.0
12/31/2006 05:00,12,31,0,5,0,-1.1,63.5,0,1.45359e+07,0,9.73244e+07,2.58656e+07,14535900.0
12/31/2006 06:00,12,31,0,6,0,-1.1,59,0,1.25871e+07,0,9.62569e+07,2.08933e+07,12587100.0
12/31/2006 07:00,12,31,0,7,0,-1.1,61,0,1.65005e+07,0,1.18045e+08,2.40098e+07,16500500.0
12/31/2006 08:00,12,31,0,8,0,-0.808333,66,0,1.30323e+07,0,9.48066e+07,2.06292e+07,13032300.0
12/31/2006 09:00,12,31,0,9,0,-0.25,59,0,8.7761e+06,0,6.86884e+07,1.83275e+07,8776100.0
12/31/2006 10:00,12,31,0,10,0,1.28333,50.5,0,1.68744e+06,0,6.07154e+07,9.70527e+06,1687440.0
12/31/2006 11:00,12,31,0,11,0,2.84167,47.4167,0,1.28095e+06,0,5.96151e+07,1.05307e+07,1280950.0
12/31/2006 12:00,12,31,0,12,0,3.65,45.8333,0,2.06559e+06,0,6.00938e+07,1.18229e+07,2065590.0
12/31/2006 13:00,12,31,0,13,0,4.54167,44.4167,0,89746.5,0,5.90332e+07,9.96889e+06,89746.5
12/31/2006 14:00,12,31,0,14,0,4.65,49.25,0,639090,0,5.91929e+07,1.07384e+07,639090.0
12/31/2006 15:00,12,31,0,15,0,4.10833,60.5833,0,1.24179e+06,0,6.08789e+07,1.1041e+07,1241790.0
12/31/2006 16:00,12,31,0,16,0,3.55,71.25,0,2.77638e+06,0,6.24697e+07,1.12694e+07,2776380.0
12/31/2006 17:00,12,31,0,17,0,3.3,77.3333,0,5.72242e+06,0,7.99772e+07,1.4421e+07,5722420.0
12/31/2006 18:00,12,31,0,18,0,3.00833,84.8333,0,2.16387e+07,0,1.1147e+08,2.91514e+07,21638700.0
12/31/2006 19:00,12,31,0,19,0,2.45,90.75,0,3.24962e+07,0,1.10585e+08,3.98901e+07,32496200.0
12/31/2006 20:00,12,31,0,20,0,1.90833,94.3333,0,6.26776e+07,0,1.08512e+08,6.63286e+07,62677600.0
12/31/2006 21:00,12,31,0,21,0,1.7,96,0,6.20977e+07,0,1.1111e+08,6.20977e+07,62097700.0
12/31/2006 22:00,12,31,0,22,0,1.99167,96,0,5.78461e+07,0,1.08493e+08,5.78461e+07,57846100.0
12/31/2006 23:00,12,31,0,23,0,2.2,96,0,5.46695e+07,0,1.1112e+08,5.62103e+07,54669500.0
01/01/2007 00:00,1,1,1,0,0,2.2,96,0,5.80061e+07,0,1.08513e+08,5.80061e+07,58006100.0
